{"customer_id": "C3", "basket": [{"product_id": "P48", "price": 1950}, {"product_id": "P59", "price": 1231}, {"product_id": "P58", "price": 826}], "date_of_purchase": "2019-01-21 20:56:00"}
{"customer_id": "C4", "basket": [{"product_id": "P63", "price": 636}, {"product_id": "P63", "price": 127}, {"product_id": "P63", "price": 478}], "date_of_purchase": "2019-01-21 08:02:00"}
{"customer_id": "C8", "basket": [{"product_id": "P64", "price": 644}, {"product_id": "P63", "price": 770}, {"product_id": "P64", "price": 1243}], "date_of_purchase": "2019-01-21 06:00:00"}
{"customer_id": "C15", "basket": [{"product_id": "P35", "price": 1737}, {"product_id": "P36", "price": 914}, {"product_id": "P40", "price": 995}], "date_of_purchase": "2019-01-21 22:27:00"}
{"customer_id": "C19", "basket": [{"product_id": "P29", "price": 786}], "date_of_purchase": "2019-01-21 11:46:00"}
{"customer_id": "C24", "basket": [{"product_id": "P57", "price": 1981}, {"product_id": "P44", "price": 1871}, {"product_id": "P51", "price": 1174}], "date_of_purchase": "2019-01-21 19:00:00"}
{"customer_id": "C26", "basket": [{"product_id": "P38", "price": 909}, {"product_id": "P37", "price": 1529}, {"product_id": "P39", "price": 1219}], "date_of_purchase": "2019-01-21 07:33:00"}
{"customer_id": "C33", "basket": [{"product_id": "P11", "price": 1466}, {"product_id": "P04", "price": 182}], "date_of_purchase": "2019-01-21 04:49:00"}
{"customer_id": "C47", "basket": [{"product_id": "P39", "price": 1264}, {"product_id": "P40", "price": 1856}], "date_of_purchase": "2019-01-21 04:13:00"}
{"customer_id": "C48", "basket": [{"product_id": "P37", "price": 459}, {"product_id": "P38", "price": 1844}, {"product_id": "P38", "price": 937}], "date_of_purchase": "2019-01-21 05:02:00"}
{"customer_id": "C53", "basket": [{"product_id": "P40", "price": 1338}, {"product_id": "P37", "price": 288}], "date_of_purchase": "2019-01-21 20:31:00"}
{"customer_id": "C62", "basket": [{"product_id": "P34", "price": 1024}, {"product_id": "P29", "price": 658}], "date_of_purchase": "2019-01-21 19:57:00"}
{"customer_id": "C81", "basket": [{"product_id": "P25", "price": 613}, {"product_id": "P31", "price": 1872}, {"product_id": "P23", "price": 302}], "date_of_purchase": "2019-01-21 16:50:00"}
{"customer_id": "C92", "basket": [{"product_id": "P35", "price": 1444}], "date_of_purchase": "2019-01-21 15:14:00"}
{"customer_id": "C94", "basket": [{"product_id": "P37", "price": 869}], "date_of_purchase": "2019-01-21 03:29:00"}
{"customer_id": "C107", "basket": [{"product_id": "P55", "price": 4}], "date_of_purchase": "2019-01-21 03:07:00"}
{"customer_id": "C111", "basket": [{"product_id": "P27", "price": 820}, {"product_id": "P31", "price": 162}, {"product_id": "P27", "price": 1289}], "date_of_purchase": "2019-01-21 05:13:00"}
{"customer_id": "C113", "basket": [{"product_id": "P62", "price": 799}, {"product_id": "P64", "price": 1499}, {"product_id": "P62", "price": 53}], "date_of_purchase": "2019-01-21 22:58:00"}
{"customer_id": "C124", "basket": [{"product_id": "P37", "price": 438}, {"product_id": "P37", "price": 295}], "date_of_purchase": "2019-01-21 13:48:00"}
{"customer_id": "C129", "basket": [{"product_id": "P61", "price": 910}, {"product_id": "P63", "price": 550}], "date_of_purchase": "2019-01-21 18:41:00"}
{"customer_id": "C131", "basket": [{"product_id": "P64", "price": 1497}], "date_of_purchase": "2019-01-21 15:21:00"}
{"customer_id": "C134", "basket": [{"product_id": "P25", "price": 545}, {"product_id": "P26", "price": 837}], "date_of_purchase": "2019-01-21 10:31:00"}
