customer_id,basket,date_of_purchase
C3,"[{'product_id': 'P48', 'price': 1950}, {'product_id': 'P59', 'price': 1231}, {'product_id': 'P58', 'price': 826}]",2019-01-21 20:56:00
C4,"[{'product_id': 'P63', 'price': 636}, {'product_id': 'P63', 'price': 127}, {'product_id': 'P63', 'price': 478}]",2019-01-21 08:02:00
C8,"[{'product_id': 'P64', 'price': 644}, {'product_id': 'P63', 'price': 770}, {'product_id': 'P64', 'price': 1243}]",2019-01-21 06:00:00
C15,"[{'product_id': 'P35', 'price': 1737}, {'product_id': 'P36', 'price': 914}, {'product_id': 'P40', 'price': 995}]",2019-01-21 22:27:00
C19,"[{'product_id': 'P29', 'price': 786}]",2019-01-21 11:46:00
C24,"[{'product_id': 'P57', 'price': 1981}, {'product_id': 'P44', 'price': 1871}, {'product_id': 'P51', 'price': 1174}]",2019-01-21 19:00:00
C26,"[{'product_id': 'P38', 'price': 909}, {'product_id': 'P37', 'price': 1529}, {'product_id': 'P39', 'price': 1219}]",2019-01-21 07:33:00
C33,"[{'product_id': 'P11', 'price': 1466}, {'product_id': 'P04', 'price': 182}]",2019-01-21 04:49:00
C47,"[{'product_id': 'P39', 'price': 1264}, {'product_id': 'P40', 'price': 1856}]",2019-01-21 04:13:00
C48,"[{'product_id': 'P37', 'price': 459}, {'product_id': 'P38', 'price': 1844}, {'product_id': 'P38', 'price': 937}]",2019-01-21 05:02:00
C53,"[{'product_id': 'P40', 'price': 1338}, {'product_id': 'P37', 'price': 288}]",2019-01-21 20:31:00
C62,"[{'product_id': 'P34', 'price': 1024}, {'product_id': 'P29', 'price': 658}]",2019-01-21 19:57:00
C81,"[{'product_id': 'P25', 'price': 613}, {'product_id': 'P31', 'price': 1872}, {'product_id': 'P23', 'price': 302}]",2019-01-21 16:50:00
C92,"[{'product_id': 'P35', 'price': 1444}]",2019-01-21 15:14:00
C94,"[{'product_id': 'P37', 'price': 869}]",2019-01-21 03:29:00
C107,"[{'product_id': 'P55', 'price': 4}]",2019-01-21 03:07:00
C111,"[{'product_id': 'P27', 'price': 820}, {'product_id': 'P31', 'price': 162}, {'product_id': 'P27', 'price': 1289}]",2019-01-21 05:13:00
C113,"[{'product_id': 'P62', 'price': 799}, {'product_id': 'P64', 'price': 1499}, {'product_id': 'P62', 'price': 53}]",2019-01-21 22:58:00
C124,"[{'product_id': 'P37', 'price': 438}, {'product_id': 'P37', 'price': 295}]",2019-01-21 13:48:00
C129,"[{'product_id': 'P61', 'price': 910}, {'product_id': 'P63', 'price': 550}]",2019-01-21 18:41:00
C131,"[{'product_id': 'P64', 'price': 1497}]",2019-01-21 15:21:00
C134,"[{'product_id': 'P25', 'price': 545}, {'product_id': 'P26', 'price': 837}]",2019-01-21 10:31:00
