customer_id,basket,date_of_purchase
C4,"[{'product_id': 'P52', 'price': 1476}]",2019-01-16 08:45:00
C7,"[{'product_id': 'P30', 'price': 1621}]",2019-01-16 21:18:00
C8,"[{'product_id': 'P59', 'price': 182}, {'product_id': 'P57', 'price': 497}, {'product_id': 'P52', 'price': 367}]",2019-01-16 09:27:00
C9,"[{'product_id': 'P36', 'price': 648}, {'product_id': 'P40', 'price': 771}, {'product_id': 'P36', 'price': 1994}]",2019-01-16 23:01:00
C20,"[{'product_id': 'P38', 'price': 1915}, {'product_id': 'P37', 'price': 14}, {'product_id': 'P35', 'price': 527}]",2019-01-16 18:27:00
C30,"[{'product_id': 'P05', 'price': 1768}, {'product_id': 'P06', 'price': 1586}]",2019-01-16 14:40:00
C32,"[{'product_id': 'P26', 'price': 1632}]",2019-01-16 13:09:00
C40,"[{'product_id': 'P02', 'price': 109}, {'product_id': 'P06', 'price': 224}]",2019-01-16 10:49:00
C41,"[{'product_id': 'P41', 'price': 201}, {'product_id': 'P51', 'price': 1658}, {'product_id': 'P47', 'price': 913}]",2019-01-16 07:49:00
C47,"[{'product_id': 'P36', 'price': 1412}, {'product_id': 'P35', 'price': 1287}, {'product_id': 'P39', 'price': 1567}]",2019-01-16 22:50:00
C51,"[{'product_id': 'P12', 'price': 252}, {'product_id': 'P11', 'price': 1449}]",2019-01-16 23:02:00
C58,"[{'product_id': 'P25', 'price': 1999}, {'product_id': 'P30', 'price': 1561}, {'product_id': 'P30', 'price': 1287}]",2019-01-16 06:50:00
C65,"[{'product_id': 'P56', 'price': 210}, {'product_id': 'P58', 'price': 218}]",2019-01-16 06:38:00
C76,"[{'product_id': 'P61', 'price': 904}, {'product_id': 'P62', 'price': 1315}]",2019-01-16 12:23:00
C79,"[{'product_id': 'P01', 'price': 1853}, {'product_id': 'P09', 'price': 1551}]",2019-01-16 21:24:00
C82,"[{'product_id': 'P31', 'price': 1663}, {'product_id': 'P24', 'price': 456}]",2019-01-16 18:02:00
C93,"[{'product_id': 'P50', 'price': 1949}, {'product_id': 'P56', 'price': 243}]",2019-01-16 16:32:00
C101,"[{'product_id': 'P61', 'price': 1654}, {'product_id': 'P62', 'price': 462}, {'product_id': 'P63', 'price': 392}]",2019-01-16 07:14:00
C106,"[{'product_id': 'P08', 'price': 1099}, {'product_id': 'P12', 'price': 641}]",2019-01-16 17:56:00
C107,"[{'product_id': 'P57', 'price': 456}, {'product_id': 'P49', 'price': 1280}]",2019-01-16 21:14:00
C108,"[{'product_id': 'P31', 'price': 492}, {'product_id': 'P27', 'price': 901}, {'product_id': 'P28', 'price': 903}]",2019-01-16 17:38:00
C114,"[{'product_id': 'P49', 'price': 1708}, {'product_id': 'P54', 'price': 1399}, {'product_id': 'P44', 'price': 150}]",2019-01-16 06:42:00
C115,"[{'product_id': 'P44', 'price': 50}]",2019-01-16 10:16:00
C125,"[{'product_id': 'P58', 'price': 1889}, {'product_id': 'P41', 'price': 1812}]",2019-01-16 04:59:00
C130,"[{'product_id': 'P50', 'price': 1760}, {'product_id': 'P50', 'price': 972}, {'product_id': 'P53', 'price': 1079}]",2019-01-16 17:47:00
C131,"[{'product_id': 'P32', 'price': 1642}, {'product_id': 'P23', 'price': 1607}, {'product_id': 'P28', 'price': 1665}]",2019-01-16 15:08:00
