{"customer_id": "C4", "basket": [{"product_id": "P52", "price": 1476}], "date_of_purchase": "2019-01-16 08:45:00"}
{"customer_id": "C7", "basket": [{"product_id": "P30", "price": 1621}], "date_of_purchase": "2019-01-16 21:18:00"}
{"customer_id": "C8", "basket": [{"product_id": "P59", "price": 182}, {"product_id": "P57", "price": 497}, {"product_id": "P52", "price": 367}], "date_of_purchase": "2019-01-16 09:27:00"}
{"customer_id": "C9", "basket": [{"product_id": "P36", "price": 648}, {"product_id": "P40", "price": 771}, {"product_id": "P36", "price": 1994}], "date_of_purchase": "2019-01-16 23:01:00"}
{"customer_id": "C20", "basket": [{"product_id": "P38", "price": 1915}, {"product_id": "P37", "price": 14}, {"product_id": "P35", "price": 527}], "date_of_purchase": "2019-01-16 18:27:00"}
{"customer_id": "C30", "basket": [{"product_id": "P05", "price": 1768}, {"product_id": "P06", "price": 1586}], "date_of_purchase": "2019-01-16 14:40:00"}
{"customer_id": "C32", "basket": [{"product_id": "P26", "price": 1632}], "date_of_purchase": "2019-01-16 13:09:00"}
{"customer_id": "C40", "basket": [{"product_id": "P02", "price": 109}, {"product_id": "P06", "price": 224}], "date_of_purchase": "2019-01-16 10:49:00"}
{"customer_id": "C41", "basket": [{"product_id": "P41", "price": 201}, {"product_id": "P51", "price": 1658}, {"product_id": "P47", "price": 913}], "date_of_purchase": "2019-01-16 07:49:00"}
{"customer_id": "C47", "basket": [{"product_id": "P36", "price": 1412}, {"product_id": "P35", "price": 1287}, {"product_id": "P39", "price": 1567}], "date_of_purchase": "2019-01-16 22:50:00"}
{"customer_id": "C51", "basket": [{"product_id": "P12", "price": 252}, {"product_id": "P11", "price": 1449}], "date_of_purchase": "2019-01-16 23:02:00"}
{"customer_id": "C58", "basket": [{"product_id": "P25", "price": 1999}, {"product_id": "P30", "price": 1561}, {"product_id": "P30", "price": 1287}], "date_of_purchase": "2019-01-16 06:50:00"}
{"customer_id": "C65", "basket": [{"product_id": "P56", "price": 210}, {"product_id": "P58", "price": 218}], "date_of_purchase": "2019-01-16 06:38:00"}
{"customer_id": "C76", "basket": [{"product_id": "P61", "price": 904}, {"product_id": "P62", "price": 1315}], "date_of_purchase": "2019-01-16 12:23:00"}
{"customer_id": "C79", "basket": [{"product_id": "P01", "price": 1853}, {"product_id": "P09", "price": 1551}], "date_of_purchase": "2019-01-16 21:24:00"}
{"customer_id": "C82", "basket": [{"product_id": "P31", "price": 1663}, {"product_id": "P24", "price": 456}], "date_of_purchase": "2019-01-16 18:02:00"}
{"customer_id": "C93", "basket": [{"product_id": "P50", "price": 1949}, {"product_id": "P56", "price": 243}], "date_of_purchase": "2019-01-16 16:32:00"}
{"customer_id": "C101", "basket": [{"product_id": "P61", "price": 1654}, {"product_id": "P62", "price": 462}, {"product_id": "P63", "price": 392}], "date_of_purchase": "2019-01-16 07:14:00"}
{"customer_id": "C106", "basket": [{"product_id": "P08", "price": 1099}, {"product_id": "P12", "price": 641}], "date_of_purchase": "2019-01-16 17:56:00"}
{"customer_id": "C107", "basket": [{"product_id": "P57", "price": 456}, {"product_id": "P49", "price": 1280}], "date_of_purchase": "2019-01-16 21:14:00"}
{"customer_id": "C108", "basket": [{"product_id": "P31", "price": 492}, {"product_id": "P27", "price": 901}, {"product_id": "P28", "price": 903}], "date_of_purchase": "2019-01-16 17:38:00"}
{"customer_id": "C114", "basket": [{"product_id": "P49", "price": 1708}, {"product_id": "P54", "price": 1399}, {"product_id": "P44", "price": 150}], "date_of_purchase": "2019-01-16 06:42:00"}
{"customer_id": "C115", "basket": [{"product_id": "P44", "price": 50}], "date_of_purchase": "2019-01-16 10:16:00"}
{"customer_id": "C125", "basket": [{"product_id": "P58", "price": 1889}, {"product_id": "P41", "price": 1812}], "date_of_purchase": "2019-01-16 04:59:00"}
{"customer_id": "C130", "basket": [{"product_id": "P50", "price": 1760}, {"product_id": "P50", "price": 972}, {"product_id": "P53", "price": 1079}], "date_of_purchase": "2019-01-16 17:47:00"}
{"customer_id": "C131", "basket": [{"product_id": "P32", "price": 1642}, {"product_id": "P23", "price": 1607}, {"product_id": "P28", "price": 1665}], "date_of_purchase": "2019-01-16 15:08:00"}
