{"customer_id": "C11", "basket": [{"product_id": "P39", "price": 1178}, {"product_id": "P38", "price": 1069}, {"product_id": "P36", "price": 1164}], "date_of_purchase": "2019-01-05 21:25:00"}
{"customer_id": "C15", "basket": [{"product_id": "P36", "price": 1295}, {"product_id": "P39", "price": 126}], "date_of_purchase": "2019-01-05 21:11:00"}
{"customer_id": "C20", "basket": [{"product_id": "P35", "price": 375}], "date_of_purchase": "2019-01-05 12:38:00"}
{"customer_id": "C24", "basket": [{"product_id": "P36", "price": 1531}, {"product_id": "P37", "price": 1913}], "date_of_purchase": "2019-01-05 23:04:00"}
{"customer_id": "C27", "basket": [{"product_id": "P23", "price": 1489}, {"product_id": "P33", "price": 144}, {"product_id": "P33", "price": 1786}], "date_of_purchase": "2019-01-05 10:16:00"}
{"customer_id": "C35", "basket": [{"product_id": "P28", "price": 1585}], "date_of_purchase": "2019-01-05 18:19:00"}
{"customer_id": "C36", "basket": [{"product_id": "P13", "price": 725}, {"product_id": "P16", "price": 1140}], "date_of_purchase": "2019-01-05 04:10:00"}
{"customer_id": "C37", "basket": [{"product_id": "P51", "price": 1516}], "date_of_purchase": "2019-01-05 22:39:00"}
{"customer_id": "C40", "basket": [{"product_id": "P07", "price": 135}, {"product_id": "P12", "price": 531}, {"product_id": "P02", "price": 1870}], "date_of_purchase": "2019-01-05 23:00:00"}
{"customer_id": "C63", "basket": [{"product_id": "P35", "price": 1811}, {"product_id": "P36", "price": 1075}, {"product_id": "P36", "price": 279}], "date_of_purchase": "2019-01-05 06:15:00"}
{"customer_id": "C64", "basket": [{"product_id": "P26", "price": 182}, {"product_id": "P32", "price": 1608}], "date_of_purchase": "2019-01-05 11:44:00"}
{"customer_id": "C71", "basket": [{"product_id": "P18", "price": 1439}, {"product_id": "P21", "price": 811}], "date_of_purchase": "2019-01-05 14:43:00"}
{"customer_id": "C93", "basket": [{"product_id": "P51", "price": 865}, {"product_id": "P48", "price": 496}], "date_of_purchase": "2019-01-05 03:44:00"}
{"customer_id": "C103", "basket": [{"product_id": "P07", "price": 753}, {"product_id": "P03", "price": 831}], "date_of_purchase": "2019-01-05 06:48:00"}
{"customer_id": "C105", "basket": [{"product_id": "P07", "price": 1518}, {"product_id": "P09", "price": 902}], "date_of_purchase": "2019-01-05 14:25:00"}
{"customer_id": "C106", "basket": [{"product_id": "P29", "price": 8}, {"product_id": "P22", "price": 1252}], "date_of_purchase": "2019-01-05 11:38:00"}
{"customer_id": "C129", "basket": [{"product_id": "P23", "price": 1470}, {"product_id": "P24", "price": 728}, {"product_id": "P24", "price": 1382}], "date_of_purchase": "2019-01-05 05:04:00"}
{"customer_id": "C131", "basket": [{"product_id": "P23", "price": 220}], "date_of_purchase": "2019-01-05 16:26:00"}
