customer_id,basket,date_of_purchase
C11,"[{'product_id': 'P39', 'price': 1178}, {'product_id': 'P38', 'price': 1069}, {'product_id': 'P36', 'price': 1164}]",2019-01-05 21:25:00
C15,"[{'product_id': 'P36', 'price': 1295}, {'product_id': 'P39', 'price': 126}]",2019-01-05 21:11:00
C20,"[{'product_id': 'P35', 'price': 375}]",2019-01-05 12:38:00
C24,"[{'product_id': 'P36', 'price': 1531}, {'product_id': 'P37', 'price': 1913}]",2019-01-05 23:04:00
C27,"[{'product_id': 'P23', 'price': 1489}, {'product_id': 'P33', 'price': 144}, {'product_id': 'P33', 'price': 1786}]",2019-01-05 10:16:00
C35,"[{'product_id': 'P28', 'price': 1585}]",2019-01-05 18:19:00
C36,"[{'product_id': 'P13', 'price': 725}, {'product_id': 'P16', 'price': 1140}]",2019-01-05 04:10:00
C37,"[{'product_id': 'P51', 'price': 1516}]",2019-01-05 22:39:00
C40,"[{'product_id': 'P07', 'price': 135}, {'product_id': 'P12', 'price': 531}, {'product_id': 'P02', 'price': 1870}]",2019-01-05 23:00:00
C63,"[{'product_id': 'P35', 'price': 1811}, {'product_id': 'P36', 'price': 1075}, {'product_id': 'P36', 'price': 279}]",2019-01-05 06:15:00
C64,"[{'product_id': 'P26', 'price': 182}, {'product_id': 'P32', 'price': 1608}]",2019-01-05 11:44:00
C71,"[{'product_id': 'P18', 'price': 1439}, {'product_id': 'P21', 'price': 811}]",2019-01-05 14:43:00
C93,"[{'product_id': 'P51', 'price': 865}, {'product_id': 'P48', 'price': 496}]",2019-01-05 03:44:00
C103,"[{'product_id': 'P07', 'price': 753}, {'product_id': 'P03', 'price': 831}]",2019-01-05 06:48:00
C105,"[{'product_id': 'P07', 'price': 1518}, {'product_id': 'P09', 'price': 902}]",2019-01-05 14:25:00
C106,"[{'product_id': 'P29', 'price': 8}, {'product_id': 'P22', 'price': 1252}]",2019-01-05 11:38:00
C129,"[{'product_id': 'P23', 'price': 1470}, {'product_id': 'P24', 'price': 728}, {'product_id': 'P24', 'price': 1382}]",2019-01-05 05:04:00
C131,"[{'product_id': 'P23', 'price': 220}]",2019-01-05 16:26:00
