customer_id,basket,date_of_purchase
C2,"[{'product_id': 'P44', 'price': 1401}, {'product_id': 'P57', 'price': 1090}]",2018-12-20 14:45:00
C4,"[{'product_id': 'P49', 'price': 1095}, {'product_id': 'P50', 'price': 690}, {'product_id': 'P57', 'price': 1395}]",2018-12-20 22:55:00
C8,"[{'product_id': 'P63', 'price': 1338}]",2018-12-20 22:43:00
C18,"[{'product_id': 'P40', 'price': 342}, {'product_id': 'P37', 'price': 1585}, {'product_id': 'P35', 'price': 480}]",2018-12-20 04:04:00
C26,"[{'product_id': 'P07', 'price': 1254}]",2018-12-20 09:09:00
C32,"[{'product_id': 'P25', 'price': 1095}]",2018-12-20 05:21:00
C40,"[{'product_id': 'P10', 'price': 1017}]",2018-12-20 21:09:00
C41,"[{'product_id': 'P01', 'price': 1687}, {'product_id': 'P06', 'price': 1294}, {'product_id': 'P08', 'price': 167}]",2018-12-20 23:13:00
C48,"[{'product_id': 'P40', 'price': 600}, {'product_id': 'P39', 'price': 73}]",2018-12-20 14:59:00
C51,"[{'product_id': 'P10', 'price': 1894}, {'product_id': 'P01', 'price': 701}, {'product_id': 'P05', 'price': 399}]",2018-12-20 03:47:00
C76,"[{'product_id': 'P61', 'price': 1945}]",2018-12-20 17:02:00
C87,"[{'product_id': 'P06', 'price': 1554}]",2018-12-20 06:43:00
C89,"[{'product_id': 'P12', 'price': 1061}, {'product_id': 'P10', 'price': 871}, {'product_id': 'P07', 'price': 679}]",2018-12-20 17:00:00
C95,"[{'product_id': 'P49', 'price': 1241}]",2018-12-20 09:20:00
C106,"[{'product_id': 'P33', 'price': 465}, {'product_id': 'P32', 'price': 1123}, {'product_id': 'P25', 'price': 1190}]",2018-12-20 15:43:00
C112,"[{'product_id': 'P23', 'price': 62}]",2018-12-20 16:06:00
C114,"[{'product_id': 'P58', 'price': 2}, {'product_id': 'P52', 'price': 1781}, {'product_id': 'P47', 'price': 522}]",2018-12-20 16:44:00
C115,"[{'product_id': 'P19', 'price': 889}]",2018-12-20 09:39:00
C121,"[{'product_id': 'P09', 'price': 124}]",2018-12-20 22:24:00
C122,"[{'product_id': 'P19', 'price': 386}, {'product_id': 'P21', 'price': 1371}, {'product_id': 'P14', 'price': 1689}]",2018-12-20 11:22:00
C128,"[{'product_id': 'P40', 'price': 1870}, {'product_id': 'P36', 'price': 1413}, {'product_id': 'P36', 'price': 1860}]",2018-12-20 09:59:00
C129,"[{'product_id': 'P23', 'price': 743}, {'product_id': 'P34', 'price': 259}, {'product_id': 'P29', 'price': 1115}]",2018-12-20 23:51:00
C130,"[{'product_id': 'P56', 'price': 391}]",2018-12-20 04:06:00
C134,"[{'product_id': 'P56', 'price': 1187}, {'product_id': 'P53', 'price': 233}]",2018-12-20 09:38:00
C137,"[{'product_id': 'P03', 'price': 488}, {'product_id': 'P02', 'price': 963}]",2018-12-20 20:31:00
