{"customer_id": "C2", "basket": [{"product_id": "P44", "price": 1401}, {"product_id": "P57", "price": 1090}], "date_of_purchase": "2018-12-20 14:45:00"}
{"customer_id": "C4", "basket": [{"product_id": "P49", "price": 1095}, {"product_id": "P50", "price": 690}, {"product_id": "P57", "price": 1395}], "date_of_purchase": "2018-12-20 22:55:00"}
{"customer_id": "C8", "basket": [{"product_id": "P63", "price": 1338}], "date_of_purchase": "2018-12-20 22:43:00"}
{"customer_id": "C18", "basket": [{"product_id": "P40", "price": 342}, {"product_id": "P37", "price": 1585}, {"product_id": "P35", "price": 480}], "date_of_purchase": "2018-12-20 04:04:00"}
{"customer_id": "C26", "basket": [{"product_id": "P07", "price": 1254}], "date_of_purchase": "2018-12-20 09:09:00"}
{"customer_id": "C32", "basket": [{"product_id": "P25", "price": 1095}], "date_of_purchase": "2018-12-20 05:21:00"}
{"customer_id": "C40", "basket": [{"product_id": "P10", "price": 1017}], "date_of_purchase": "2018-12-20 21:09:00"}
{"customer_id": "C41", "basket": [{"product_id": "P01", "price": 1687}, {"product_id": "P06", "price": 1294}, {"product_id": "P08", "price": 167}], "date_of_purchase": "2018-12-20 23:13:00"}
{"customer_id": "C48", "basket": [{"product_id": "P40", "price": 600}, {"product_id": "P39", "price": 73}], "date_of_purchase": "2018-12-20 14:59:00"}
{"customer_id": "C51", "basket": [{"product_id": "P10", "price": 1894}, {"product_id": "P01", "price": 701}, {"product_id": "P05", "price": 399}], "date_of_purchase": "2018-12-20 03:47:00"}
{"customer_id": "C76", "basket": [{"product_id": "P61", "price": 1945}], "date_of_purchase": "2018-12-20 17:02:00"}
{"customer_id": "C87", "basket": [{"product_id": "P06", "price": 1554}], "date_of_purchase": "2018-12-20 06:43:00"}
{"customer_id": "C89", "basket": [{"product_id": "P12", "price": 1061}, {"product_id": "P10", "price": 871}, {"product_id": "P07", "price": 679}], "date_of_purchase": "2018-12-20 17:00:00"}
{"customer_id": "C95", "basket": [{"product_id": "P49", "price": 1241}], "date_of_purchase": "2018-12-20 09:20:00"}
{"customer_id": "C106", "basket": [{"product_id": "P33", "price": 465}, {"product_id": "P32", "price": 1123}, {"product_id": "P25", "price": 1190}], "date_of_purchase": "2018-12-20 15:43:00"}
{"customer_id": "C112", "basket": [{"product_id": "P23", "price": 62}], "date_of_purchase": "2018-12-20 16:06:00"}
{"customer_id": "C114", "basket": [{"product_id": "P58", "price": 2}, {"product_id": "P52", "price": 1781}, {"product_id": "P47", "price": 522}], "date_of_purchase": "2018-12-20 16:44:00"}
{"customer_id": "C115", "basket": [{"product_id": "P19", "price": 889}], "date_of_purchase": "2018-12-20 09:39:00"}
{"customer_id": "C121", "basket": [{"product_id": "P09", "price": 124}], "date_of_purchase": "2018-12-20 22:24:00"}
{"customer_id": "C122", "basket": [{"product_id": "P19", "price": 386}, {"product_id": "P21", "price": 1371}, {"product_id": "P14", "price": 1689}], "date_of_purchase": "2018-12-20 11:22:00"}
{"customer_id": "C128", "basket": [{"product_id": "P40", "price": 1870}, {"product_id": "P36", "price": 1413}, {"product_id": "P36", "price": 1860}], "date_of_purchase": "2018-12-20 09:59:00"}
{"customer_id": "C129", "basket": [{"product_id": "P23", "price": 743}, {"product_id": "P34", "price": 259}, {"product_id": "P29", "price": 1115}], "date_of_purchase": "2018-12-20 23:51:00"}
{"customer_id": "C130", "basket": [{"product_id": "P56", "price": 391}], "date_of_purchase": "2018-12-20 04:06:00"}
{"customer_id": "C134", "basket": [{"product_id": "P56", "price": 1187}, {"product_id": "P53", "price": 233}], "date_of_purchase": "2018-12-20 09:38:00"}
{"customer_id": "C137", "basket": [{"product_id": "P03", "price": 488}, {"product_id": "P02", "price": 963}], "date_of_purchase": "2018-12-20 20:31:00"}
