{"customer_id": "C3", "basket": [{"product_id": "P38", "price": 151}], "date_of_purchase": "2019-01-28 18:42:00"}
{"customer_id": "C5", "basket": [{"product_id": "P28", "price": 244}], "date_of_purchase": "2019-01-28 10:44:00"}
{"customer_id": "C6", "basket": [{"product_id": "P25", "price": 457}], "date_of_purchase": "2019-01-28 20:32:00"}
{"customer_id": "C7", "basket": [{"product_id": "P34", "price": 380}, {"product_id": "P24", "price": 892}], "date_of_purchase": "2019-01-28 07:10:00"}
{"customer_id": "C16", "basket": [{"product_id": "P39", "price": 1981}, {"product_id": "P37", "price": 926}], "date_of_purchase": "2019-01-28 03:17:00"}
{"customer_id": "C19", "basket": [{"product_id": "P28", "price": 109}], "date_of_purchase": "2019-01-28 05:00:00"}
{"customer_id": "C23", "basket": [{"product_id": "P23", "price": 1162}], "date_of_purchase": "2019-01-28 15:32:00"}
{"customer_id": "C25", "basket": [{"product_id": "P23", "price": 509}], "date_of_purchase": "2019-01-28 03:02:00"}
{"customer_id": "C31", "basket": [{"product_id": "P35", "price": 489}, {"product_id": "P37", "price": 1906}, {"product_id": "P38", "price": 211}], "date_of_purchase": "2019-01-28 04:39:00"}
{"customer_id": "C41", "basket": [{"product_id": "P01", "price": 19}], "date_of_purchase": "2019-01-28 16:50:00"}
{"customer_id": "C44", "basket": [{"product_id": "P55", "price": 1364}, {"product_id": "P57", "price": 803}, {"product_id": "P42", "price": 472}], "date_of_purchase": "2019-01-28 14:51:00"}
{"customer_id": "C46", "basket": [{"product_id": "P23", "price": 383}, {"product_id": "P28", "price": 172}, {"product_id": "P25", "price": 1377}], "date_of_purchase": "2019-01-28 23:37:00"}
{"customer_id": "C47", "basket": [{"product_id": "P36", "price": 205}, {"product_id": "P38", "price": 66}, {"product_id": "P36", "price": 882}], "date_of_purchase": "2019-01-28 21:41:00"}
{"customer_id": "C48", "basket": [{"product_id": "P47", "price": 776}, {"product_id": "P41", "price": 395}, {"product_id": "P48", "price": 1984}], "date_of_purchase": "2019-01-28 11:04:00"}
{"customer_id": "C62", "basket": [{"product_id": "P14", "price": 1396}, {"product_id": "P20", "price": 1264}], "date_of_purchase": "2019-01-28 10:08:00"}
{"customer_id": "C65", "basket": [{"product_id": "P61", "price": 845}], "date_of_purchase": "2019-01-28 19:27:00"}
{"customer_id": "C66", "basket": [{"product_id": "P57", "price": 1205}, {"product_id": "P56", "price": 1758}, {"product_id": "P50", "price": 559}], "date_of_purchase": "2019-01-28 12:02:00"}
{"customer_id": "C71", "basket": [{"product_id": "P64", "price": 1349}], "date_of_purchase": "2019-01-28 12:20:00"}
{"customer_id": "C80", "basket": [{"product_id": "P39", "price": 606}], "date_of_purchase": "2019-01-28 12:37:00"}
{"customer_id": "C95", "basket": [{"product_id": "P41", "price": 831}], "date_of_purchase": "2019-01-28 13:30:00"}
{"customer_id": "C107", "basket": [{"product_id": "P47", "price": 153}], "date_of_purchase": "2019-01-28 13:47:00"}
{"customer_id": "C108", "basket": [{"product_id": "P39", "price": 201}, {"product_id": "P35", "price": 599}], "date_of_purchase": "2019-01-28 11:10:00"}
{"customer_id": "C113", "basket": [{"product_id": "P24", "price": 578}, {"product_id": "P27", "price": 1687}], "date_of_purchase": "2019-01-28 20:37:00"}
{"customer_id": "C118", "basket": [{"product_id": "P59", "price": 1551}, {"product_id": "P43", "price": 1823}, {"product_id": "P47", "price": 1714}], "date_of_purchase": "2019-01-28 10:25:00"}
{"customer_id": "C121", "basket": [{"product_id": "P03", "price": 1310}, {"product_id": "P06", "price": 602}, {"product_id": "P06", "price": 216}], "date_of_purchase": "2019-01-28 15:19:00"}
{"customer_id": "C129", "basket": [{"product_id": "P64", "price": 1348}, {"product_id": "P63", "price": 1965}, {"product_id": "P63", "price": 1820}], "date_of_purchase": "2019-01-28 18:11:00"}
{"customer_id": "C132", "basket": [{"product_id": "P61", "price": 1561}, {"product_id": "P63", "price": 970}, {"product_id": "P64", "price": 1034}], "date_of_purchase": "2019-01-28 08:06:00"}
{"customer_id": "C133", "basket": [{"product_id": "P35", "price": 1693}, {"product_id": "P35", "price": 104}], "date_of_purchase": "2019-01-28 22:01:00"}
