customer_id,basket,date_of_purchase
C3,"[{'product_id': 'P38', 'price': 151}]",2019-01-28 18:42:00
C5,"[{'product_id': 'P28', 'price': 244}]",2019-01-28 10:44:00
C6,"[{'product_id': 'P25', 'price': 457}]",2019-01-28 20:32:00
C7,"[{'product_id': 'P34', 'price': 380}, {'product_id': 'P24', 'price': 892}]",2019-01-28 07:10:00
C16,"[{'product_id': 'P39', 'price': 1981}, {'product_id': 'P37', 'price': 926}]",2019-01-28 03:17:00
C19,"[{'product_id': 'P28', 'price': 109}]",2019-01-28 05:00:00
C23,"[{'product_id': 'P23', 'price': 1162}]",2019-01-28 15:32:00
C25,"[{'product_id': 'P23', 'price': 509}]",2019-01-28 03:02:00
C31,"[{'product_id': 'P35', 'price': 489}, {'product_id': 'P37', 'price': 1906}, {'product_id': 'P38', 'price': 211}]",2019-01-28 04:39:00
C41,"[{'product_id': 'P01', 'price': 19}]",2019-01-28 16:50:00
C44,"[{'product_id': 'P55', 'price': 1364}, {'product_id': 'P57', 'price': 803}, {'product_id': 'P42', 'price': 472}]",2019-01-28 14:51:00
C46,"[{'product_id': 'P23', 'price': 383}, {'product_id': 'P28', 'price': 172}, {'product_id': 'P25', 'price': 1377}]",2019-01-28 23:37:00
C47,"[{'product_id': 'P36', 'price': 205}, {'product_id': 'P38', 'price': 66}, {'product_id': 'P36', 'price': 882}]",2019-01-28 21:41:00
C48,"[{'product_id': 'P47', 'price': 776}, {'product_id': 'P41', 'price': 395}, {'product_id': 'P48', 'price': 1984}]",2019-01-28 11:04:00
C62,"[{'product_id': 'P14', 'price': 1396}, {'product_id': 'P20', 'price': 1264}]",2019-01-28 10:08:00
C65,"[{'product_id': 'P61', 'price': 845}]",2019-01-28 19:27:00
C66,"[{'product_id': 'P57', 'price': 1205}, {'product_id': 'P56', 'price': 1758}, {'product_id': 'P50', 'price': 559}]",2019-01-28 12:02:00
C71,"[{'product_id': 'P64', 'price': 1349}]",2019-01-28 12:20:00
C80,"[{'product_id': 'P39', 'price': 606}]",2019-01-28 12:37:00
C95,"[{'product_id': 'P41', 'price': 831}]",2019-01-28 13:30:00
C107,"[{'product_id': 'P47', 'price': 153}]",2019-01-28 13:47:00
C108,"[{'product_id': 'P39', 'price': 201}, {'product_id': 'P35', 'price': 599}]",2019-01-28 11:10:00
C113,"[{'product_id': 'P24', 'price': 578}, {'product_id': 'P27', 'price': 1687}]",2019-01-28 20:37:00
C118,"[{'product_id': 'P59', 'price': 1551}, {'product_id': 'P43', 'price': 1823}, {'product_id': 'P47', 'price': 1714}]",2019-01-28 10:25:00
C121,"[{'product_id': 'P03', 'price': 1310}, {'product_id': 'P06', 'price': 602}, {'product_id': 'P06', 'price': 216}]",2019-01-28 15:19:00
C129,"[{'product_id': 'P64', 'price': 1348}, {'product_id': 'P63', 'price': 1965}, {'product_id': 'P63', 'price': 1820}]",2019-01-28 18:11:00
C132,"[{'product_id': 'P61', 'price': 1561}, {'product_id': 'P63', 'price': 970}, {'product_id': 'P64', 'price': 1034}]",2019-01-28 08:06:00
C133,"[{'product_id': 'P35', 'price': 1693}, {'product_id': 'P35', 'price': 104}]",2019-01-28 22:01:00
