{"customer_id": "C8", "basket": [{"product_id": "P58", "price": 250}], "date_of_purchase": "2019-02-25 18:59:00"}
{"customer_id": "C12", "basket": [{"product_id": "P07", "price": 868}, {"product_id": "P10", "price": 163}], "date_of_purchase": "2019-02-25 20:52:00"}
{"customer_id": "C16", "basket": [{"product_id": "P46", "price": 1313}], "date_of_purchase": "2019-02-25 11:55:00"}
{"customer_id": "C17", "basket": [{"product_id": "P05", "price": 1346}], "date_of_purchase": "2019-02-25 03:04:00"}
{"customer_id": "C22", "basket": [{"product_id": "P43", "price": 1119}, {"product_id": "P57", "price": 873}], "date_of_purchase": "2019-02-25 06:27:00"}
{"customer_id": "C35", "basket": [{"product_id": "P28", "price": 1341}, {"product_id": "P23", "price": 1951}], "date_of_purchase": "2019-02-25 08:04:00"}
{"customer_id": "C39", "basket": [{"product_id": "P26", "price": 1776}, {"product_id": "P27", "price": 1986}], "date_of_purchase": "2019-02-25 11:41:00"}
{"customer_id": "C44", "basket": [{"product_id": "P47", "price": 1146}, {"product_id": "P41", "price": 383}, {"product_id": "P50", "price": 1338}], "date_of_purchase": "2019-02-25 19:52:00"}
{"customer_id": "C47", "basket": [{"product_id": "P38", "price": 1294}, {"product_id": "P35", "price": 1670}, {"product_id": "P35", "price": 1320}], "date_of_purchase": "2019-02-25 17:58:00"}
{"customer_id": "C48", "basket": [{"product_id": "P58", "price": 476}], "date_of_purchase": "2019-02-25 17:30:00"}
{"customer_id": "C65", "basket": [{"product_id": "P62", "price": 854}, {"product_id": "P62", "price": 280}, {"product_id": "P61", "price": 1164}], "date_of_purchase": "2019-02-25 06:29:00"}
{"customer_id": "C73", "basket": [{"product_id": "P38", "price": 1854}, {"product_id": "P40", "price": 1563}], "date_of_purchase": "2019-02-25 10:48:00"}
{"customer_id": "C78", "basket": [{"product_id": "P52", "price": 1046}, {"product_id": "P48", "price": 680}], "date_of_purchase": "2019-02-25 14:55:00"}
{"customer_id": "C91", "basket": [{"product_id": "P44", "price": 1883}], "date_of_purchase": "2019-02-25 10:21:00"}
{"customer_id": "C92", "basket": [{"product_id": "P62", "price": 324}, {"product_id": "P64", "price": 1590}, {"product_id": "P62", "price": 1521}], "date_of_purchase": "2019-02-25 10:54:00"}
{"customer_id": "C94", "basket": [{"product_id": "P35", "price": 561}], "date_of_purchase": "2019-02-25 11:43:00"}
{"customer_id": "C97", "basket": [{"product_id": "P40", "price": 1997}], "date_of_purchase": "2019-02-25 09:02:00"}
{"customer_id": "C98", "basket": [{"product_id": "P31", "price": 1439}, {"product_id": "P22", "price": 1635}], "date_of_purchase": "2019-02-25 23:43:00"}
{"customer_id": "C100", "basket": [{"product_id": "P34", "price": 1848}, {"product_id": "P28", "price": 1830}, {"product_id": "P27", "price": 1442}], "date_of_purchase": "2019-02-25 19:00:00"}
{"customer_id": "C101", "basket": [{"product_id": "P63", "price": 1243}, {"product_id": "P63", "price": 243}], "date_of_purchase": "2019-02-25 09:27:00"}
{"customer_id": "C105", "basket": [{"product_id": "P11", "price": 81}], "date_of_purchase": "2019-02-25 21:02:00"}
{"customer_id": "C106", "basket": [{"product_id": "P30", "price": 1842}], "date_of_purchase": "2019-02-25 03:51:00"}
{"customer_id": "C115", "basket": [{"product_id": "P16", "price": 1991}], "date_of_purchase": "2019-02-25 05:16:00"}
{"customer_id": "C118", "basket": [{"product_id": "P59", "price": 444}, {"product_id": "P54", "price": 968}], "date_of_purchase": "2019-02-25 04:25:00"}
{"customer_id": "C125", "basket": [{"product_id": "P50", "price": 964}], "date_of_purchase": "2019-02-25 12:28:00"}
{"customer_id": "C130", "basket": [{"product_id": "P31", "price": 982}], "date_of_purchase": "2019-02-25 18:00:00"}
{"customer_id": "C133", "basket": [{"product_id": "P53", "price": 901}], "date_of_purchase": "2019-02-25 16:21:00"}
