customer_id,basket,date_of_purchase
C5,"[{'product_id': 'P28', 'price': 347}, {'product_id': 'P27', 'price': 1969}]",2019-02-18 10:39:00
C8,"[{'product_id': 'P45', 'price': 1451}, {'product_id': 'P53', 'price': 609}]",2019-02-18 10:56:00
C13,"[{'product_id': 'P08', 'price': 966}, {'product_id': 'P05', 'price': 1837}, {'product_id': 'P08', 'price': 171}]",2019-02-18 06:01:00
C14,"[{'product_id': 'P51', 'price': 865}]",2019-02-18 08:47:00
C27,"[{'product_id': 'P22', 'price': 1996}, {'product_id': 'P27', 'price': 1705}]",2019-02-18 18:20:00
C30,"[{'product_id': 'P02', 'price': 695}]",2019-02-18 13:33:00
C41,"[{'product_id': 'P09', 'price': 735}]",2019-02-18 16:18:00
C47,"[{'product_id': 'P39', 'price': 59}, {'product_id': 'P37', 'price': 362}, {'product_id': 'P36', 'price': 464}]",2019-02-18 10:35:00
C53,"[{'product_id': 'P39', 'price': 1131}]",2019-02-18 20:06:00
C68,"[{'product_id': 'P33', 'price': 72}, {'product_id': 'P33', 'price': 286}]",2019-02-18 12:12:00
C85,"[{'product_id': 'P43', 'price': 1749}, {'product_id': 'P50', 'price': 295}]",2019-02-18 13:27:00
C90,"[{'product_id': 'P60', 'price': 930}, {'product_id': 'P52', 'price': 467}, {'product_id': 'P44', 'price': 1022}]",2019-02-18 15:02:00
C92,"[{'product_id': 'P40', 'price': 451}, {'product_id': 'P39', 'price': 1510}]",2019-02-18 13:45:00
C108,"[{'product_id': 'P22', 'price': 1002}, {'product_id': 'P30', 'price': 86}, {'product_id': 'P26', 'price': 785}]",2019-02-18 07:41:00
C110,"[{'product_id': 'P64', 'price': 618}, {'product_id': 'P62', 'price': 1477}]",2019-02-18 22:59:00
C123,"[{'product_id': 'P04', 'price': 390}, {'product_id': 'P07', 'price': 298}]",2019-02-18 23:35:00
C127,"[{'product_id': 'P12', 'price': 952}]",2019-02-18 06:32:00
C130,"[{'product_id': 'P23', 'price': 313}]",2019-02-18 04:37:00
C131,"[{'product_id': 'P55', 'price': 105}]",2019-02-18 15:04:00
C135,"[{'product_id': 'P53', 'price': 1361}, {'product_id': 'P59', 'price': 1864}, {'product_id': 'P43', 'price': 446}]",2019-02-18 20:18:00
C137,"[{'product_id': 'P04', 'price': 1560}]",2019-02-18 22:56:00
