{"customer_id": "C5", "basket": [{"product_id": "P28", "price": 347}, {"product_id": "P27", "price": 1969}], "date_of_purchase": "2019-02-18 10:39:00"}
{"customer_id": "C8", "basket": [{"product_id": "P45", "price": 1451}, {"product_id": "P53", "price": 609}], "date_of_purchase": "2019-02-18 10:56:00"}
{"customer_id": "C13", "basket": [{"product_id": "P08", "price": 966}, {"product_id": "P05", "price": 1837}, {"product_id": "P08", "price": 171}], "date_of_purchase": "2019-02-18 06:01:00"}
{"customer_id": "C14", "basket": [{"product_id": "P51", "price": 865}], "date_of_purchase": "2019-02-18 08:47:00"}
{"customer_id": "C27", "basket": [{"product_id": "P22", "price": 1996}, {"product_id": "P27", "price": 1705}], "date_of_purchase": "2019-02-18 18:20:00"}
{"customer_id": "C30", "basket": [{"product_id": "P02", "price": 695}], "date_of_purchase": "2019-02-18 13:33:00"}
{"customer_id": "C41", "basket": [{"product_id": "P09", "price": 735}], "date_of_purchase": "2019-02-18 16:18:00"}
{"customer_id": "C47", "basket": [{"product_id": "P39", "price": 59}, {"product_id": "P37", "price": 362}, {"product_id": "P36", "price": 464}], "date_of_purchase": "2019-02-18 10:35:00"}
{"customer_id": "C53", "basket": [{"product_id": "P39", "price": 1131}], "date_of_purchase": "2019-02-18 20:06:00"}
{"customer_id": "C68", "basket": [{"product_id": "P33", "price": 72}, {"product_id": "P33", "price": 286}], "date_of_purchase": "2019-02-18 12:12:00"}
{"customer_id": "C85", "basket": [{"product_id": "P43", "price": 1749}, {"product_id": "P50", "price": 295}], "date_of_purchase": "2019-02-18 13:27:00"}
{"customer_id": "C90", "basket": [{"product_id": "P60", "price": 930}, {"product_id": "P52", "price": 467}, {"product_id": "P44", "price": 1022}], "date_of_purchase": "2019-02-18 15:02:00"}
{"customer_id": "C92", "basket": [{"product_id": "P40", "price": 451}, {"product_id": "P39", "price": 1510}], "date_of_purchase": "2019-02-18 13:45:00"}
{"customer_id": "C108", "basket": [{"product_id": "P22", "price": 1002}, {"product_id": "P30", "price": 86}, {"product_id": "P26", "price": 785}], "date_of_purchase": "2019-02-18 07:41:00"}
{"customer_id": "C110", "basket": [{"product_id": "P64", "price": 618}, {"product_id": "P62", "price": 1477}], "date_of_purchase": "2019-02-18 22:59:00"}
{"customer_id": "C123", "basket": [{"product_id": "P04", "price": 390}, {"product_id": "P07", "price": 298}], "date_of_purchase": "2019-02-18 23:35:00"}
{"customer_id": "C127", "basket": [{"product_id": "P12", "price": 952}], "date_of_purchase": "2019-02-18 06:32:00"}
{"customer_id": "C130", "basket": [{"product_id": "P23", "price": 313}], "date_of_purchase": "2019-02-18 04:37:00"}
{"customer_id": "C131", "basket": [{"product_id": "P55", "price": 105}], "date_of_purchase": "2019-02-18 15:04:00"}
{"customer_id": "C135", "basket": [{"product_id": "P53", "price": 1361}, {"product_id": "P59", "price": 1864}, {"product_id": "P43", "price": 446}], "date_of_purchase": "2019-02-18 20:18:00"}
{"customer_id": "C137", "basket": [{"product_id": "P04", "price": 1560}], "date_of_purchase": "2019-02-18 22:56:00"}
