{"customer_id": "C4", "basket": [{"product_id": "P62", "price": 1393}], "date_of_purchase": "2019-01-15 03:00:00"}
{"customer_id": "C19", "basket": [{"product_id": "P31", "price": 308}, {"product_id": "P33", "price": 264}, {"product_id": "P24", "price": 1572}], "date_of_purchase": "2019-01-15 04:50:00"}
{"customer_id": "C24", "basket": [{"product_id": "P51", "price": 1382}], "date_of_purchase": "2019-01-15 08:31:00"}
{"customer_id": "C27", "basket": [{"product_id": "P27", "price": 827}, {"product_id": "P24", "price": 1953}, {"product_id": "P23", "price": 175}], "date_of_purchase": "2019-01-15 15:42:00"}
{"customer_id": "C30", "basket": [{"product_id": "P61", "price": 531}], "date_of_purchase": "2019-01-15 13:53:00"}
{"customer_id": "C34", "basket": [{"product_id": "P37", "price": 320}, {"product_id": "P38", "price": 1990}, {"product_id": "P39", "price": 1970}], "date_of_purchase": "2019-01-15 05:14:00"}
{"customer_id": "C36", "basket": [{"product_id": "P64", "price": 852}], "date_of_purchase": "2019-01-15 04:26:00"}
{"customer_id": "C41", "basket": [{"product_id": "P50", "price": 1669}, {"product_id": "P60", "price": 228}, {"product_id": "P60", "price": 461}], "date_of_purchase": "2019-01-15 15:54:00"}
{"customer_id": "C43", "basket": [{"product_id": "P37", "price": 1844}], "date_of_purchase": "2019-01-15 21:21:00"}
{"customer_id": "C50", "basket": [{"product_id": "P52", "price": 1512}, {"product_id": "P42", "price": 1340}], "date_of_purchase": "2019-01-15 05:45:00"}
{"customer_id": "C51", "basket": [{"product_id": "P48", "price": 1899}, {"product_id": "P41", "price": 287}, {"product_id": "P58", "price": 1162}], "date_of_purchase": "2019-01-15 18:39:00"}
{"customer_id": "C62", "basket": [{"product_id": "P61", "price": 1230}], "date_of_purchase": "2019-01-15 07:39:00"}
{"customer_id": "C65", "basket": [{"product_id": "P58", "price": 764}], "date_of_purchase": "2019-01-15 04:43:00"}
{"customer_id": "C68", "basket": [{"product_id": "P22", "price": 96}], "date_of_purchase": "2019-01-15 08:26:00"}
{"customer_id": "C76", "basket": [{"product_id": "P61", "price": 552}], "date_of_purchase": "2019-01-15 17:21:00"}
{"customer_id": "C79", "basket": [{"product_id": "P10", "price": 973}], "date_of_purchase": "2019-01-15 11:35:00"}
{"customer_id": "C82", "basket": [{"product_id": "P30", "price": 97}, {"product_id": "P27", "price": 953}, {"product_id": "P29", "price": 1552}], "date_of_purchase": "2019-01-15 08:30:00"}
{"customer_id": "C91", "basket": [{"product_id": "P57", "price": 104}], "date_of_purchase": "2019-01-15 03:57:00"}
{"customer_id": "C97", "basket": [{"product_id": "P40", "price": 768}, {"product_id": "P40", "price": 1363}], "date_of_purchase": "2019-01-15 07:00:00"}
{"customer_id": "C112", "basket": [{"product_id": "P23", "price": 1020}, {"product_id": "P26", "price": 1126}, {"product_id": "P25", "price": 116}], "date_of_purchase": "2019-01-15 23:09:00"}
{"customer_id": "C113", "basket": [{"product_id": "P63", "price": 1727}], "date_of_purchase": "2019-01-15 04:07:00"}
{"customer_id": "C115", "basket": [{"product_id": "P14", "price": 926}, {"product_id": "P18", "price": 473}, {"product_id": "P21", "price": 1879}], "date_of_purchase": "2019-01-15 17:15:00"}
{"customer_id": "C124", "basket": [{"product_id": "P63", "price": 357}, {"product_id": "P63", "price": 968}, {"product_id": "P62", "price": 572}], "date_of_purchase": "2019-01-15 04:16:00"}
{"customer_id": "C125", "basket": [{"product_id": "P52", "price": 462}], "date_of_purchase": "2019-01-15 16:45:00"}
{"customer_id": "C127", "basket": [{"product_id": "P02", "price": 981}, {"product_id": "P07", "price": 1231}], "date_of_purchase": "2019-01-15 05:02:00"}
{"customer_id": "C128", "basket": [{"product_id": "P40", "price": 548}, {"product_id": "P36", "price": 840}, {"product_id": "P37", "price": 594}], "date_of_purchase": "2019-01-15 20:31:00"}
{"customer_id": "C132", "basket": [{"product_id": "P24", "price": 705}, {"product_id": "P29", "price": 1357}, {"product_id": "P34", "price": 963}], "date_of_purchase": "2019-01-15 22:27:00"}
{"customer_id": "C134", "basket": [{"product_id": "P32", "price": 794}], "date_of_purchase": "2019-01-15 08:07:00"}
