customer_id,basket,date_of_purchase
C4,"[{'product_id': 'P62', 'price': 1393}]",2019-01-15 03:00:00
C19,"[{'product_id': 'P31', 'price': 308}, {'product_id': 'P33', 'price': 264}, {'product_id': 'P24', 'price': 1572}]",2019-01-15 04:50:00
C24,"[{'product_id': 'P51', 'price': 1382}]",2019-01-15 08:31:00
C27,"[{'product_id': 'P27', 'price': 827}, {'product_id': 'P24', 'price': 1953}, {'product_id': 'P23', 'price': 175}]",2019-01-15 15:42:00
C30,"[{'product_id': 'P61', 'price': 531}]",2019-01-15 13:53:00
C34,"[{'product_id': 'P37', 'price': 320}, {'product_id': 'P38', 'price': 1990}, {'product_id': 'P39', 'price': 1970}]",2019-01-15 05:14:00
C36,"[{'product_id': 'P64', 'price': 852}]",2019-01-15 04:26:00
C41,"[{'product_id': 'P50', 'price': 1669}, {'product_id': 'P60', 'price': 228}, {'product_id': 'P60', 'price': 461}]",2019-01-15 15:54:00
C43,"[{'product_id': 'P37', 'price': 1844}]",2019-01-15 21:21:00
C50,"[{'product_id': 'P52', 'price': 1512}, {'product_id': 'P42', 'price': 1340}]",2019-01-15 05:45:00
C51,"[{'product_id': 'P48', 'price': 1899}, {'product_id': 'P41', 'price': 287}, {'product_id': 'P58', 'price': 1162}]",2019-01-15 18:39:00
C62,"[{'product_id': 'P61', 'price': 1230}]",2019-01-15 07:39:00
C65,"[{'product_id': 'P58', 'price': 764}]",2019-01-15 04:43:00
C68,"[{'product_id': 'P22', 'price': 96}]",2019-01-15 08:26:00
C76,"[{'product_id': 'P61', 'price': 552}]",2019-01-15 17:21:00
C79,"[{'product_id': 'P10', 'price': 973}]",2019-01-15 11:35:00
C82,"[{'product_id': 'P30', 'price': 97}, {'product_id': 'P27', 'price': 953}, {'product_id': 'P29', 'price': 1552}]",2019-01-15 08:30:00
C91,"[{'product_id': 'P57', 'price': 104}]",2019-01-15 03:57:00
C97,"[{'product_id': 'P40', 'price': 768}, {'product_id': 'P40', 'price': 1363}]",2019-01-15 07:00:00
C112,"[{'product_id': 'P23', 'price': 1020}, {'product_id': 'P26', 'price': 1126}, {'product_id': 'P25', 'price': 116}]",2019-01-15 23:09:00
C113,"[{'product_id': 'P63', 'price': 1727}]",2019-01-15 04:07:00
C115,"[{'product_id': 'P14', 'price': 926}, {'product_id': 'P18', 'price': 473}, {'product_id': 'P21', 'price': 1879}]",2019-01-15 17:15:00
C124,"[{'product_id': 'P63', 'price': 357}, {'product_id': 'P63', 'price': 968}, {'product_id': 'P62', 'price': 572}]",2019-01-15 04:16:00
C125,"[{'product_id': 'P52', 'price': 462}]",2019-01-15 16:45:00
C127,"[{'product_id': 'P02', 'price': 981}, {'product_id': 'P07', 'price': 1231}]",2019-01-15 05:02:00
C128,"[{'product_id': 'P40', 'price': 548}, {'product_id': 'P36', 'price': 840}, {'product_id': 'P37', 'price': 594}]",2019-01-15 20:31:00
C132,"[{'product_id': 'P24', 'price': 705}, {'product_id': 'P29', 'price': 1357}, {'product_id': 'P34', 'price': 963}]",2019-01-15 22:27:00
C134,"[{'product_id': 'P32', 'price': 794}]",2019-01-15 08:07:00
