customer_id,basket,date_of_purchase
C1,"[{'product_id': 'P04', 'price': 1168}]",2019-02-08 15:34:00
C3,"[{'product_id': 'P39', 'price': 1181}, {'product_id': 'P40', 'price': 1759}, {'product_id': 'P38', 'price': 1881}]",2019-02-08 06:02:00
C6,"[{'product_id': 'P62', 'price': 255}, {'product_id': 'P64', 'price': 1637}]",2019-02-08 05:12:00
C8,"[{'product_id': 'P48', 'price': 392}, {'product_id': 'P41', 'price': 1906}]",2019-02-08 13:32:00
C17,"[{'product_id': 'P03', 'price': 352}, {'product_id': 'P06', 'price': 1101}]",2019-02-08 21:03:00
C29,"[{'product_id': 'P29', 'price': 1357}, {'product_id': 'P30', 'price': 953}]",2019-02-08 22:18:00
C32,"[{'product_id': 'P29', 'price': 40}]",2019-02-08 15:06:00
C37,"[{'product_id': 'P40', 'price': 1790}]",2019-02-08 08:35:00
C40,"[{'product_id': 'P02', 'price': 1530}, {'product_id': 'P06', 'price': 880}, {'product_id': 'P09', 'price': 1841}]",2019-02-08 20:37:00
C58,"[{'product_id': 'P30', 'price': 1586}]",2019-02-08 03:32:00
C62,"[{'product_id': 'P38', 'price': 1763}, {'product_id': 'P36', 'price': 908}]",2019-02-08 11:45:00
C69,"[{'product_id': 'P63', 'price': 333}, {'product_id': 'P61', 'price': 1044}, {'product_id': 'P61', 'price': 339}]",2019-02-08 08:51:00
C70,"[{'product_id': 'P37', 'price': 13}, {'product_id': 'P36', 'price': 1174}, {'product_id': 'P36', 'price': 688}]",2019-02-08 20:02:00
C72,"[{'product_id': 'P42', 'price': 1453}, {'product_id': 'P49', 'price': 433}, {'product_id': 'P44', 'price': 318}]",2019-02-08 07:02:00
C77,"[{'product_id': 'P63', 'price': 1785}, {'product_id': 'P62', 'price': 1115}, {'product_id': 'P61', 'price': 400}]",2019-02-08 08:20:00
C79,"[{'product_id': 'P62', 'price': 1804}]",2019-02-08 18:45:00
C94,"[{'product_id': 'P38', 'price': 323}, {'product_id': 'P35', 'price': 256}]",2019-02-08 09:03:00
C98,"[{'product_id': 'P55', 'price': 532}, {'product_id': 'P43', 'price': 437}, {'product_id': 'P58', 'price': 1480}]",2019-02-08 04:10:00
C106,"[{'product_id': 'P31', 'price': 888}, {'product_id': 'P26', 'price': 622}]",2019-02-08 20:25:00
C108,"[{'product_id': 'P25', 'price': 83}, {'product_id': 'P33', 'price': 1961}]",2019-02-08 13:11:00
C111,"[{'product_id': 'P44', 'price': 901}, {'product_id': 'P45', 'price': 1451}, {'product_id': 'P52', 'price': 100}]",2019-02-08 19:27:00
C114,"[{'product_id': 'P59', 'price': 1855}, {'product_id': 'P43', 'price': 316}]",2019-02-08 18:26:00
C127,"[{'product_id': 'P04', 'price': 1729}, {'product_id': 'P12', 'price': 1536}]",2019-02-08 03:01:00
