{"customer_id": "C1", "basket": [{"product_id": "P04", "price": 1168}], "date_of_purchase": "2019-02-08 15:34:00"}
{"customer_id": "C3", "basket": [{"product_id": "P39", "price": 1181}, {"product_id": "P40", "price": 1759}, {"product_id": "P38", "price": 1881}], "date_of_purchase": "2019-02-08 06:02:00"}
{"customer_id": "C6", "basket": [{"product_id": "P62", "price": 255}, {"product_id": "P64", "price": 1637}], "date_of_purchase": "2019-02-08 05:12:00"}
{"customer_id": "C8", "basket": [{"product_id": "P48", "price": 392}, {"product_id": "P41", "price": 1906}], "date_of_purchase": "2019-02-08 13:32:00"}
{"customer_id": "C17", "basket": [{"product_id": "P03", "price": 352}, {"product_id": "P06", "price": 1101}], "date_of_purchase": "2019-02-08 21:03:00"}
{"customer_id": "C29", "basket": [{"product_id": "P29", "price": 1357}, {"product_id": "P30", "price": 953}], "date_of_purchase": "2019-02-08 22:18:00"}
{"customer_id": "C32", "basket": [{"product_id": "P29", "price": 40}], "date_of_purchase": "2019-02-08 15:06:00"}
{"customer_id": "C37", "basket": [{"product_id": "P40", "price": 1790}], "date_of_purchase": "2019-02-08 08:35:00"}
{"customer_id": "C40", "basket": [{"product_id": "P02", "price": 1530}, {"product_id": "P06", "price": 880}, {"product_id": "P09", "price": 1841}], "date_of_purchase": "2019-02-08 20:37:00"}
{"customer_id": "C58", "basket": [{"product_id": "P30", "price": 1586}], "date_of_purchase": "2019-02-08 03:32:00"}
{"customer_id": "C62", "basket": [{"product_id": "P38", "price": 1763}, {"product_id": "P36", "price": 908}], "date_of_purchase": "2019-02-08 11:45:00"}
{"customer_id": "C69", "basket": [{"product_id": "P63", "price": 333}, {"product_id": "P61", "price": 1044}, {"product_id": "P61", "price": 339}], "date_of_purchase": "2019-02-08 08:51:00"}
{"customer_id": "C70", "basket": [{"product_id": "P37", "price": 13}, {"product_id": "P36", "price": 1174}, {"product_id": "P36", "price": 688}], "date_of_purchase": "2019-02-08 20:02:00"}
{"customer_id": "C72", "basket": [{"product_id": "P42", "price": 1453}, {"product_id": "P49", "price": 433}, {"product_id": "P44", "price": 318}], "date_of_purchase": "2019-02-08 07:02:00"}
{"customer_id": "C77", "basket": [{"product_id": "P63", "price": 1785}, {"product_id": "P62", "price": 1115}, {"product_id": "P61", "price": 400}], "date_of_purchase": "2019-02-08 08:20:00"}
{"customer_id": "C79", "basket": [{"product_id": "P62", "price": 1804}], "date_of_purchase": "2019-02-08 18:45:00"}
{"customer_id": "C94", "basket": [{"product_id": "P38", "price": 323}, {"product_id": "P35", "price": 256}], "date_of_purchase": "2019-02-08 09:03:00"}
{"customer_id": "C98", "basket": [{"product_id": "P55", "price": 532}, {"product_id": "P43", "price": 437}, {"product_id": "P58", "price": 1480}], "date_of_purchase": "2019-02-08 04:10:00"}
{"customer_id": "C106", "basket": [{"product_id": "P31", "price": 888}, {"product_id": "P26", "price": 622}], "date_of_purchase": "2019-02-08 20:25:00"}
{"customer_id": "C108", "basket": [{"product_id": "P25", "price": 83}, {"product_id": "P33", "price": 1961}], "date_of_purchase": "2019-02-08 13:11:00"}
{"customer_id": "C111", "basket": [{"product_id": "P44", "price": 901}, {"product_id": "P45", "price": 1451}, {"product_id": "P52", "price": 100}], "date_of_purchase": "2019-02-08 19:27:00"}
{"customer_id": "C114", "basket": [{"product_id": "P59", "price": 1855}, {"product_id": "P43", "price": 316}], "date_of_purchase": "2019-02-08 18:26:00"}
{"customer_id": "C127", "basket": [{"product_id": "P04", "price": 1729}, {"product_id": "P12", "price": 1536}], "date_of_purchase": "2019-02-08 03:01:00"}
