{"customer_id": "C7", "basket": [{"product_id": "P34", "price": 1585}, {"product_id": "P25", "price": 1337}], "date_of_purchase": "2019-01-02 11:08:00"}
{"customer_id": "C12", "basket": [{"product_id": "P06", "price": 431}, {"product_id": "P02", "price": 745}, {"product_id": "P08", "price": 830}], "date_of_purchase": "2019-01-02 17:25:00"}
{"customer_id": "C18", "basket": [{"product_id": "P50", "price": 1038}, {"product_id": "P55", "price": 1051}], "date_of_purchase": "2019-01-02 16:19:00"}
{"customer_id": "C34", "basket": [{"product_id": "P24", "price": 1254}], "date_of_purchase": "2019-01-02 05:05:00"}
{"customer_id": "C35", "basket": [{"product_id": "P40", "price": 17}, {"product_id": "P38", "price": 1651}], "date_of_purchase": "2019-01-02 22:04:00"}
{"customer_id": "C40", "basket": [{"product_id": "P07", "price": 1338}, {"product_id": "P12", "price": 941}], "date_of_purchase": "2019-01-02 15:32:00"}
{"customer_id": "C43", "basket": [{"product_id": "P38", "price": 1112}, {"product_id": "P39", "price": 906}], "date_of_purchase": "2019-01-02 03:50:00"}
{"customer_id": "C48", "basket": [{"product_id": "P26", "price": 812}, {"product_id": "P26", "price": 253}, {"product_id": "P28", "price": 5}], "date_of_purchase": "2019-01-02 20:32:00"}
{"customer_id": "C52", "basket": [{"product_id": "P46", "price": 442}, {"product_id": "P55", "price": 1839}], "date_of_purchase": "2019-01-02 05:59:00"}
{"customer_id": "C56", "basket": [{"product_id": "P08", "price": 848}], "date_of_purchase": "2019-01-02 23:41:00"}
{"customer_id": "C71", "basket": [{"product_id": "P64", "price": 798}, {"product_id": "P63", "price": 721}], "date_of_purchase": "2019-01-02 22:41:00"}
{"customer_id": "C72", "basket": [{"product_id": "P54", "price": 81}, {"product_id": "P57", "price": 1223}], "date_of_purchase": "2019-01-02 04:22:00"}
{"customer_id": "C79", "basket": [{"product_id": "P04", "price": 1997}, {"product_id": "P07", "price": 941}, {"product_id": "P07", "price": 488}], "date_of_purchase": "2019-01-02 05:14:00"}
{"customer_id": "C82", "basket": [{"product_id": "P40", "price": 1756}], "date_of_purchase": "2019-01-02 11:31:00"}
{"customer_id": "C85", "basket": [{"product_id": "P54", "price": 1539}], "date_of_purchase": "2019-01-02 13:37:00"}
{"customer_id": "C89", "basket": [{"product_id": "P63", "price": 782}, {"product_id": "P63", "price": 1052}], "date_of_purchase": "2019-01-02 05:32:00"}
{"customer_id": "C98", "basket": [{"product_id": "P32", "price": 1845}, {"product_id": "P31", "price": 317}], "date_of_purchase": "2019-01-02 10:40:00"}
{"customer_id": "C101", "basket": [{"product_id": "P02", "price": 1892}, {"product_id": "P07", "price": 1533}, {"product_id": "P10", "price": 163}], "date_of_purchase": "2019-01-02 10:13:00"}
{"customer_id": "C102", "basket": [{"product_id": "P24", "price": 1693}, {"product_id": "P30", "price": 815}], "date_of_purchase": "2019-01-02 09:35:00"}
{"customer_id": "C106", "basket": [{"product_id": "P30", "price": 1898}, {"product_id": "P30", "price": 960}], "date_of_purchase": "2019-01-02 21:36:00"}
{"customer_id": "C108", "basket": [{"product_id": "P23", "price": 350}], "date_of_purchase": "2019-01-02 03:54:00"}
{"customer_id": "C111", "basket": [{"product_id": "P30", "price": 1368}, {"product_id": "P29", "price": 416}, {"product_id": "P32", "price": 515}], "date_of_purchase": "2019-01-02 19:14:00"}
{"customer_id": "C117", "basket": [{"product_id": "P63", "price": 133}, {"product_id": "P62", "price": 1883}], "date_of_purchase": "2019-01-02 07:55:00"}
{"customer_id": "C121", "basket": [{"product_id": "P05", "price": 1117}, {"product_id": "P10", "price": 498}], "date_of_purchase": "2019-01-02 10:27:00"}
{"customer_id": "C123", "basket": [{"product_id": "P02", "price": 387}], "date_of_purchase": "2019-01-02 03:40:00"}
{"customer_id": "C125", "basket": [{"product_id": "P32", "price": 1031}], "date_of_purchase": "2019-01-02 07:43:00"}
{"customer_id": "C133", "basket": [{"product_id": "P38", "price": 1491}, {"product_id": "P40", "price": 1514}, {"product_id": "P35", "price": 241}], "date_of_purchase": "2019-01-02 07:32:00"}
