customer_id,basket,date_of_purchase
C7,"[{'product_id': 'P34', 'price': 1585}, {'product_id': 'P25', 'price': 1337}]",2019-01-02 11:08:00
C12,"[{'product_id': 'P06', 'price': 431}, {'product_id': 'P02', 'price': 745}, {'product_id': 'P08', 'price': 830}]",2019-01-02 17:25:00
C18,"[{'product_id': 'P50', 'price': 1038}, {'product_id': 'P55', 'price': 1051}]",2019-01-02 16:19:00
C34,"[{'product_id': 'P24', 'price': 1254}]",2019-01-02 05:05:00
C35,"[{'product_id': 'P40', 'price': 17}, {'product_id': 'P38', 'price': 1651}]",2019-01-02 22:04:00
C40,"[{'product_id': 'P07', 'price': 1338}, {'product_id': 'P12', 'price': 941}]",2019-01-02 15:32:00
C43,"[{'product_id': 'P38', 'price': 1112}, {'product_id': 'P39', 'price': 906}]",2019-01-02 03:50:00
C48,"[{'product_id': 'P26', 'price': 812}, {'product_id': 'P26', 'price': 253}, {'product_id': 'P28', 'price': 5}]",2019-01-02 20:32:00
C52,"[{'product_id': 'P46', 'price': 442}, {'product_id': 'P55', 'price': 1839}]",2019-01-02 05:59:00
C56,"[{'product_id': 'P08', 'price': 848}]",2019-01-02 23:41:00
C71,"[{'product_id': 'P64', 'price': 798}, {'product_id': 'P63', 'price': 721}]",2019-01-02 22:41:00
C72,"[{'product_id': 'P54', 'price': 81}, {'product_id': 'P57', 'price': 1223}]",2019-01-02 04:22:00
C79,"[{'product_id': 'P04', 'price': 1997}, {'product_id': 'P07', 'price': 941}, {'product_id': 'P07', 'price': 488}]",2019-01-02 05:14:00
C82,"[{'product_id': 'P40', 'price': 1756}]",2019-01-02 11:31:00
C85,"[{'product_id': 'P54', 'price': 1539}]",2019-01-02 13:37:00
C89,"[{'product_id': 'P63', 'price': 782}, {'product_id': 'P63', 'price': 1052}]",2019-01-02 05:32:00
C98,"[{'product_id': 'P32', 'price': 1845}, {'product_id': 'P31', 'price': 317}]",2019-01-02 10:40:00
C101,"[{'product_id': 'P02', 'price': 1892}, {'product_id': 'P07', 'price': 1533}, {'product_id': 'P10', 'price': 163}]",2019-01-02 10:13:00
C102,"[{'product_id': 'P24', 'price': 1693}, {'product_id': 'P30', 'price': 815}]",2019-01-02 09:35:00
C106,"[{'product_id': 'P30', 'price': 1898}, {'product_id': 'P30', 'price': 960}]",2019-01-02 21:36:00
C108,"[{'product_id': 'P23', 'price': 350}]",2019-01-02 03:54:00
C111,"[{'product_id': 'P30', 'price': 1368}, {'product_id': 'P29', 'price': 416}, {'product_id': 'P32', 'price': 515}]",2019-01-02 19:14:00
C117,"[{'product_id': 'P63', 'price': 133}, {'product_id': 'P62', 'price': 1883}]",2019-01-02 07:55:00
C121,"[{'product_id': 'P05', 'price': 1117}, {'product_id': 'P10', 'price': 498}]",2019-01-02 10:27:00
C123,"[{'product_id': 'P02', 'price': 387}]",2019-01-02 03:40:00
C125,"[{'product_id': 'P32', 'price': 1031}]",2019-01-02 07:43:00
C133,"[{'product_id': 'P38', 'price': 1491}, {'product_id': 'P40', 'price': 1514}, {'product_id': 'P35', 'price': 241}]",2019-01-02 07:32:00
