{"customer_id": "C5", "basket": [{"product_id": "P48", "price": 1089}, {"product_id": "P42", "price": 1851}, {"product_id": "P51", "price": 1884}], "date_of_purchase": "2018-12-18 19:32:00"}
{"customer_id": "C7", "basket": [{"product_id": "P25", "price": 446}, {"product_id": "P28", "price": 859}, {"product_id": "P32", "price": 1164}], "date_of_purchase": "2018-12-18 12:07:00"}
{"customer_id": "C8", "basket": [{"product_id": "P59", "price": 708}], "date_of_purchase": "2018-12-18 10:11:00"}
{"customer_id": "C19", "basket": [{"product_id": "P24", "price": 1739}, {"product_id": "P27", "price": 1419}, {"product_id": "P25", "price": 258}], "date_of_purchase": "2018-12-18 09:01:00"}
{"customer_id": "C20", "basket": [{"product_id": "P52", "price": 237}], "date_of_purchase": "2018-12-18 03:52:00"}
{"customer_id": "C29", "basket": [{"product_id": "P27", "price": 798}], "date_of_purchase": "2018-12-18 12:49:00"}
{"customer_id": "C32", "basket": [{"product_id": "P54", "price": 1808}, {"product_id": "P44", "price": 590}, {"product_id": "P54", "price": 289}], "date_of_purchase": "2018-12-18 14:01:00"}
{"customer_id": "C33", "basket": [{"product_id": "P08", "price": 601}], "date_of_purchase": "2018-12-18 14:42:00"}
{"customer_id": "C37", "basket": [{"product_id": "P47", "price": 165}, {"product_id": "P54", "price": 1953}], "date_of_purchase": "2018-12-18 17:39:00"}
{"customer_id": "C83", "basket": [{"product_id": "P05", "price": 1933}, {"product_id": "P05", "price": 363}, {"product_id": "P02", "price": 254}], "date_of_purchase": "2018-12-18 22:08:00"}
{"customer_id": "C91", "basket": [{"product_id": "P23", "price": 182}], "date_of_purchase": "2018-12-18 04:03:00"}
{"customer_id": "C93", "basket": [{"product_id": "P43", "price": 532}], "date_of_purchase": "2018-12-18 05:52:00"}
{"customer_id": "C94", "basket": [{"product_id": "P36", "price": 500}], "date_of_purchase": "2018-12-18 15:07:00"}
{"customer_id": "C100", "basket": [{"product_id": "P24", "price": 1655}], "date_of_purchase": "2018-12-18 10:42:00"}
{"customer_id": "C101", "basket": [{"product_id": "P61", "price": 897}, {"product_id": "P62", "price": 177}, {"product_id": "P62", "price": 794}], "date_of_purchase": "2018-12-18 08:53:00"}
{"customer_id": "C102", "basket": [{"product_id": "P38", "price": 12}, {"product_id": "P35", "price": 4}, {"product_id": "P35", "price": 977}], "date_of_purchase": "2018-12-18 12:39:00"}
{"customer_id": "C106", "basket": [{"product_id": "P09", "price": 390}, {"product_id": "P07", "price": 1972}], "date_of_purchase": "2018-12-18 04:14:00"}
{"customer_id": "C110", "basket": [{"product_id": "P64", "price": 1999}], "date_of_purchase": "2018-12-18 22:24:00"}
{"customer_id": "C121", "basket": [{"product_id": "P09", "price": 1945}], "date_of_purchase": "2018-12-18 09:40:00"}
{"customer_id": "C129", "basket": [{"product_id": "P62", "price": 744}], "date_of_purchase": "2018-12-18 03:04:00"}
{"customer_id": "C135", "basket": [{"product_id": "P38", "price": 1518}, {"product_id": "P38", "price": 1961}], "date_of_purchase": "2018-12-18 14:28:00"}
{"customer_id": "C136", "basket": [{"product_id": "P56", "price": 753}], "date_of_purchase": "2018-12-18 15:44:00"}
