customer_id,basket,date_of_purchase
C5,"[{'product_id': 'P48', 'price': 1089}, {'product_id': 'P42', 'price': 1851}, {'product_id': 'P51', 'price': 1884}]",2018-12-18 19:32:00
C7,"[{'product_id': 'P25', 'price': 446}, {'product_id': 'P28', 'price': 859}, {'product_id': 'P32', 'price': 1164}]",2018-12-18 12:07:00
C8,"[{'product_id': 'P59', 'price': 708}]",2018-12-18 10:11:00
C19,"[{'product_id': 'P24', 'price': 1739}, {'product_id': 'P27', 'price': 1419}, {'product_id': 'P25', 'price': 258}]",2018-12-18 09:01:00
C20,"[{'product_id': 'P52', 'price': 237}]",2018-12-18 03:52:00
C29,"[{'product_id': 'P27', 'price': 798}]",2018-12-18 12:49:00
C32,"[{'product_id': 'P54', 'price': 1808}, {'product_id': 'P44', 'price': 590}, {'product_id': 'P54', 'price': 289}]",2018-12-18 14:01:00
C33,"[{'product_id': 'P08', 'price': 601}]",2018-12-18 14:42:00
C37,"[{'product_id': 'P47', 'price': 165}, {'product_id': 'P54', 'price': 1953}]",2018-12-18 17:39:00
C83,"[{'product_id': 'P05', 'price': 1933}, {'product_id': 'P05', 'price': 363}, {'product_id': 'P02', 'price': 254}]",2018-12-18 22:08:00
C91,"[{'product_id': 'P23', 'price': 182}]",2018-12-18 04:03:00
C93,"[{'product_id': 'P43', 'price': 532}]",2018-12-18 05:52:00
C94,"[{'product_id': 'P36', 'price': 500}]",2018-12-18 15:07:00
C100,"[{'product_id': 'P24', 'price': 1655}]",2018-12-18 10:42:00
C101,"[{'product_id': 'P61', 'price': 897}, {'product_id': 'P62', 'price': 177}, {'product_id': 'P62', 'price': 794}]",2018-12-18 08:53:00
C102,"[{'product_id': 'P38', 'price': 12}, {'product_id': 'P35', 'price': 4}, {'product_id': 'P35', 'price': 977}]",2018-12-18 12:39:00
C106,"[{'product_id': 'P09', 'price': 390}, {'product_id': 'P07', 'price': 1972}]",2018-12-18 04:14:00
C110,"[{'product_id': 'P64', 'price': 1999}]",2018-12-18 22:24:00
C121,"[{'product_id': 'P09', 'price': 1945}]",2018-12-18 09:40:00
C129,"[{'product_id': 'P62', 'price': 744}]",2018-12-18 03:04:00
C135,"[{'product_id': 'P38', 'price': 1518}, {'product_id': 'P38', 'price': 1961}]",2018-12-18 14:28:00
C136,"[{'product_id': 'P56', 'price': 753}]",2018-12-18 15:44:00
