customer_id,basket,date_of_purchase
C2,"[{'product_id': 'P29', 'price': 317}, {'product_id': 'P29', 'price': 406}]",2019-02-02 15:42:00
C7,"[{'product_id': 'P22', 'price': 952}, {'product_id': 'P29', 'price': 767}]",2019-02-02 14:09:00
C16,"[{'product_id': 'P04', 'price': 1681}, {'product_id': 'P05', 'price': 1885}]",2019-02-02 04:19:00
C20,"[{'product_id': 'P40', 'price': 1376}]",2019-02-02 14:52:00
C30,"[{'product_id': 'P08', 'price': 426}]",2019-02-02 16:55:00
C31,"[{'product_id': 'P37', 'price': 1230}]",2019-02-02 18:24:00
C33,"[{'product_id': 'P06', 'price': 1633}, {'product_id': 'P10', 'price': 1313}]",2019-02-02 04:45:00
C38,"[{'product_id': 'P54', 'price': 489}, {'product_id': 'P43', 'price': 248}, {'product_id': 'P51', 'price': 728}]",2019-02-02 18:56:00
C40,"[{'product_id': 'P11', 'price': 698}, {'product_id': 'P11', 'price': 1640}, {'product_id': 'P08', 'price': 810}]",2019-02-02 04:49:00
C43,"[{'product_id': 'P37', 'price': 504}]",2019-02-02 18:29:00
C48,"[{'product_id': 'P35', 'price': 1170}, {'product_id': 'P35', 'price': 343}, {'product_id': 'P35', 'price': 1794}]",2019-02-02 09:06:00
C51,"[{'product_id': 'P38', 'price': 859}, {'product_id': 'P40', 'price': 1343}]",2019-02-02 15:48:00
C65,"[{'product_id': 'P64', 'price': 1726}]",2019-02-02 12:47:00
C67,"[{'product_id': 'P49', 'price': 1148}, {'product_id': 'P49', 'price': 217}]",2019-02-02 06:04:00
C79,"[{'product_id': 'P09', 'price': 349}, {'product_id': 'P10', 'price': 1161}, {'product_id': 'P05', 'price': 574}]",2019-02-02 22:49:00
C81,"[{'product_id': 'P16', 'price': 403}, {'product_id': 'P19', 'price': 1861}]",2019-02-02 07:43:00
C91,"[{'product_id': 'P34', 'price': 146}, {'product_id': 'P33', 'price': 1946}]",2019-02-02 05:42:00
C97,"[{'product_id': 'P01', 'price': 1862}, {'product_id': 'P05', 'price': 1901}]",2019-02-02 17:39:00
C102,"[{'product_id': 'P35', 'price': 1567}, {'product_id': 'P36', 'price': 1715}, {'product_id': 'P37', 'price': 397}]",2019-02-02 14:49:00
C114,"[{'product_id': 'P35', 'price': 1446}, {'product_id': 'P36', 'price': 223}, {'product_id': 'P35', 'price': 617}]",2019-02-02 07:35:00
C129,"[{'product_id': 'P23', 'price': 475}]",2019-02-02 08:38:00
C130,"[{'product_id': 'P09', 'price': 759}]",2019-02-02 03:32:00
C131,"[{'product_id': 'P32', 'price': 823}]",2019-02-02 19:26:00
C134,"[{'product_id': 'P33', 'price': 943}, {'product_id': 'P26', 'price': 1499}, {'product_id': 'P34', 'price': 568}]",2019-02-02 06:27:00
