{"customer_id": "C2", "basket": [{"product_id": "P29", "price": 317}, {"product_id": "P29", "price": 406}], "date_of_purchase": "2019-02-02 15:42:00"}
{"customer_id": "C7", "basket": [{"product_id": "P22", "price": 952}, {"product_id": "P29", "price": 767}], "date_of_purchase": "2019-02-02 14:09:00"}
{"customer_id": "C16", "basket": [{"product_id": "P04", "price": 1681}, {"product_id": "P05", "price": 1885}], "date_of_purchase": "2019-02-02 04:19:00"}
{"customer_id": "C20", "basket": [{"product_id": "P40", "price": 1376}], "date_of_purchase": "2019-02-02 14:52:00"}
{"customer_id": "C30", "basket": [{"product_id": "P08", "price": 426}], "date_of_purchase": "2019-02-02 16:55:00"}
{"customer_id": "C31", "basket": [{"product_id": "P37", "price": 1230}], "date_of_purchase": "2019-02-02 18:24:00"}
{"customer_id": "C33", "basket": [{"product_id": "P06", "price": 1633}, {"product_id": "P10", "price": 1313}], "date_of_purchase": "2019-02-02 04:45:00"}
{"customer_id": "C38", "basket": [{"product_id": "P54", "price": 489}, {"product_id": "P43", "price": 248}, {"product_id": "P51", "price": 728}], "date_of_purchase": "2019-02-02 18:56:00"}
{"customer_id": "C40", "basket": [{"product_id": "P11", "price": 698}, {"product_id": "P11", "price": 1640}, {"product_id": "P08", "price": 810}], "date_of_purchase": "2019-02-02 04:49:00"}
{"customer_id": "C43", "basket": [{"product_id": "P37", "price": 504}], "date_of_purchase": "2019-02-02 18:29:00"}
{"customer_id": "C48", "basket": [{"product_id": "P35", "price": 1170}, {"product_id": "P35", "price": 343}, {"product_id": "P35", "price": 1794}], "date_of_purchase": "2019-02-02 09:06:00"}
{"customer_id": "C51", "basket": [{"product_id": "P38", "price": 859}, {"product_id": "P40", "price": 1343}], "date_of_purchase": "2019-02-02 15:48:00"}
{"customer_id": "C65", "basket": [{"product_id": "P64", "price": 1726}], "date_of_purchase": "2019-02-02 12:47:00"}
{"customer_id": "C67", "basket": [{"product_id": "P49", "price": 1148}, {"product_id": "P49", "price": 217}], "date_of_purchase": "2019-02-02 06:04:00"}
{"customer_id": "C79", "basket": [{"product_id": "P09", "price": 349}, {"product_id": "P10", "price": 1161}, {"product_id": "P05", "price": 574}], "date_of_purchase": "2019-02-02 22:49:00"}
{"customer_id": "C81", "basket": [{"product_id": "P16", "price": 403}, {"product_id": "P19", "price": 1861}], "date_of_purchase": "2019-02-02 07:43:00"}
{"customer_id": "C91", "basket": [{"product_id": "P34", "price": 146}, {"product_id": "P33", "price": 1946}], "date_of_purchase": "2019-02-02 05:42:00"}
{"customer_id": "C97", "basket": [{"product_id": "P01", "price": 1862}, {"product_id": "P05", "price": 1901}], "date_of_purchase": "2019-02-02 17:39:00"}
{"customer_id": "C102", "basket": [{"product_id": "P35", "price": 1567}, {"product_id": "P36", "price": 1715}, {"product_id": "P37", "price": 397}], "date_of_purchase": "2019-02-02 14:49:00"}
{"customer_id": "C114", "basket": [{"product_id": "P35", "price": 1446}, {"product_id": "P36", "price": 223}, {"product_id": "P35", "price": 617}], "date_of_purchase": "2019-02-02 07:35:00"}
{"customer_id": "C129", "basket": [{"product_id": "P23", "price": 475}], "date_of_purchase": "2019-02-02 08:38:00"}
{"customer_id": "C130", "basket": [{"product_id": "P09", "price": 759}], "date_of_purchase": "2019-02-02 03:32:00"}
{"customer_id": "C131", "basket": [{"product_id": "P32", "price": 823}], "date_of_purchase": "2019-02-02 19:26:00"}
{"customer_id": "C134", "basket": [{"product_id": "P33", "price": 943}, {"product_id": "P26", "price": 1499}, {"product_id": "P34", "price": 568}], "date_of_purchase": "2019-02-02 06:27:00"}
