customer_id,basket,date_of_purchase
C10,"[{'product_id': 'P64', 'price': 145}, {'product_id': 'P62', 'price': 1928}]",2019-01-27 03:22:00
C21,"[{'product_id': 'P22', 'price': 1755}, {'product_id': 'P28', 'price': 943}]",2019-01-27 20:32:00
C23,"[{'product_id': 'P17', 'price': 694}, {'product_id': 'P18', 'price': 545}, {'product_id': 'P13', 'price': 115}]",2019-01-27 18:56:00
C29,"[{'product_id': 'P27', 'price': 171}, {'product_id': 'P25', 'price': 103}]",2019-01-27 14:38:00
C30,"[{'product_id': 'P10', 'price': 30}]",2019-01-27 15:09:00
C35,"[{'product_id': 'P36', 'price': 129}, {'product_id': 'P37', 'price': 834}, {'product_id': 'P40', 'price': 430}]",2019-01-27 17:54:00
C36,"[{'product_id': 'P64', 'price': 1939}, {'product_id': 'P62', 'price': 443}]",2019-01-27 14:13:00
C47,"[{'product_id': 'P39', 'price': 57}, {'product_id': 'P35', 'price': 1215}, {'product_id': 'P35', 'price': 1903}]",2019-01-27 07:05:00
C58,"[{'product_id': 'P22', 'price': 101}, {'product_id': 'P28', 'price': 1823}]",2019-01-27 22:12:00
C68,"[{'product_id': 'P26', 'price': 563}, {'product_id': 'P33', 'price': 1905}, {'product_id': 'P28', 'price': 115}]",2019-01-27 14:50:00
C69,"[{'product_id': 'P38', 'price': 1165}]",2019-01-27 19:07:00
C70,"[{'product_id': 'P39', 'price': 1728}, {'product_id': 'P36', 'price': 148}, {'product_id': 'P38', 'price': 1425}]",2019-01-27 07:28:00
C73,"[{'product_id': 'P37', 'price': 202}]",2019-01-27 19:54:00
C82,"[{'product_id': 'P34', 'price': 185}, {'product_id': 'P34', 'price': 720}]",2019-01-27 16:38:00
C85,"[{'product_id': 'P34', 'price': 1639}, {'product_id': 'P26', 'price': 204}]",2019-01-27 22:41:00
C91,"[{'product_id': 'P24', 'price': 1144}, {'product_id': 'P26', 'price': 1139}, {'product_id': 'P24', 'price': 1379}]",2019-01-27 22:22:00
C93,"[{'product_id': 'P46', 'price': 81}, {'product_id': 'P52', 'price': 1808}]",2019-01-27 12:40:00
C115,"[{'product_id': 'P22', 'price': 1037}]",2019-01-27 17:43:00
C121,"[{'product_id': 'P02', 'price': 1877}, {'product_id': 'P01', 'price': 1387}]",2019-01-27 08:27:00
C126,"[{'product_id': 'P07', 'price': 576}, {'product_id': 'P07', 'price': 562}]",2019-01-27 16:20:00
C129,"[{'product_id': 'P31', 'price': 955}]",2019-01-27 11:23:00
C131,"[{'product_id': 'P51', 'price': 1506}, {'product_id': 'P45', 'price': 641}, {'product_id': 'P56', 'price': 888}]",2019-01-27 16:52:00
