{"customer_id": "C10", "basket": [{"product_id": "P64", "price": 145}, {"product_id": "P62", "price": 1928}], "date_of_purchase": "2019-01-27 03:22:00"}
{"customer_id": "C21", "basket": [{"product_id": "P22", "price": 1755}, {"product_id": "P28", "price": 943}], "date_of_purchase": "2019-01-27 20:32:00"}
{"customer_id": "C23", "basket": [{"product_id": "P17", "price": 694}, {"product_id": "P18", "price": 545}, {"product_id": "P13", "price": 115}], "date_of_purchase": "2019-01-27 18:56:00"}
{"customer_id": "C29", "basket": [{"product_id": "P27", "price": 171}, {"product_id": "P25", "price": 103}], "date_of_purchase": "2019-01-27 14:38:00"}
{"customer_id": "C30", "basket": [{"product_id": "P10", "price": 30}], "date_of_purchase": "2019-01-27 15:09:00"}
{"customer_id": "C35", "basket": [{"product_id": "P36", "price": 129}, {"product_id": "P37", "price": 834}, {"product_id": "P40", "price": 430}], "date_of_purchase": "2019-01-27 17:54:00"}
{"customer_id": "C36", "basket": [{"product_id": "P64", "price": 1939}, {"product_id": "P62", "price": 443}], "date_of_purchase": "2019-01-27 14:13:00"}
{"customer_id": "C47", "basket": [{"product_id": "P39", "price": 57}, {"product_id": "P35", "price": 1215}, {"product_id": "P35", "price": 1903}], "date_of_purchase": "2019-01-27 07:05:00"}
{"customer_id": "C58", "basket": [{"product_id": "P22", "price": 101}, {"product_id": "P28", "price": 1823}], "date_of_purchase": "2019-01-27 22:12:00"}
{"customer_id": "C68", "basket": [{"product_id": "P26", "price": 563}, {"product_id": "P33", "price": 1905}, {"product_id": "P28", "price": 115}], "date_of_purchase": "2019-01-27 14:50:00"}
{"customer_id": "C69", "basket": [{"product_id": "P38", "price": 1165}], "date_of_purchase": "2019-01-27 19:07:00"}
{"customer_id": "C70", "basket": [{"product_id": "P39", "price": 1728}, {"product_id": "P36", "price": 148}, {"product_id": "P38", "price": 1425}], "date_of_purchase": "2019-01-27 07:28:00"}
{"customer_id": "C73", "basket": [{"product_id": "P37", "price": 202}], "date_of_purchase": "2019-01-27 19:54:00"}
{"customer_id": "C82", "basket": [{"product_id": "P34", "price": 185}, {"product_id": "P34", "price": 720}], "date_of_purchase": "2019-01-27 16:38:00"}
{"customer_id": "C85", "basket": [{"product_id": "P34", "price": 1639}, {"product_id": "P26", "price": 204}], "date_of_purchase": "2019-01-27 22:41:00"}
{"customer_id": "C91", "basket": [{"product_id": "P24", "price": 1144}, {"product_id": "P26", "price": 1139}, {"product_id": "P24", "price": 1379}], "date_of_purchase": "2019-01-27 22:22:00"}
{"customer_id": "C93", "basket": [{"product_id": "P46", "price": 81}, {"product_id": "P52", "price": 1808}], "date_of_purchase": "2019-01-27 12:40:00"}
{"customer_id": "C115", "basket": [{"product_id": "P22", "price": 1037}], "date_of_purchase": "2019-01-27 17:43:00"}
{"customer_id": "C121", "basket": [{"product_id": "P02", "price": 1877}, {"product_id": "P01", "price": 1387}], "date_of_purchase": "2019-01-27 08:27:00"}
{"customer_id": "C126", "basket": [{"product_id": "P07", "price": 576}, {"product_id": "P07", "price": 562}], "date_of_purchase": "2019-01-27 16:20:00"}
{"customer_id": "C129", "basket": [{"product_id": "P31", "price": 955}], "date_of_purchase": "2019-01-27 11:23:00"}
{"customer_id": "C131", "basket": [{"product_id": "P51", "price": 1506}, {"product_id": "P45", "price": 641}, {"product_id": "P56", "price": 888}], "date_of_purchase": "2019-01-27 16:52:00"}
