customer_id,basket,date_of_purchase
C7,"[{'product_id': 'P34', 'price': 1906}, {'product_id': 'P24', 'price': 641}]",2019-01-07 20:27:00
C8,"[{'product_id': 'P56', 'price': 860}]",2019-01-07 21:46:00
C31,"[{'product_id': 'P37', 'price': 1000}, {'product_id': 'P36', 'price': 1727}, {'product_id': 'P36', 'price': 725}]",2019-01-07 16:32:00
C35,"[{'product_id': 'P37', 'price': 720}, {'product_id': 'P35', 'price': 1975}]",2019-01-07 07:20:00
C37,"[{'product_id': 'P53', 'price': 949}, {'product_id': 'P56', 'price': 1503}]",2019-01-07 23:03:00
C47,"[{'product_id': 'P35', 'price': 397}]",2019-01-07 16:00:00
C60,"[{'product_id': 'P62', 'price': 755}, {'product_id': 'P62', 'price': 1426}, {'product_id': 'P62', 'price': 1732}]",2019-01-07 22:09:00
C62,"[{'product_id': 'P40', 'price': 38}]",2019-01-07 17:56:00
C65,"[{'product_id': 'P63', 'price': 658}, {'product_id': 'P61', 'price': 1142}]",2019-01-07 08:05:00
C70,"[{'product_id': 'P37', 'price': 975}, {'product_id': 'P37', 'price': 1872}, {'product_id': 'P40', 'price': 1821}]",2019-01-07 19:10:00
C76,"[{'product_id': 'P64', 'price': 66}, {'product_id': 'P64', 'price': 944}, {'product_id': 'P61', 'price': 1592}]",2019-01-07 18:59:00
C78,"[{'product_id': 'P20', 'price': 868}]",2019-01-07 05:15:00
C80,"[{'product_id': 'P07', 'price': 810}]",2019-01-07 21:27:00
C81,"[{'product_id': 'P38', 'price': 1970}]",2019-01-07 04:07:00
C84,"[{'product_id': 'P59', 'price': 1710}]",2019-01-07 17:44:00
C85,"[{'product_id': 'P59', 'price': 1640}, {'product_id': 'P55', 'price': 1198}, {'product_id': 'P54', 'price': 1277}]",2019-01-07 03:41:00
C101,"[{'product_id': 'P32', 'price': 481}]",2019-01-07 20:20:00
C106,"[{'product_id': 'P08', 'price': 1051}, {'product_id': 'P05', 'price': 1820}]",2019-01-07 11:39:00
C107,"[{'product_id': 'P48', 'price': 1932}, {'product_id': 'P45', 'price': 1352}, {'product_id': 'P45', 'price': 781}]",2019-01-07 18:54:00
C112,"[{'product_id': 'P28', 'price': 1536}]",2019-01-07 11:40:00
C124,"[{'product_id': 'P63', 'price': 1531}]",2019-01-07 17:19:00
C125,"[{'product_id': 'P63', 'price': 712}, {'product_id': 'P61', 'price': 720}]",2019-01-07 09:58:00
C134,"[{'product_id': 'P56', 'price': 967}, {'product_id': 'P43', 'price': 930}]",2019-01-07 07:14:00
