{"customer_id": "C7", "basket": [{"product_id": "P34", "price": 1906}, {"product_id": "P24", "price": 641}], "date_of_purchase": "2019-01-07 20:27:00"}
{"customer_id": "C8", "basket": [{"product_id": "P56", "price": 860}], "date_of_purchase": "2019-01-07 21:46:00"}
{"customer_id": "C31", "basket": [{"product_id": "P37", "price": 1000}, {"product_id": "P36", "price": 1727}, {"product_id": "P36", "price": 725}], "date_of_purchase": "2019-01-07 16:32:00"}
{"customer_id": "C35", "basket": [{"product_id": "P37", "price": 720}, {"product_id": "P35", "price": 1975}], "date_of_purchase": "2019-01-07 07:20:00"}
{"customer_id": "C37", "basket": [{"product_id": "P53", "price": 949}, {"product_id": "P56", "price": 1503}], "date_of_purchase": "2019-01-07 23:03:00"}
{"customer_id": "C47", "basket": [{"product_id": "P35", "price": 397}], "date_of_purchase": "2019-01-07 16:00:00"}
{"customer_id": "C60", "basket": [{"product_id": "P62", "price": 755}, {"product_id": "P62", "price": 1426}, {"product_id": "P62", "price": 1732}], "date_of_purchase": "2019-01-07 22:09:00"}
{"customer_id": "C62", "basket": [{"product_id": "P40", "price": 38}], "date_of_purchase": "2019-01-07 17:56:00"}
{"customer_id": "C65", "basket": [{"product_id": "P63", "price": 658}, {"product_id": "P61", "price": 1142}], "date_of_purchase": "2019-01-07 08:05:00"}
{"customer_id": "C70", "basket": [{"product_id": "P37", "price": 975}, {"product_id": "P37", "price": 1872}, {"product_id": "P40", "price": 1821}], "date_of_purchase": "2019-01-07 19:10:00"}
{"customer_id": "C76", "basket": [{"product_id": "P64", "price": 66}, {"product_id": "P64", "price": 944}, {"product_id": "P61", "price": 1592}], "date_of_purchase": "2019-01-07 18:59:00"}
{"customer_id": "C78", "basket": [{"product_id": "P20", "price": 868}], "date_of_purchase": "2019-01-07 05:15:00"}
{"customer_id": "C80", "basket": [{"product_id": "P07", "price": 810}], "date_of_purchase": "2019-01-07 21:27:00"}
{"customer_id": "C81", "basket": [{"product_id": "P38", "price": 1970}], "date_of_purchase": "2019-01-07 04:07:00"}
{"customer_id": "C84", "basket": [{"product_id": "P59", "price": 1710}], "date_of_purchase": "2019-01-07 17:44:00"}
{"customer_id": "C85", "basket": [{"product_id": "P59", "price": 1640}, {"product_id": "P55", "price": 1198}, {"product_id": "P54", "price": 1277}], "date_of_purchase": "2019-01-07 03:41:00"}
{"customer_id": "C101", "basket": [{"product_id": "P32", "price": 481}], "date_of_purchase": "2019-01-07 20:20:00"}
{"customer_id": "C106", "basket": [{"product_id": "P08", "price": 1051}, {"product_id": "P05", "price": 1820}], "date_of_purchase": "2019-01-07 11:39:00"}
{"customer_id": "C107", "basket": [{"product_id": "P48", "price": 1932}, {"product_id": "P45", "price": 1352}, {"product_id": "P45", "price": 781}], "date_of_purchase": "2019-01-07 18:54:00"}
{"customer_id": "C112", "basket": [{"product_id": "P28", "price": 1536}], "date_of_purchase": "2019-01-07 11:40:00"}
{"customer_id": "C124", "basket": [{"product_id": "P63", "price": 1531}], "date_of_purchase": "2019-01-07 17:19:00"}
{"customer_id": "C125", "basket": [{"product_id": "P63", "price": 712}, {"product_id": "P61", "price": 720}], "date_of_purchase": "2019-01-07 09:58:00"}
{"customer_id": "C134", "basket": [{"product_id": "P56", "price": 967}, {"product_id": "P43", "price": 930}], "date_of_purchase": "2019-01-07 07:14:00"}
