{"customer_id": "C7", "basket": [{"product_id": "P25", "price": 864}, {"product_id": "P34", "price": 686}, {"product_id": "P29", "price": 435}], "date_of_purchase": "2018-12-31 08:20:00"}
{"customer_id": "C9", "basket": [{"product_id": "P36", "price": 1357}, {"product_id": "P37", "price": 1482}], "date_of_purchase": "2018-12-31 14:45:00"}
{"customer_id": "C13", "basket": [{"product_id": "P12", "price": 1186}, {"product_id": "P12", "price": 1134}, {"product_id": "P07", "price": 1731}], "date_of_purchase": "2018-12-31 19:41:00"}
{"customer_id": "C15", "basket": [{"product_id": "P36", "price": 1050}], "date_of_purchase": "2018-12-31 17:32:00"}
{"customer_id": "C26", "basket": [{"product_id": "P59", "price": 688}], "date_of_purchase": "2018-12-31 11:16:00"}
{"customer_id": "C29", "basket": [{"product_id": "P40", "price": 898}], "date_of_purchase": "2018-12-31 11:09:00"}
{"customer_id": "C34", "basket": [{"product_id": "P36", "price": 767}, {"product_id": "P40", "price": 219}, {"product_id": "P35", "price": 1063}], "date_of_purchase": "2018-12-31 20:50:00"}
{"customer_id": "C35", "basket": [{"product_id": "P26", "price": 460}, {"product_id": "P31", "price": 1438}], "date_of_purchase": "2018-12-31 17:22:00"}
{"customer_id": "C41", "basket": [{"product_id": "P55", "price": 1843}, {"product_id": "P60", "price": 1493}, {"product_id": "P45", "price": 734}], "date_of_purchase": "2018-12-31 21:04:00"}
{"customer_id": "C42", "basket": [{"product_id": "P30", "price": 1793}], "date_of_purchase": "2018-12-31 10:04:00"}
{"customer_id": "C44", "basket": [{"product_id": "P23", "price": 677}, {"product_id": "P29", "price": 1781}, {"product_id": "P25", "price": 1840}], "date_of_purchase": "2018-12-31 05:19:00"}
{"customer_id": "C45", "basket": [{"product_id": "P32", "price": 1512}, {"product_id": "P25", "price": 1259}], "date_of_purchase": "2018-12-31 23:16:00"}
{"customer_id": "C72", "basket": [{"product_id": "P58", "price": 1388}, {"product_id": "P46", "price": 199}], "date_of_purchase": "2018-12-31 17:30:00"}
{"customer_id": "C82", "basket": [{"product_id": "P33", "price": 1856}, {"product_id": "P24", "price": 710}, {"product_id": "P33", "price": 539}], "date_of_purchase": "2018-12-31 19:45:00"}
{"customer_id": "C92", "basket": [{"product_id": "P62", "price": 532}, {"product_id": "P64", "price": 1674}], "date_of_purchase": "2018-12-31 16:01:00"}
{"customer_id": "C98", "basket": [{"product_id": "P60", "price": 500}, {"product_id": "P48", "price": 1940}], "date_of_purchase": "2018-12-31 05:22:00"}
{"customer_id": "C102", "basket": [{"product_id": "P30", "price": 1052}, {"product_id": "P25", "price": 1238}], "date_of_purchase": "2018-12-31 22:10:00"}
{"customer_id": "C106", "basket": [{"product_id": "P26", "price": 341}], "date_of_purchase": "2018-12-31 04:31:00"}
{"customer_id": "C108", "basket": [{"product_id": "P39", "price": 925}, {"product_id": "P40", "price": 1559}], "date_of_purchase": "2018-12-31 04:45:00"}
{"customer_id": "C114", "basket": [{"product_id": "P36", "price": 1381}, {"product_id": "P39", "price": 135}, {"product_id": "P37", "price": 1360}], "date_of_purchase": "2018-12-31 17:32:00"}
{"customer_id": "C116", "basket": [{"product_id": "P40", "price": 1831}], "date_of_purchase": "2018-12-31 21:08:00"}
{"customer_id": "C126", "basket": [{"product_id": "P05", "price": 140}, {"product_id": "P12", "price": 650}, {"product_id": "P02", "price": 855}], "date_of_purchase": "2018-12-31 22:44:00"}
{"customer_id": "C128", "basket": [{"product_id": "P46", "price": 1732}], "date_of_purchase": "2018-12-31 06:31:00"}
{"customer_id": "C130", "basket": [{"product_id": "P25", "price": 298}], "date_of_purchase": "2018-12-31 13:02:00"}
