customer_id,basket,date_of_purchase
C7,"[{'product_id': 'P25', 'price': 864}, {'product_id': 'P34', 'price': 686}, {'product_id': 'P29', 'price': 435}]",2018-12-31 08:20:00
C9,"[{'product_id': 'P36', 'price': 1357}, {'product_id': 'P37', 'price': 1482}]",2018-12-31 14:45:00
C13,"[{'product_id': 'P12', 'price': 1186}, {'product_id': 'P12', 'price': 1134}, {'product_id': 'P07', 'price': 1731}]",2018-12-31 19:41:00
C15,"[{'product_id': 'P36', 'price': 1050}]",2018-12-31 17:32:00
C26,"[{'product_id': 'P59', 'price': 688}]",2018-12-31 11:16:00
C29,"[{'product_id': 'P40', 'price': 898}]",2018-12-31 11:09:00
C34,"[{'product_id': 'P36', 'price': 767}, {'product_id': 'P40', 'price': 219}, {'product_id': 'P35', 'price': 1063}]",2018-12-31 20:50:00
C35,"[{'product_id': 'P26', 'price': 460}, {'product_id': 'P31', 'price': 1438}]",2018-12-31 17:22:00
C41,"[{'product_id': 'P55', 'price': 1843}, {'product_id': 'P60', 'price': 1493}, {'product_id': 'P45', 'price': 734}]",2018-12-31 21:04:00
C42,"[{'product_id': 'P30', 'price': 1793}]",2018-12-31 10:04:00
C44,"[{'product_id': 'P23', 'price': 677}, {'product_id': 'P29', 'price': 1781}, {'product_id': 'P25', 'price': 1840}]",2018-12-31 05:19:00
C45,"[{'product_id': 'P32', 'price': 1512}, {'product_id': 'P25', 'price': 1259}]",2018-12-31 23:16:00
C72,"[{'product_id': 'P58', 'price': 1388}, {'product_id': 'P46', 'price': 199}]",2018-12-31 17:30:00
C82,"[{'product_id': 'P33', 'price': 1856}, {'product_id': 'P24', 'price': 710}, {'product_id': 'P33', 'price': 539}]",2018-12-31 19:45:00
C92,"[{'product_id': 'P62', 'price': 532}, {'product_id': 'P64', 'price': 1674}]",2018-12-31 16:01:00
C98,"[{'product_id': 'P60', 'price': 500}, {'product_id': 'P48', 'price': 1940}]",2018-12-31 05:22:00
C102,"[{'product_id': 'P30', 'price': 1052}, {'product_id': 'P25', 'price': 1238}]",2018-12-31 22:10:00
C106,"[{'product_id': 'P26', 'price': 341}]",2018-12-31 04:31:00
C108,"[{'product_id': 'P39', 'price': 925}, {'product_id': 'P40', 'price': 1559}]",2018-12-31 04:45:00
C114,"[{'product_id': 'P36', 'price': 1381}, {'product_id': 'P39', 'price': 135}, {'product_id': 'P37', 'price': 1360}]",2018-12-31 17:32:00
C116,"[{'product_id': 'P40', 'price': 1831}]",2018-12-31 21:08:00
C126,"[{'product_id': 'P05', 'price': 140}, {'product_id': 'P12', 'price': 650}, {'product_id': 'P02', 'price': 855}]",2018-12-31 22:44:00
C128,"[{'product_id': 'P46', 'price': 1732}]",2018-12-31 06:31:00
C130,"[{'product_id': 'P25', 'price': 298}]",2018-12-31 13:02:00
