customer_id,basket,date_of_purchase
C4,"[{'product_id': 'P55', 'price': 1003}]",2018-12-28 21:20:00
C21,"[{'product_id': 'P38', 'price': 1979}, {'product_id': 'P38', 'price': 1047}]",2018-12-28 04:28:00
C29,"[{'product_id': 'P13', 'price': 671}, {'product_id': 'P16', 'price': 1446}, {'product_id': 'P16', 'price': 105}]",2018-12-28 21:01:00
C30,"[{'product_id': 'P01', 'price': 852}, {'product_id': 'P11', 'price': 660}, {'product_id': 'P02', 'price': 239}]",2018-12-28 04:10:00
C43,"[{'product_id': 'P04', 'price': 894}, {'product_id': 'P04', 'price': 543}]",2018-12-28 06:39:00
C47,"[{'product_id': 'P37', 'price': 1527}, {'product_id': 'P35', 'price': 1103}, {'product_id': 'P35', 'price': 389}]",2018-12-28 19:35:00
C51,"[{'product_id': 'P12', 'price': 1559}, {'product_id': 'P04', 'price': 657}]",2018-12-28 13:02:00
C54,"[{'product_id': 'P11', 'price': 1720}, {'product_id': 'P08', 'price': 1189}, {'product_id': 'P11', 'price': 748}]",2018-12-28 23:18:00
C55,"[{'product_id': 'P10', 'price': 554}]",2018-12-28 13:51:00
C65,"[{'product_id': 'P61', 'price': 954}, {'product_id': 'P61', 'price': 1764}]",2018-12-28 16:03:00
C70,"[{'product_id': 'P39', 'price': 1966}, {'product_id': 'P35', 'price': 1824}, {'product_id': 'P37', 'price': 121}]",2018-12-28 13:38:00
C72,"[{'product_id': 'P57', 'price': 160}]",2018-12-28 04:57:00
C81,"[{'product_id': 'P26', 'price': 1305}, {'product_id': 'P33', 'price': 1297}]",2018-12-28 07:29:00
C82,"[{'product_id': 'P38', 'price': 656}]",2018-12-28 18:19:00
C88,"[{'product_id': 'P45', 'price': 39}, {'product_id': 'P59', 'price': 1247}, {'product_id': 'P47', 'price': 168}]",2018-12-28 10:19:00
C90,"[{'product_id': 'P54', 'price': 952}, {'product_id': 'P55', 'price': 1637}]",2018-12-28 17:59:00
C97,"[{'product_id': 'P24', 'price': 1669}, {'product_id': 'P32', 'price': 1629}, {'product_id': 'P30', 'price': 852}]",2018-12-28 23:20:00
C101,"[{'product_id': 'P64', 'price': 787}, {'product_id': 'P64', 'price': 1947}]",2018-12-28 23:22:00
C108,"[{'product_id': 'P27', 'price': 394}, {'product_id': 'P31', 'price': 480}]",2018-12-28 15:50:00
C112,"[{'product_id': 'P35', 'price': 1731}, {'product_id': 'P39', 'price': 1135}, {'product_id': 'P39', 'price': 504}]",2018-12-28 03:22:00
C113,"[{'product_id': 'P62', 'price': 232}, {'product_id': 'P64', 'price': 1174}, {'product_id': 'P64', 'price': 1534}]",2018-12-28 03:58:00
C115,"[{'product_id': 'P41', 'price': 1735}, {'product_id': 'P58', 'price': 280}, {'product_id': 'P49', 'price': 1772}]",2018-12-28 06:35:00
C119,"[{'product_id': 'P40', 'price': 1141}, {'product_id': 'P39', 'price': 742}, {'product_id': 'P36', 'price': 1126}]",2018-12-28 10:46:00
C120,"[{'product_id': 'P36', 'price': 1337}, {'product_id': 'P38', 'price': 1995}, {'product_id': 'P36', 'price': 1810}]",2018-12-28 09:30:00
C127,"[{'product_id': 'P08', 'price': 52}, {'product_id': 'P02', 'price': 1632}, {'product_id': 'P02', 'price': 592}]",2018-12-28 16:48:00
C129,"[{'product_id': 'P61', 'price': 833}, {'product_id': 'P62', 'price': 702}]",2018-12-28 09:15:00
C131,"[{'product_id': 'P27', 'price': 7}]",2018-12-28 20:27:00
C134,"[{'product_id': 'P23', 'price': 102}, {'product_id': 'P24', 'price': 87}, {'product_id': 'P31', 'price': 1491}]",2018-12-28 04:05:00
