{"customer_id": "C3", "basket": [{"product_id": "P10", "price": 852}, {"product_id": "P06", "price": 242}], "date_of_purchase": "2019-02-22 14:02:00"}
{"customer_id": "C5", "basket": [{"product_id": "P58", "price": 1469}, {"product_id": "P42", "price": 284}], "date_of_purchase": "2019-02-22 09:49:00"}
{"customer_id": "C6", "basket": [{"product_id": "P64", "price": 1475}, {"product_id": "P63", "price": 354}], "date_of_purchase": "2019-02-22 13:26:00"}
{"customer_id": "C13", "basket": [{"product_id": "P11", "price": 283}], "date_of_purchase": "2019-02-22 20:41:00"}
{"customer_id": "C27", "basket": [{"product_id": "P38", "price": 1866}, {"product_id": "P35", "price": 576}, {"product_id": "P36", "price": 1145}], "date_of_purchase": "2019-02-22 14:52:00"}
{"customer_id": "C28", "basket": [{"product_id": "P44", "price": 1260}], "date_of_purchase": "2019-02-22 15:41:00"}
{"customer_id": "C31", "basket": [{"product_id": "P55", "price": 996}, {"product_id": "P51", "price": 115}], "date_of_purchase": "2019-02-22 17:31:00"}
{"customer_id": "C36", "basket": [{"product_id": "P20", "price": 15}], "date_of_purchase": "2019-02-22 22:25:00"}
{"customer_id": "C40", "basket": [{"product_id": "P07", "price": 1820}], "date_of_purchase": "2019-02-22 08:11:00"}
{"customer_id": "C47", "basket": [{"product_id": "P39", "price": 1736}], "date_of_purchase": "2019-02-22 19:57:00"}
{"customer_id": "C53", "basket": [{"product_id": "P61", "price": 1792}, {"product_id": "P62", "price": 932}, {"product_id": "P62", "price": 1752}], "date_of_purchase": "2019-02-22 10:58:00"}
{"customer_id": "C57", "basket": [{"product_id": "P34", "price": 887}, {"product_id": "P32", "price": 1192}], "date_of_purchase": "2019-02-22 14:33:00"}
{"customer_id": "C63", "basket": [{"product_id": "P38", "price": 177}], "date_of_purchase": "2019-02-22 15:25:00"}
{"customer_id": "C64", "basket": [{"product_id": "P31", "price": 489}, {"product_id": "P22", "price": 1219}], "date_of_purchase": "2019-02-22 05:30:00"}
{"customer_id": "C70", "basket": [{"product_id": "P35", "price": 727}, {"product_id": "P37", "price": 885}, {"product_id": "P39", "price": 1346}], "date_of_purchase": "2019-02-22 14:58:00"}
{"customer_id": "C92", "basket": [{"product_id": "P40", "price": 714}, {"product_id": "P38", "price": 1596}, {"product_id": "P39", "price": 1186}], "date_of_purchase": "2019-02-22 04:43:00"}
{"customer_id": "C100", "basket": [{"product_id": "P34", "price": 390}, {"product_id": "P27", "price": 774}], "date_of_purchase": "2019-02-22 12:27:00"}
{"customer_id": "C118", "basket": [{"product_id": "P54", "price": 1584}, {"product_id": "P56", "price": 1045}, {"product_id": "P54", "price": 1854}], "date_of_purchase": "2019-02-22 03:51:00"}
{"customer_id": "C120", "basket": [{"product_id": "P36", "price": 1270}], "date_of_purchase": "2019-02-22 14:24:00"}
{"customer_id": "C121", "basket": [{"product_id": "P01", "price": 1361}, {"product_id": "P04", "price": 1439}, {"product_id": "P05", "price": 97}], "date_of_purchase": "2019-02-22 09:32:00"}
{"customer_id": "C122", "basket": [{"product_id": "P48", "price": 1112}], "date_of_purchase": "2019-02-22 13:54:00"}
{"customer_id": "C127", "basket": [{"product_id": "P60", "price": 966}, {"product_id": "P46", "price": 939}, {"product_id": "P48", "price": 64}], "date_of_purchase": "2019-02-22 16:10:00"}
{"customer_id": "C133", "basket": [{"product_id": "P51", "price": 1478}, {"product_id": "P58", "price": 724}], "date_of_purchase": "2019-02-22 15:58:00"}
