customer_id,basket,date_of_purchase
C2,"[{'product_id': 'P49', 'price': 1982}, {'product_id': 'P59', 'price': 1642}, {'product_id': 'P50', 'price': 543}]",2019-02-01 04:24:00
C7,"[{'product_id': 'P33', 'price': 1841}, {'product_id': 'P26', 'price': 1163}, {'product_id': 'P33', 'price': 500}]",2019-02-01 05:15:00
C9,"[{'product_id': 'P05', 'price': 1706}, {'product_id': 'P01', 'price': 1899}]",2019-02-01 16:59:00
C13,"[{'product_id': 'P12', 'price': 398}]",2019-02-01 03:04:00
C20,"[{'product_id': 'P46', 'price': 692}, {'product_id': 'P49', 'price': 1138}, {'product_id': 'P41', 'price': 1381}]",2019-02-01 09:10:00
C35,"[{'product_id': 'P40', 'price': 1543}, {'product_id': 'P37', 'price': 161}]",2019-02-01 15:28:00
C41,"[{'product_id': 'P43', 'price': 582}]",2019-02-01 19:43:00
C61,"[{'product_id': 'P33', 'price': 1249}, {'product_id': 'P29', 'price': 1030}]",2019-02-01 05:09:00
C62,"[{'product_id': 'P62', 'price': 68}, {'product_id': 'P63', 'price': 356}]",2019-02-01 18:44:00
C66,"[{'product_id': 'P51', 'price': 1960}, {'product_id': 'P47', 'price': 1659}]",2019-02-01 12:43:00
C68,"[{'product_id': 'P33', 'price': 1906}, {'product_id': 'P24', 'price': 1629}, {'product_id': 'P24', 'price': 1715}]",2019-02-01 09:12:00
C71,"[{'product_id': 'P63', 'price': 1224}]",2019-02-01 22:38:00
C74,"[{'product_id': 'P53', 'price': 373}]",2019-02-01 19:38:00
C79,"[{'product_id': 'P61', 'price': 739}, {'product_id': 'P63', 'price': 1583}]",2019-02-01 16:57:00
C81,"[{'product_id': 'P06', 'price': 332}, {'product_id': 'P06', 'price': 1000}, {'product_id': 'P09', 'price': 1498}]",2019-02-01 08:05:00
C93,"[{'product_id': 'P57', 'price': 1573}, {'product_id': 'P58', 'price': 166}, {'product_id': 'P53', 'price': 1002}]",2019-02-01 06:38:00
C106,"[{'product_id': 'P32', 'price': 1630}, {'product_id': 'P27', 'price': 1462}, {'product_id': 'P34', 'price': 1070}]",2019-02-01 03:44:00
C127,"[{'product_id': 'P10', 'price': 747}]",2019-02-01 06:19:00
C134,"[{'product_id': 'P60', 'price': 1598}, {'product_id': 'P45', 'price': 545}]",2019-02-01 18:05:00
