{"customer_id": "C3", "basket": [{"product_id": "P40", "price": 866}], "date_of_purchase": "2018-12-26 07:26:00"}
{"customer_id": "C17", "basket": [{"product_id": "P08", "price": 615}, {"product_id": "P07", "price": 850}, {"product_id": "P02", "price": 642}], "date_of_purchase": "2018-12-26 15:17:00"}
{"customer_id": "C21", "basket": [{"product_id": "P23", "price": 1478}], "date_of_purchase": "2018-12-26 04:19:00"}
{"customer_id": "C23", "basket": [{"product_id": "P29", "price": 998}, {"product_id": "P25", "price": 325}], "date_of_purchase": "2018-12-26 13:04:00"}
{"customer_id": "C33", "basket": [{"product_id": "P04", "price": 66}], "date_of_purchase": "2018-12-26 23:32:00"}
{"customer_id": "C35", "basket": [{"product_id": "P25", "price": 27}, {"product_id": "P22", "price": 573}], "date_of_purchase": "2018-12-26 15:12:00"}
{"customer_id": "C44", "basket": [{"product_id": "P62", "price": 1693}], "date_of_purchase": "2018-12-26 13:00:00"}
{"customer_id": "C48", "basket": [{"product_id": "P36", "price": 1389}, {"product_id": "P38", "price": 1275}, {"product_id": "P37", "price": 1258}], "date_of_purchase": "2018-12-26 03:16:00"}
{"customer_id": "C50", "basket": [{"product_id": "P02", "price": 543}, {"product_id": "P08", "price": 72}, {"product_id": "P08", "price": 1632}], "date_of_purchase": "2018-12-26 18:18:00"}
{"customer_id": "C64", "basket": [{"product_id": "P26", "price": 793}], "date_of_purchase": "2018-12-26 19:46:00"}
{"customer_id": "C66", "basket": [{"product_id": "P34", "price": 821}, {"product_id": "P34", "price": 1607}, {"product_id": "P33", "price": 626}], "date_of_purchase": "2018-12-26 15:08:00"}
{"customer_id": "C70", "basket": [{"product_id": "P25", "price": 1255}], "date_of_purchase": "2018-12-26 17:27:00"}
{"customer_id": "C82", "basket": [{"product_id": "P23", "price": 843}, {"product_id": "P34", "price": 1997}], "date_of_purchase": "2018-12-26 05:39:00"}
{"customer_id": "C85", "basket": [{"product_id": "P51", "price": 1586}], "date_of_purchase": "2018-12-26 16:17:00"}
{"customer_id": "C89", "basket": [{"product_id": "P09", "price": 1378}, {"product_id": "P06", "price": 1128}], "date_of_purchase": "2018-12-26 21:34:00"}
{"customer_id": "C98", "basket": [{"product_id": "P32", "price": 1383}, {"product_id": "P25", "price": 1045}, {"product_id": "P30", "price": 174}], "date_of_purchase": "2018-12-26 13:14:00"}
{"customer_id": "C101", "basket": [{"product_id": "P01", "price": 761}, {"product_id": "P02", "price": 1138}, {"product_id": "P08", "price": 678}], "date_of_purchase": "2018-12-26 06:58:00"}
{"customer_id": "C106", "basket": [{"product_id": "P29", "price": 622}, {"product_id": "P24", "price": 1819}, {"product_id": "P26", "price": 458}], "date_of_purchase": "2018-12-26 06:35:00"}
{"customer_id": "C111", "basket": [{"product_id": "P59", "price": 604}], "date_of_purchase": "2018-12-26 19:53:00"}
{"customer_id": "C119", "basket": [{"product_id": "P36", "price": 1849}, {"product_id": "P38", "price": 554}, {"product_id": "P38", "price": 511}], "date_of_purchase": "2018-12-26 20:48:00"}
{"customer_id": "C121", "basket": [{"product_id": "P11", "price": 1488}], "date_of_purchase": "2018-12-26 10:06:00"}
{"customer_id": "C127", "basket": [{"product_id": "P08", "price": 123}, {"product_id": "P05", "price": 164}, {"product_id": "P02", "price": 1787}], "date_of_purchase": "2018-12-26 12:44:00"}
{"customer_id": "C128", "basket": [{"product_id": "P60", "price": 399}, {"product_id": "P59", "price": 756}], "date_of_purchase": "2018-12-26 04:04:00"}
{"customer_id": "C134", "basket": [{"product_id": "P30", "price": 965}], "date_of_purchase": "2018-12-26 18:39:00"}
{"customer_id": "C136", "basket": [{"product_id": "P22", "price": 1597}], "date_of_purchase": "2018-12-26 21:51:00"}
