customer_id,basket,date_of_purchase
C3,"[{'product_id': 'P40', 'price': 866}]",2018-12-26 07:26:00
C17,"[{'product_id': 'P08', 'price': 615}, {'product_id': 'P07', 'price': 850}, {'product_id': 'P02', 'price': 642}]",2018-12-26 15:17:00
C21,"[{'product_id': 'P23', 'price': 1478}]",2018-12-26 04:19:00
C23,"[{'product_id': 'P29', 'price': 998}, {'product_id': 'P25', 'price': 325}]",2018-12-26 13:04:00
C33,"[{'product_id': 'P04', 'price': 66}]",2018-12-26 23:32:00
C35,"[{'product_id': 'P25', 'price': 27}, {'product_id': 'P22', 'price': 573}]",2018-12-26 15:12:00
C44,"[{'product_id': 'P62', 'price': 1693}]",2018-12-26 13:00:00
C48,"[{'product_id': 'P36', 'price': 1389}, {'product_id': 'P38', 'price': 1275}, {'product_id': 'P37', 'price': 1258}]",2018-12-26 03:16:00
C50,"[{'product_id': 'P02', 'price': 543}, {'product_id': 'P08', 'price': 72}, {'product_id': 'P08', 'price': 1632}]",2018-12-26 18:18:00
C64,"[{'product_id': 'P26', 'price': 793}]",2018-12-26 19:46:00
C66,"[{'product_id': 'P34', 'price': 821}, {'product_id': 'P34', 'price': 1607}, {'product_id': 'P33', 'price': 626}]",2018-12-26 15:08:00
C70,"[{'product_id': 'P25', 'price': 1255}]",2018-12-26 17:27:00
C82,"[{'product_id': 'P23', 'price': 843}, {'product_id': 'P34', 'price': 1997}]",2018-12-26 05:39:00
C85,"[{'product_id': 'P51', 'price': 1586}]",2018-12-26 16:17:00
C89,"[{'product_id': 'P09', 'price': 1378}, {'product_id': 'P06', 'price': 1128}]",2018-12-26 21:34:00
C98,"[{'product_id': 'P32', 'price': 1383}, {'product_id': 'P25', 'price': 1045}, {'product_id': 'P30', 'price': 174}]",2018-12-26 13:14:00
C101,"[{'product_id': 'P01', 'price': 761}, {'product_id': 'P02', 'price': 1138}, {'product_id': 'P08', 'price': 678}]",2018-12-26 06:58:00
C106,"[{'product_id': 'P29', 'price': 622}, {'product_id': 'P24', 'price': 1819}, {'product_id': 'P26', 'price': 458}]",2018-12-26 06:35:00
C111,"[{'product_id': 'P59', 'price': 604}]",2018-12-26 19:53:00
C119,"[{'product_id': 'P36', 'price': 1849}, {'product_id': 'P38', 'price': 554}, {'product_id': 'P38', 'price': 511}]",2018-12-26 20:48:00
C121,"[{'product_id': 'P11', 'price': 1488}]",2018-12-26 10:06:00
C127,"[{'product_id': 'P08', 'price': 123}, {'product_id': 'P05', 'price': 164}, {'product_id': 'P02', 'price': 1787}]",2018-12-26 12:44:00
C128,"[{'product_id': 'P60', 'price': 399}, {'product_id': 'P59', 'price': 756}]",2018-12-26 04:04:00
C134,"[{'product_id': 'P30', 'price': 965}]",2018-12-26 18:39:00
C136,"[{'product_id': 'P22', 'price': 1597}]",2018-12-26 21:51:00
