customer_id,basket,date_of_purchase
C9,"[{'product_id': 'P39', 'price': 1865}]",2018-12-08 17:23:00
C20,"[{'product_id': 'P36', 'price': 602}, {'product_id': 'P38', 'price': 1722}, {'product_id': 'P38', 'price': 17}]",2018-12-08 08:38:00
C27,"[{'product_id': 'P38', 'price': 1353}, {'product_id': 'P37', 'price': 1149}, {'product_id': 'P39', 'price': 1486}]",2018-12-08 20:29:00
C30,"[{'product_id': 'P11', 'price': 494}, {'product_id': 'P07', 'price': 1884}]",2018-12-08 14:07:00
C36,"[{'product_id': 'P20', 'price': 1914}, {'product_id': 'P16', 'price': 583}]",2018-12-08 12:57:00
C44,"[{'product_id': 'P27', 'price': 822}]",2018-12-08 23:24:00
C48,"[{'product_id': 'P54', 'price': 320}, {'product_id': 'P45', 'price': 996}]",2018-12-08 21:26:00
C57,"[{'product_id': 'P28', 'price': 343}]",2018-12-08 13:53:00
C66,"[{'product_id': 'P33', 'price': 1430}]",2018-12-08 17:46:00
C81,"[{'product_id': 'P45', 'price': 1203}, {'product_id': 'P49', 'price': 1638}]",2018-12-08 03:54:00
C82,"[{'product_id': 'P38', 'price': 1735}]",2018-12-08 21:28:00
C84,"[{'product_id': 'P55', 'price': 456}]",2018-12-08 11:14:00
C86,"[{'product_id': 'P31', 'price': 1914}]",2018-12-08 19:58:00
C88,"[{'product_id': 'P29', 'price': 473}, {'product_id': 'P28', 'price': 572}, {'product_id': 'P24', 'price': 778}]",2018-12-08 03:13:00
C92,"[{'product_id': 'P40', 'price': 1368}, {'product_id': 'P37', 'price': 1549}]",2018-12-08 05:36:00
C104,"[{'product_id': 'P37', 'price': 528}, {'product_id': 'P37', 'price': 333}]",2018-12-08 19:51:00
C108,"[{'product_id': 'P35', 'price': 1690}]",2018-12-08 09:26:00
C109,"[{'product_id': 'P23', 'price': 647}, {'product_id': 'P32', 'price': 219}, {'product_id': 'P33', 'price': 467}]",2018-12-08 14:35:00
C122,"[{'product_id': 'P49', 'price': 825}]",2018-12-08 10:25:00
C130,"[{'product_id': 'P46', 'price': 718}, {'product_id': 'P47', 'price': 1526}, {'product_id': 'P44', 'price': 1082}]",2018-12-08 07:43:00
