{"customer_id": "C9", "basket": [{"product_id": "P39", "price": 1865}], "date_of_purchase": "2018-12-08 17:23:00"}
{"customer_id": "C20", "basket": [{"product_id": "P36", "price": 602}, {"product_id": "P38", "price": 1722}, {"product_id": "P38", "price": 17}], "date_of_purchase": "2018-12-08 08:38:00"}
{"customer_id": "C27", "basket": [{"product_id": "P38", "price": 1353}, {"product_id": "P37", "price": 1149}, {"product_id": "P39", "price": 1486}], "date_of_purchase": "2018-12-08 20:29:00"}
{"customer_id": "C30", "basket": [{"product_id": "P11", "price": 494}, {"product_id": "P07", "price": 1884}], "date_of_purchase": "2018-12-08 14:07:00"}
{"customer_id": "C36", "basket": [{"product_id": "P20", "price": 1914}, {"product_id": "P16", "price": 583}], "date_of_purchase": "2018-12-08 12:57:00"}
{"customer_id": "C44", "basket": [{"product_id": "P27", "price": 822}], "date_of_purchase": "2018-12-08 23:24:00"}
{"customer_id": "C48", "basket": [{"product_id": "P54", "price": 320}, {"product_id": "P45", "price": 996}], "date_of_purchase": "2018-12-08 21:26:00"}
{"customer_id": "C57", "basket": [{"product_id": "P28", "price": 343}], "date_of_purchase": "2018-12-08 13:53:00"}
{"customer_id": "C66", "basket": [{"product_id": "P33", "price": 1430}], "date_of_purchase": "2018-12-08 17:46:00"}
{"customer_id": "C81", "basket": [{"product_id": "P45", "price": 1203}, {"product_id": "P49", "price": 1638}], "date_of_purchase": "2018-12-08 03:54:00"}
{"customer_id": "C82", "basket": [{"product_id": "P38", "price": 1735}], "date_of_purchase": "2018-12-08 21:28:00"}
{"customer_id": "C84", "basket": [{"product_id": "P55", "price": 456}], "date_of_purchase": "2018-12-08 11:14:00"}
{"customer_id": "C86", "basket": [{"product_id": "P31", "price": 1914}], "date_of_purchase": "2018-12-08 19:58:00"}
{"customer_id": "C88", "basket": [{"product_id": "P29", "price": 473}, {"product_id": "P28", "price": 572}, {"product_id": "P24", "price": 778}], "date_of_purchase": "2018-12-08 03:13:00"}
{"customer_id": "C92", "basket": [{"product_id": "P40", "price": 1368}, {"product_id": "P37", "price": 1549}], "date_of_purchase": "2018-12-08 05:36:00"}
{"customer_id": "C104", "basket": [{"product_id": "P37", "price": 528}, {"product_id": "P37", "price": 333}], "date_of_purchase": "2018-12-08 19:51:00"}
{"customer_id": "C108", "basket": [{"product_id": "P35", "price": 1690}], "date_of_purchase": "2018-12-08 09:26:00"}
{"customer_id": "C109", "basket": [{"product_id": "P23", "price": 647}, {"product_id": "P32", "price": 219}, {"product_id": "P33", "price": 467}], "date_of_purchase": "2018-12-08 14:35:00"}
{"customer_id": "C122", "basket": [{"product_id": "P49", "price": 825}], "date_of_purchase": "2018-12-08 10:25:00"}
{"customer_id": "C130", "basket": [{"product_id": "P46", "price": 718}, {"product_id": "P47", "price": 1526}, {"product_id": "P44", "price": 1082}], "date_of_purchase": "2018-12-08 07:43:00"}
