{"customer_id": "C5", "basket": [{"product_id": "P06", "price": 1580}], "date_of_purchase": "2019-02-19 22:27:00"}
{"customer_id": "C8", "basket": [{"product_id": "P49", "price": 1874}, {"product_id": "P49", "price": 452}], "date_of_purchase": "2019-02-19 04:48:00"}
{"customer_id": "C10", "basket": [{"product_id": "P61", "price": 733}, {"product_id": "P61", "price": 940}, {"product_id": "P62", "price": 771}], "date_of_purchase": "2019-02-19 19:26:00"}
{"customer_id": "C15", "basket": [{"product_id": "P40", "price": 182}, {"product_id": "P37", "price": 1066}, {"product_id": "P38", "price": 371}], "date_of_purchase": "2019-02-19 19:14:00"}
{"customer_id": "C18", "basket": [{"product_id": "P52", "price": 175}, {"product_id": "P41", "price": 57}], "date_of_purchase": "2019-02-19 10:16:00"}
{"customer_id": "C19", "basket": [{"product_id": "P25", "price": 461}, {"product_id": "P31", "price": 675}, {"product_id": "P31", "price": 1446}], "date_of_purchase": "2019-02-19 14:48:00"}
{"customer_id": "C20", "basket": [{"product_id": "P54", "price": 1313}, {"product_id": "P59", "price": 1835}, {"product_id": "P54", "price": 347}], "date_of_purchase": "2019-02-19 08:39:00"}
{"customer_id": "C21", "basket": [{"product_id": "P33", "price": 1228}], "date_of_purchase": "2019-02-19 23:17:00"}
{"customer_id": "C23", "basket": [{"product_id": "P36", "price": 224}, {"product_id": "P36", "price": 19}], "date_of_purchase": "2019-02-19 14:51:00"}
{"customer_id": "C36", "basket": [{"product_id": "P61", "price": 1303}, {"product_id": "P61", "price": 1769}, {"product_id": "P62", "price": 1410}], "date_of_purchase": "2019-02-19 19:30:00"}
{"customer_id": "C39", "basket": [{"product_id": "P45", "price": 1033}, {"product_id": "P44", "price": 418}, {"product_id": "P54", "price": 1268}], "date_of_purchase": "2019-02-19 17:34:00"}
{"customer_id": "C49", "basket": [{"product_id": "P25", "price": 203}, {"product_id": "P30", "price": 260}, {"product_id": "P24", "price": 758}], "date_of_purchase": "2019-02-19 08:51:00"}
{"customer_id": "C50", "basket": [{"product_id": "P43", "price": 1387}], "date_of_purchase": "2019-02-19 18:52:00"}
{"customer_id": "C51", "basket": [{"product_id": "P38", "price": 1368}], "date_of_purchase": "2019-02-19 17:38:00"}
{"customer_id": "C60", "basket": [{"product_id": "P09", "price": 944}], "date_of_purchase": "2019-02-19 20:28:00"}
{"customer_id": "C64", "basket": [{"product_id": "P25", "price": 420}, {"product_id": "P24", "price": 581}], "date_of_purchase": "2019-02-19 05:30:00"}
{"customer_id": "C67", "basket": [{"product_id": "P52", "price": 1636}], "date_of_purchase": "2019-02-19 20:55:00"}
{"customer_id": "C73", "basket": [{"product_id": "P17", "price": 1000}], "date_of_purchase": "2019-02-19 22:40:00"}
{"customer_id": "C77", "basket": [{"product_id": "P63", "price": 1313}, {"product_id": "P61", "price": 284}], "date_of_purchase": "2019-02-19 12:42:00"}
{"customer_id": "C81", "basket": [{"product_id": "P35", "price": 456}], "date_of_purchase": "2019-02-19 05:33:00"}
{"customer_id": "C91", "basket": [{"product_id": "P59", "price": 1}, {"product_id": "P59", "price": 1008}, {"product_id": "P48", "price": 318}], "date_of_purchase": "2019-02-19 20:32:00"}
{"customer_id": "C103", "basket": [{"product_id": "P12", "price": 586}], "date_of_purchase": "2019-02-19 22:18:00"}
{"customer_id": "C108", "basket": [{"product_id": "P22", "price": 1630}, {"product_id": "P24", "price": 147}, {"product_id": "P22", "price": 110}], "date_of_purchase": "2019-02-19 12:46:00"}
{"customer_id": "C112", "basket": [{"product_id": "P23", "price": 515}, {"product_id": "P28", "price": 805}], "date_of_purchase": "2019-02-19 14:17:00"}
{"customer_id": "C115", "basket": [{"product_id": "P14", "price": 561}, {"product_id": "P19", "price": 819}], "date_of_purchase": "2019-02-19 14:53:00"}
{"customer_id": "C121", "basket": [{"product_id": "P02", "price": 725}, {"product_id": "P10", "price": 1380}, {"product_id": "P04", "price": 608}], "date_of_purchase": "2019-02-19 14:42:00"}
{"customer_id": "C125", "basket": [{"product_id": "P46", "price": 490}, {"product_id": "P59", "price": 972}], "date_of_purchase": "2019-02-19 08:13:00"}
{"customer_id": "C129", "basket": [{"product_id": "P62", "price": 1303}, {"product_id": "P62", "price": 522}, {"product_id": "P62", "price": 1776}], "date_of_purchase": "2019-02-19 22:59:00"}
{"customer_id": "C136", "basket": [{"product_id": "P53", "price": 1965}, {"product_id": "P53", "price": 341}], "date_of_purchase": "2019-02-19 08:13:00"}
{"customer_id": "C137", "basket": [{"product_id": "P07", "price": 95}, {"product_id": "P06", "price": 1654}], "date_of_purchase": "2019-02-19 20:47:00"}
