customer_id,basket,date_of_purchase
C5,"[{'product_id': 'P06', 'price': 1580}]",2019-02-19 22:27:00
C8,"[{'product_id': 'P49', 'price': 1874}, {'product_id': 'P49', 'price': 452}]",2019-02-19 04:48:00
C10,"[{'product_id': 'P61', 'price': 733}, {'product_id': 'P61', 'price': 940}, {'product_id': 'P62', 'price': 771}]",2019-02-19 19:26:00
C15,"[{'product_id': 'P40', 'price': 182}, {'product_id': 'P37', 'price': 1066}, {'product_id': 'P38', 'price': 371}]",2019-02-19 19:14:00
C18,"[{'product_id': 'P52', 'price': 175}, {'product_id': 'P41', 'price': 57}]",2019-02-19 10:16:00
C19,"[{'product_id': 'P25', 'price': 461}, {'product_id': 'P31', 'price': 675}, {'product_id': 'P31', 'price': 1446}]",2019-02-19 14:48:00
C20,"[{'product_id': 'P54', 'price': 1313}, {'product_id': 'P59', 'price': 1835}, {'product_id': 'P54', 'price': 347}]",2019-02-19 08:39:00
C21,"[{'product_id': 'P33', 'price': 1228}]",2019-02-19 23:17:00
C23,"[{'product_id': 'P36', 'price': 224}, {'product_id': 'P36', 'price': 19}]",2019-02-19 14:51:00
C36,"[{'product_id': 'P61', 'price': 1303}, {'product_id': 'P61', 'price': 1769}, {'product_id': 'P62', 'price': 1410}]",2019-02-19 19:30:00
C39,"[{'product_id': 'P45', 'price': 1033}, {'product_id': 'P44', 'price': 418}, {'product_id': 'P54', 'price': 1268}]",2019-02-19 17:34:00
C49,"[{'product_id': 'P25', 'price': 203}, {'product_id': 'P30', 'price': 260}, {'product_id': 'P24', 'price': 758}]",2019-02-19 08:51:00
C50,"[{'product_id': 'P43', 'price': 1387}]",2019-02-19 18:52:00
C51,"[{'product_id': 'P38', 'price': 1368}]",2019-02-19 17:38:00
C60,"[{'product_id': 'P09', 'price': 944}]",2019-02-19 20:28:00
C64,"[{'product_id': 'P25', 'price': 420}, {'product_id': 'P24', 'price': 581}]",2019-02-19 05:30:00
C67,"[{'product_id': 'P52', 'price': 1636}]",2019-02-19 20:55:00
C73,"[{'product_id': 'P17', 'price': 1000}]",2019-02-19 22:40:00
C77,"[{'product_id': 'P63', 'price': 1313}, {'product_id': 'P61', 'price': 284}]",2019-02-19 12:42:00
C81,"[{'product_id': 'P35', 'price': 456}]",2019-02-19 05:33:00
C91,"[{'product_id': 'P59', 'price': 1}, {'product_id': 'P59', 'price': 1008}, {'product_id': 'P48', 'price': 318}]",2019-02-19 20:32:00
C103,"[{'product_id': 'P12', 'price': 586}]",2019-02-19 22:18:00
C108,"[{'product_id': 'P22', 'price': 1630}, {'product_id': 'P24', 'price': 147}, {'product_id': 'P22', 'price': 110}]",2019-02-19 12:46:00
C112,"[{'product_id': 'P23', 'price': 515}, {'product_id': 'P28', 'price': 805}]",2019-02-19 14:17:00
C115,"[{'product_id': 'P14', 'price': 561}, {'product_id': 'P19', 'price': 819}]",2019-02-19 14:53:00
C121,"[{'product_id': 'P02', 'price': 725}, {'product_id': 'P10', 'price': 1380}, {'product_id': 'P04', 'price': 608}]",2019-02-19 14:42:00
C125,"[{'product_id': 'P46', 'price': 490}, {'product_id': 'P59', 'price': 972}]",2019-02-19 08:13:00
C129,"[{'product_id': 'P62', 'price': 1303}, {'product_id': 'P62', 'price': 522}, {'product_id': 'P62', 'price': 1776}]",2019-02-19 22:59:00
C136,"[{'product_id': 'P53', 'price': 1965}, {'product_id': 'P53', 'price': 341}]",2019-02-19 08:13:00
C137,"[{'product_id': 'P07', 'price': 95}, {'product_id': 'P06', 'price': 1654}]",2019-02-19 20:47:00
