{"customer_id": "C7", "basket": [{"product_id": "P22", "price": 1923}], "date_of_purchase": "2019-03-01 14:28:00"}
{"customer_id": "C8", "basket": [{"product_id": "P54", "price": 1648}, {"product_id": "P47", "price": 1307}], "date_of_purchase": "2019-03-01 11:15:00"}
{"customer_id": "C15", "basket": [{"product_id": "P39", "price": 24}, {"product_id": "P35", "price": 1427}, {"product_id": "P35", "price": 449}], "date_of_purchase": "2019-03-01 09:37:00"}
{"customer_id": "C16", "basket": [{"product_id": "P35", "price": 1268}, {"product_id": "P40", "price": 212}], "date_of_purchase": "2019-03-01 08:52:00"}
{"customer_id": "C17", "basket": [{"product_id": "P09", "price": 1284}, {"product_id": "P03", "price": 737}], "date_of_purchase": "2019-03-01 16:43:00"}
{"customer_id": "C19", "basket": [{"product_id": "P23", "price": 1531}], "date_of_purchase": "2019-03-01 05:01:00"}
{"customer_id": "C20", "basket": [{"product_id": "P46", "price": 1283}], "date_of_purchase": "2019-03-01 15:39:00"}
{"customer_id": "C27", "basket": [{"product_id": "P37", "price": 977}, {"product_id": "P39", "price": 71}, {"product_id": "P38", "price": 902}], "date_of_purchase": "2019-03-01 09:26:00"}
{"customer_id": "C28", "basket": [{"product_id": "P41", "price": 1483}, {"product_id": "P54", "price": 1128}], "date_of_purchase": "2019-03-01 03:46:00"}
{"customer_id": "C30", "basket": [{"product_id": "P03", "price": 739}, {"product_id": "P06", "price": 85}, {"product_id": "P02", "price": 444}], "date_of_purchase": "2019-03-01 05:52:00"}
{"customer_id": "C32", "basket": [{"product_id": "P56", "price": 1442}, {"product_id": "P47", "price": 969}], "date_of_purchase": "2019-03-01 04:23:00"}
{"customer_id": "C38", "basket": [{"product_id": "P36", "price": 498}, {"product_id": "P37", "price": 1237}], "date_of_purchase": "2019-03-01 05:11:00"}
{"customer_id": "C43", "basket": [{"product_id": "P06", "price": 1143}, {"product_id": "P02", "price": 433}], "date_of_purchase": "2019-03-01 16:19:00"}
{"customer_id": "C62", "basket": [{"product_id": "P61", "price": 1586}], "date_of_purchase": "2019-03-01 20:34:00"}
{"customer_id": "C64", "basket": [{"product_id": "P30", "price": 632}], "date_of_purchase": "2019-03-01 08:33:00"}
{"customer_id": "C65", "basket": [{"product_id": "P54", "price": 407}], "date_of_purchase": "2019-03-01 11:52:00"}
{"customer_id": "C78", "basket": [{"product_id": "P35", "price": 213}], "date_of_purchase": "2019-03-01 15:59:00"}
{"customer_id": "C81", "basket": [{"product_id": "P31", "price": 724}], "date_of_purchase": "2019-03-01 06:06:00"}
{"customer_id": "C82", "basket": [{"product_id": "P23", "price": 363}], "date_of_purchase": "2019-03-01 13:43:00"}
{"customer_id": "C85", "basket": [{"product_id": "P48", "price": 744}, {"product_id": "P54", "price": 1295}], "date_of_purchase": "2019-03-01 23:20:00"}
{"customer_id": "C94", "basket": [{"product_id": "P35", "price": 1357}, {"product_id": "P37", "price": 654}, {"product_id": "P39", "price": 74}], "date_of_purchase": "2019-03-01 06:09:00"}
{"customer_id": "C101", "basket": [{"product_id": "P10", "price": 207}, {"product_id": "P03", "price": 1043}, {"product_id": "P02", "price": 664}], "date_of_purchase": "2019-03-01 17:23:00"}
{"customer_id": "C115", "basket": [{"product_id": "P54", "price": 658}, {"product_id": "P49", "price": 1836}], "date_of_purchase": "2019-03-01 03:24:00"}
{"customer_id": "C121", "basket": [{"product_id": "P03", "price": 1079}, {"product_id": "P11", "price": 173}], "date_of_purchase": "2019-03-01 14:23:00"}
{"customer_id": "C128", "basket": [{"product_id": "P35", "price": 279}, {"product_id": "P40", "price": 502}, {"product_id": "P38", "price": 1352}], "date_of_purchase": "2019-03-01 15:41:00"}
{"customer_id": "C131", "basket": [{"product_id": "P63", "price": 1580}, {"product_id": "P64", "price": 1139}], "date_of_purchase": "2019-03-01 14:42:00"}
