{"customer_id": "C1", "basket": [{"product_id": "P29", "price": 1330}], "date_of_purchase": "2018-12-13 21:58:00"}
{"customer_id": "C5", "basket": [{"product_id": "P50", "price": 420}, {"product_id": "P51", "price": 1964}], "date_of_purchase": "2018-12-13 08:36:00"}
{"customer_id": "C14", "basket": [{"product_id": "P44", "price": 1943}, {"product_id": "P49", "price": 1016}], "date_of_purchase": "2018-12-13 13:30:00"}
{"customer_id": "C40", "basket": [{"product_id": "P01", "price": 1892}, {"product_id": "P12", "price": 311}, {"product_id": "P04", "price": 231}], "date_of_purchase": "2018-12-13 20:08:00"}
{"customer_id": "C44", "basket": [{"product_id": "P27", "price": 1129}, {"product_id": "P26", "price": 1637}], "date_of_purchase": "2018-12-13 08:09:00"}
{"customer_id": "C46", "basket": [{"product_id": "P31", "price": 1108}], "date_of_purchase": "2018-12-13 09:43:00"}
{"customer_id": "C48", "basket": [{"product_id": "P53", "price": 1101}], "date_of_purchase": "2018-12-13 20:16:00"}
{"customer_id": "C57", "basket": [{"product_id": "P63", "price": 1333}], "date_of_purchase": "2018-12-13 06:46:00"}
{"customer_id": "C65", "basket": [{"product_id": "P63", "price": 72}, {"product_id": "P62", "price": 1602}, {"product_id": "P62", "price": 471}], "date_of_purchase": "2018-12-13 13:25:00"}
{"customer_id": "C67", "basket": [{"product_id": "P62", "price": 351}, {"product_id": "P61", "price": 838}, {"product_id": "P62", "price": 259}], "date_of_purchase": "2018-12-13 16:15:00"}
{"customer_id": "C70", "basket": [{"product_id": "P22", "price": 1392}, {"product_id": "P29", "price": 549}, {"product_id": "P33", "price": 126}], "date_of_purchase": "2018-12-13 21:36:00"}
{"customer_id": "C71", "basket": [{"product_id": "P63", "price": 1310}, {"product_id": "P63", "price": 1825}, {"product_id": "P61", "price": 920}], "date_of_purchase": "2018-12-13 14:08:00"}
{"customer_id": "C76", "basket": [{"product_id": "P62", "price": 725}, {"product_id": "P62", "price": 424}], "date_of_purchase": "2018-12-13 02:48:00"}
{"customer_id": "C79", "basket": [{"product_id": "P10", "price": 62}], "date_of_purchase": "2018-12-13 13:01:00"}
{"customer_id": "C82", "basket": [{"product_id": "P23", "price": 160}, {"product_id": "P33", "price": 515}], "date_of_purchase": "2018-12-13 15:47:00"}
{"customer_id": "C85", "basket": [{"product_id": "P08", "price": 224}, {"product_id": "P03", "price": 349}], "date_of_purchase": "2018-12-13 18:00:00"}
{"customer_id": "C88", "basket": [{"product_id": "P41", "price": 833}], "date_of_purchase": "2018-12-13 20:35:00"}
{"customer_id": "C91", "basket": [{"product_id": "P31", "price": 1710}], "date_of_purchase": "2018-12-13 12:03:00"}
{"customer_id": "C96", "basket": [{"product_id": "P37", "price": 437}], "date_of_purchase": "2018-12-13 14:18:00"}
{"customer_id": "C99", "basket": [{"product_id": "P40", "price": 1803}], "date_of_purchase": "2018-12-13 14:12:00"}
{"customer_id": "C100", "basket": [{"product_id": "P24", "price": 1507}, {"product_id": "P28", "price": 1980}], "date_of_purchase": "2018-12-13 19:01:00"}
{"customer_id": "C101", "basket": [{"product_id": "P62", "price": 1984}], "date_of_purchase": "2018-12-13 04:19:00"}
{"customer_id": "C118", "basket": [{"product_id": "P34", "price": 1325}], "date_of_purchase": "2018-12-13 15:28:00"}
{"customer_id": "C129", "basket": [{"product_id": "P30", "price": 147}], "date_of_purchase": "2018-12-13 08:59:00"}
{"customer_id": "C131", "basket": [{"product_id": "P62", "price": 434}, {"product_id": "P61", "price": 1799}, {"product_id": "P63", "price": 671}], "date_of_purchase": "2018-12-13 03:52:00"}
{"customer_id": "C136", "basket": [{"product_id": "P55", "price": 1171}, {"product_id": "P58", "price": 379}], "date_of_purchase": "2018-12-13 04:33:00"}
