{"customer_id": "C2", "basket": [{"product_id": "P51", "price": 1678}, {"product_id": "P58", "price": 733}], "date_of_purchase": "2019-01-25 15:55:00"}
{"customer_id": "C7", "basket": [{"product_id": "P25", "price": 1343}, {"product_id": "P25", "price": 150}], "date_of_purchase": "2019-01-25 10:45:00"}
{"customer_id": "C29", "basket": [{"product_id": "P19", "price": 1244}, {"product_id": "P21", "price": 95}, {"product_id": "P18", "price": 322}], "date_of_purchase": "2019-01-25 07:02:00"}
{"customer_id": "C33", "basket": [{"product_id": "P01", "price": 58}], "date_of_purchase": "2019-01-25 13:55:00"}
{"customer_id": "C36", "basket": [{"product_id": "P63", "price": 148}], "date_of_purchase": "2019-01-25 15:57:00"}
{"customer_id": "C37", "basket": [{"product_id": "P55", "price": 494}], "date_of_purchase": "2019-01-25 13:42:00"}
{"customer_id": "C42", "basket": [{"product_id": "P33", "price": 1066}, {"product_id": "P29", "price": 1735}], "date_of_purchase": "2019-01-25 22:48:00"}
{"customer_id": "C47", "basket": [{"product_id": "P38", "price": 397}, {"product_id": "P37", "price": 895}, {"product_id": "P37", "price": 185}], "date_of_purchase": "2019-01-25 04:19:00"}
{"customer_id": "C51", "basket": [{"product_id": "P52", "price": 1381}, {"product_id": "P49", "price": 1936}, {"product_id": "P47", "price": 806}], "date_of_purchase": "2019-01-25 14:47:00"}
{"customer_id": "C54", "basket": [{"product_id": "P57", "price": 990}], "date_of_purchase": "2019-01-25 04:48:00"}
{"customer_id": "C58", "basket": [{"product_id": "P52", "price": 1985}, {"product_id": "P49", "price": 1325}, {"product_id": "P49", "price": 738}], "date_of_purchase": "2019-01-25 18:10:00"}
{"customer_id": "C64", "basket": [{"product_id": "P32", "price": 1505}], "date_of_purchase": "2019-01-25 11:06:00"}
{"customer_id": "C67", "basket": [{"product_id": "P62", "price": 459}, {"product_id": "P61", "price": 1440}, {"product_id": "P64", "price": 623}], "date_of_purchase": "2019-01-25 22:38:00"}
{"customer_id": "C70", "basket": [{"product_id": "P40", "price": 228}, {"product_id": "P39", "price": 1674}], "date_of_purchase": "2019-01-25 03:25:00"}
{"customer_id": "C72", "basket": [{"product_id": "P42", "price": 1295}, {"product_id": "P47", "price": 1535}], "date_of_purchase": "2019-01-25 04:10:00"}
{"customer_id": "C79", "basket": [{"product_id": "P10", "price": 1970}, {"product_id": "P11", "price": 1308}], "date_of_purchase": "2019-01-25 06:38:00"}
{"customer_id": "C84", "basket": [{"product_id": "P64", "price": 702}, {"product_id": "P61", "price": 75}], "date_of_purchase": "2019-01-25 03:42:00"}
{"customer_id": "C85", "basket": [{"product_id": "P57", "price": 564}], "date_of_purchase": "2019-01-25 20:13:00"}
{"customer_id": "C94", "basket": [{"product_id": "P37", "price": 1493}, {"product_id": "P35", "price": 1117}, {"product_id": "P35", "price": 357}], "date_of_purchase": "2019-01-25 05:07:00"}
{"customer_id": "C95", "basket": [{"product_id": "P28", "price": 121}], "date_of_purchase": "2019-01-25 13:25:00"}
{"customer_id": "C111", "basket": [{"product_id": "P54", "price": 637}, {"product_id": "P51", "price": 755}, {"product_id": "P46", "price": 585}], "date_of_purchase": "2019-01-25 08:48:00"}
{"customer_id": "C114", "basket": [{"product_id": "P37", "price": 1505}, {"product_id": "P39", "price": 569}], "date_of_purchase": "2019-01-25 20:34:00"}
{"customer_id": "C119", "basket": [{"product_id": "P37", "price": 587}, {"product_id": "P37", "price": 1153}], "date_of_purchase": "2019-01-25 04:13:00"}
{"customer_id": "C127", "basket": [{"product_id": "P47", "price": 1954}, {"product_id": "P55", "price": 1243}], "date_of_purchase": "2019-01-25 07:07:00"}
{"customer_id": "C128", "basket": [{"product_id": "P46", "price": 1184}, {"product_id": "P60", "price": 170}, {"product_id": "P50", "price": 951}], "date_of_purchase": "2019-01-25 17:00:00"}
{"customer_id": "C131", "basket": [{"product_id": "P22", "price": 1155}], "date_of_purchase": "2019-01-25 11:30:00"}
