customer_id,basket,date_of_purchase
C2,"[{'product_id': 'P51', 'price': 1678}, {'product_id': 'P58', 'price': 733}]",2019-01-25 15:55:00
C7,"[{'product_id': 'P25', 'price': 1343}, {'product_id': 'P25', 'price': 150}]",2019-01-25 10:45:00
C29,"[{'product_id': 'P19', 'price': 1244}, {'product_id': 'P21', 'price': 95}, {'product_id': 'P18', 'price': 322}]",2019-01-25 07:02:00
C33,"[{'product_id': 'P01', 'price': 58}]",2019-01-25 13:55:00
C36,"[{'product_id': 'P63', 'price': 148}]",2019-01-25 15:57:00
C37,"[{'product_id': 'P55', 'price': 494}]",2019-01-25 13:42:00
C42,"[{'product_id': 'P33', 'price': 1066}, {'product_id': 'P29', 'price': 1735}]",2019-01-25 22:48:00
C47,"[{'product_id': 'P38', 'price': 397}, {'product_id': 'P37', 'price': 895}, {'product_id': 'P37', 'price': 185}]",2019-01-25 04:19:00
C51,"[{'product_id': 'P52', 'price': 1381}, {'product_id': 'P49', 'price': 1936}, {'product_id': 'P47', 'price': 806}]",2019-01-25 14:47:00
C54,"[{'product_id': 'P57', 'price': 990}]",2019-01-25 04:48:00
C58,"[{'product_id': 'P52', 'price': 1985}, {'product_id': 'P49', 'price': 1325}, {'product_id': 'P49', 'price': 738}]",2019-01-25 18:10:00
C64,"[{'product_id': 'P32', 'price': 1505}]",2019-01-25 11:06:00
C67,"[{'product_id': 'P62', 'price': 459}, {'product_id': 'P61', 'price': 1440}, {'product_id': 'P64', 'price': 623}]",2019-01-25 22:38:00
C70,"[{'product_id': 'P40', 'price': 228}, {'product_id': 'P39', 'price': 1674}]",2019-01-25 03:25:00
C72,"[{'product_id': 'P42', 'price': 1295}, {'product_id': 'P47', 'price': 1535}]",2019-01-25 04:10:00
C79,"[{'product_id': 'P10', 'price': 1970}, {'product_id': 'P11', 'price': 1308}]",2019-01-25 06:38:00
C84,"[{'product_id': 'P64', 'price': 702}, {'product_id': 'P61', 'price': 75}]",2019-01-25 03:42:00
C85,"[{'product_id': 'P57', 'price': 564}]",2019-01-25 20:13:00
C94,"[{'product_id': 'P37', 'price': 1493}, {'product_id': 'P35', 'price': 1117}, {'product_id': 'P35', 'price': 357}]",2019-01-25 05:07:00
C95,"[{'product_id': 'P28', 'price': 121}]",2019-01-25 13:25:00
C111,"[{'product_id': 'P54', 'price': 637}, {'product_id': 'P51', 'price': 755}, {'product_id': 'P46', 'price': 585}]",2019-01-25 08:48:00
C114,"[{'product_id': 'P37', 'price': 1505}, {'product_id': 'P39', 'price': 569}]",2019-01-25 20:34:00
C119,"[{'product_id': 'P37', 'price': 587}, {'product_id': 'P37', 'price': 1153}]",2019-01-25 04:13:00
C127,"[{'product_id': 'P47', 'price': 1954}, {'product_id': 'P55', 'price': 1243}]",2019-01-25 07:07:00
C128,"[{'product_id': 'P46', 'price': 1184}, {'product_id': 'P60', 'price': 170}, {'product_id': 'P50', 'price': 951}]",2019-01-25 17:00:00
C131,"[{'product_id': 'P22', 'price': 1155}]",2019-01-25 11:30:00
