{"customer_id": "C7", "basket": [{"product_id": "P26", "price": 763}], "date_of_purchase": "2019-02-15 20:37:00"}
{"customer_id": "C8", "basket": [{"product_id": "P41", "price": 1660}, {"product_id": "P53", "price": 1326}, {"product_id": "P42", "price": 1572}], "date_of_purchase": "2019-02-15 20:28:00"}
{"customer_id": "C23", "basket": [{"product_id": "P21", "price": 1235}, {"product_id": "P15", "price": 1698}], "date_of_purchase": "2019-02-15 10:40:00"}
{"customer_id": "C27", "basket": [{"product_id": "P26", "price": 719}, {"product_id": "P22", "price": 494}, {"product_id": "P24", "price": 106}], "date_of_purchase": "2019-02-15 12:18:00"}
{"customer_id": "C29", "basket": [{"product_id": "P16", "price": 554}, {"product_id": "P18", "price": 399}, {"product_id": "P19", "price": 1318}], "date_of_purchase": "2019-02-15 22:02:00"}
{"customer_id": "C36", "basket": [{"product_id": "P64", "price": 1047}, {"product_id": "P61", "price": 1222}], "date_of_purchase": "2019-02-15 13:12:00"}
{"customer_id": "C38", "basket": [{"product_id": "P37", "price": 104}], "date_of_purchase": "2019-02-15 20:46:00"}
{"customer_id": "C39", "basket": [{"product_id": "P59", "price": 855}], "date_of_purchase": "2019-02-15 14:05:00"}
{"customer_id": "C45", "basket": [{"product_id": "P26", "price": 669}], "date_of_purchase": "2019-02-15 06:45:00"}
{"customer_id": "C64", "basket": [{"product_id": "P33", "price": 472}, {"product_id": "P31", "price": 1287}, {"product_id": "P30", "price": 719}], "date_of_purchase": "2019-02-15 19:57:00"}
{"customer_id": "C69", "basket": [{"product_id": "P38", "price": 768}, {"product_id": "P35", "price": 1637}, {"product_id": "P40", "price": 211}], "date_of_purchase": "2019-02-15 20:49:00"}
{"customer_id": "C76", "basket": [{"product_id": "P63", "price": 1399}, {"product_id": "P64", "price": 574}], "date_of_purchase": "2019-02-15 08:33:00"}
{"customer_id": "C77", "basket": [{"product_id": "P03", "price": 1975}, {"product_id": "P09", "price": 1511}], "date_of_purchase": "2019-02-15 07:01:00"}
{"customer_id": "C80", "basket": [{"product_id": "P39", "price": 1327}, {"product_id": "P39", "price": 246}], "date_of_purchase": "2019-02-15 08:45:00"}
{"customer_id": "C86", "basket": [{"product_id": "P35", "price": 1691}, {"product_id": "P38", "price": 1401}], "date_of_purchase": "2019-02-15 11:01:00"}
{"customer_id": "C87", "basket": [{"product_id": "P36", "price": 1462}, {"product_id": "P40", "price": 1482}], "date_of_purchase": "2019-02-15 16:26:00"}
{"customer_id": "C88", "basket": [{"product_id": "P24", "price": 634}, {"product_id": "P28", "price": 1166}], "date_of_purchase": "2019-02-15 08:05:00"}
{"customer_id": "C94", "basket": [{"product_id": "P35", "price": 529}], "date_of_purchase": "2019-02-15 19:17:00"}
{"customer_id": "C95", "basket": [{"product_id": "P28", "price": 783}], "date_of_purchase": "2019-02-15 03:59:00"}
{"customer_id": "C99", "basket": [{"product_id": "P37", "price": 416}], "date_of_purchase": "2019-02-15 20:30:00"}
{"customer_id": "C102", "basket": [{"product_id": "P29", "price": 1697}], "date_of_purchase": "2019-02-15 20:18:00"}
{"customer_id": "C103", "basket": [{"product_id": "P05", "price": 580}, {"product_id": "P01", "price": 207}, {"product_id": "P10", "price": 1048}], "date_of_purchase": "2019-02-15 23:04:00"}
{"customer_id": "C114", "basket": [{"product_id": "P57", "price": 122}, {"product_id": "P58", "price": 828}, {"product_id": "P43", "price": 1248}], "date_of_purchase": "2019-02-15 17:51:00"}
{"customer_id": "C115", "basket": [{"product_id": "P15", "price": 1091}, {"product_id": "P21", "price": 801}, {"product_id": "P19", "price": 1867}], "date_of_purchase": "2019-02-15 16:49:00"}
{"customer_id": "C124", "basket": [{"product_id": "P30", "price": 1954}, {"product_id": "P27", "price": 99}, {"product_id": "P28", "price": 1563}], "date_of_purchase": "2019-02-15 15:26:00"}
{"customer_id": "C133", "basket": [{"product_id": "P48", "price": 1148}], "date_of_purchase": "2019-02-15 15:38:00"}
{"customer_id": "C137", "basket": [{"product_id": "P11", "price": 631}], "date_of_purchase": "2019-02-15 10:27:00"}
