customer_id,basket,date_of_purchase
C7,"[{'product_id': 'P26', 'price': 763}]",2019-02-15 20:37:00
C8,"[{'product_id': 'P41', 'price': 1660}, {'product_id': 'P53', 'price': 1326}, {'product_id': 'P42', 'price': 1572}]",2019-02-15 20:28:00
C23,"[{'product_id': 'P21', 'price': 1235}, {'product_id': 'P15', 'price': 1698}]",2019-02-15 10:40:00
C27,"[{'product_id': 'P26', 'price': 719}, {'product_id': 'P22', 'price': 494}, {'product_id': 'P24', 'price': 106}]",2019-02-15 12:18:00
C29,"[{'product_id': 'P16', 'price': 554}, {'product_id': 'P18', 'price': 399}, {'product_id': 'P19', 'price': 1318}]",2019-02-15 22:02:00
C36,"[{'product_id': 'P64', 'price': 1047}, {'product_id': 'P61', 'price': 1222}]",2019-02-15 13:12:00
C38,"[{'product_id': 'P37', 'price': 104}]",2019-02-15 20:46:00
C39,"[{'product_id': 'P59', 'price': 855}]",2019-02-15 14:05:00
C45,"[{'product_id': 'P26', 'price': 669}]",2019-02-15 06:45:00
C64,"[{'product_id': 'P33', 'price': 472}, {'product_id': 'P31', 'price': 1287}, {'product_id': 'P30', 'price': 719}]",2019-02-15 19:57:00
C69,"[{'product_id': 'P38', 'price': 768}, {'product_id': 'P35', 'price': 1637}, {'product_id': 'P40', 'price': 211}]",2019-02-15 20:49:00
C76,"[{'product_id': 'P63', 'price': 1399}, {'product_id': 'P64', 'price': 574}]",2019-02-15 08:33:00
C77,"[{'product_id': 'P03', 'price': 1975}, {'product_id': 'P09', 'price': 1511}]",2019-02-15 07:01:00
C80,"[{'product_id': 'P39', 'price': 1327}, {'product_id': 'P39', 'price': 246}]",2019-02-15 08:45:00
C86,"[{'product_id': 'P35', 'price': 1691}, {'product_id': 'P38', 'price': 1401}]",2019-02-15 11:01:00
C87,"[{'product_id': 'P36', 'price': 1462}, {'product_id': 'P40', 'price': 1482}]",2019-02-15 16:26:00
C88,"[{'product_id': 'P24', 'price': 634}, {'product_id': 'P28', 'price': 1166}]",2019-02-15 08:05:00
C94,"[{'product_id': 'P35', 'price': 529}]",2019-02-15 19:17:00
C95,"[{'product_id': 'P28', 'price': 783}]",2019-02-15 03:59:00
C99,"[{'product_id': 'P37', 'price': 416}]",2019-02-15 20:30:00
C102,"[{'product_id': 'P29', 'price': 1697}]",2019-02-15 20:18:00
C103,"[{'product_id': 'P05', 'price': 580}, {'product_id': 'P01', 'price': 207}, {'product_id': 'P10', 'price': 1048}]",2019-02-15 23:04:00
C114,"[{'product_id': 'P57', 'price': 122}, {'product_id': 'P58', 'price': 828}, {'product_id': 'P43', 'price': 1248}]",2019-02-15 17:51:00
C115,"[{'product_id': 'P15', 'price': 1091}, {'product_id': 'P21', 'price': 801}, {'product_id': 'P19', 'price': 1867}]",2019-02-15 16:49:00
C124,"[{'product_id': 'P30', 'price': 1954}, {'product_id': 'P27', 'price': 99}, {'product_id': 'P28', 'price': 1563}]",2019-02-15 15:26:00
C133,"[{'product_id': 'P48', 'price': 1148}]",2019-02-15 15:38:00
C137,"[{'product_id': 'P11', 'price': 631}]",2019-02-15 10:27:00
