customer_id,basket,date_of_purchase
C7,"[{'product_id': 'P32', 'price': 736}, {'product_id': 'P34', 'price': 857}, {'product_id': 'P27', 'price': 1373}]",2018-12-19 07:08:00
C19,"[{'product_id': 'P34', 'price': 154}]",2018-12-19 08:40:00
C20,"[{'product_id': 'P37', 'price': 1500}, {'product_id': 'P40', 'price': 818}, {'product_id': 'P39', 'price': 164}]",2018-12-19 12:43:00
C27,"[{'product_id': 'P33', 'price': 404}, {'product_id': 'P32', 'price': 1762}]",2018-12-19 20:26:00
C29,"[{'product_id': 'P28', 'price': 1705}, {'product_id': 'P30', 'price': 562}, {'product_id': 'P22', 'price': 1556}]",2018-12-19 21:06:00
C31,"[{'product_id': 'P02', 'price': 1336}, {'product_id': 'P06', 'price': 442}]",2018-12-19 04:55:00
C35,"[{'product_id': 'P40', 'price': 261}, {'product_id': 'P37', 'price': 1230}]",2018-12-19 20:31:00
C37,"[{'product_id': 'P38', 'price': 1177}, {'product_id': 'P36', 'price': 1922}]",2018-12-19 09:06:00
C40,"[{'product_id': 'P11', 'price': 1854}, {'product_id': 'P07', 'price': 241}, {'product_id': 'P03', 'price': 1349}]",2018-12-19 07:01:00
C53,"[{'product_id': 'P49', 'price': 601}, {'product_id': 'P49', 'price': 501}, {'product_id': 'P43', 'price': 1334}]",2018-12-19 05:10:00
C61,"[{'product_id': 'P41', 'price': 1927}, {'product_id': 'P56', 'price': 779}, {'product_id': 'P43', 'price': 344}]",2018-12-19 03:02:00
C66,"[{'product_id': 'P22', 'price': 946}, {'product_id': 'P22', 'price': 278}]",2018-12-19 08:50:00
C72,"[{'product_id': 'P54', 'price': 431}, {'product_id': 'P52', 'price': 568}, {'product_id': 'P43', 'price': 1053}]",2018-12-19 18:35:00
C86,"[{'product_id': 'P34', 'price': 310}, {'product_id': 'P31', 'price': 1953}]",2018-12-19 05:13:00
C117,"[{'product_id': 'P21', 'price': 980}, {'product_id': 'P15', 'price': 293}]",2018-12-19 06:13:00
C118,"[{'product_id': 'P62', 'price': 1785}, {'product_id': 'P61', 'price': 673}, {'product_id': 'P61', 'price': 1044}]",2018-12-19 18:13:00
C134,"[{'product_id': 'P24', 'price': 1918}, {'product_id': 'P26', 'price': 1515}, {'product_id': 'P28', 'price': 71}]",2018-12-19 12:15:00
C135,"[{'product_id': 'P38', 'price': 575}]",2018-12-19 04:46:00
C136,"[{'product_id': 'P23', 'price': 1118}, {'product_id': 'P23', 'price': 1835}, {'product_id': 'P28', 'price': 600}]",2018-12-19 12:48:00
