{"customer_id": "C3", "basket": [{"product_id": "P57", "price": 597}, {"product_id": "P41", "price": 1403}], "date_of_purchase": "2018-12-10 21:03:00"}
{"customer_id": "C4", "basket": [{"product_id": "P45", "price": 1505}], "date_of_purchase": "2018-12-10 13:21:00"}
{"customer_id": "C10", "basket": [{"product_id": "P23", "price": 267}], "date_of_purchase": "2018-12-10 20:46:00"}
{"customer_id": "C17", "basket": [{"product_id": "P10", "price": 879}, {"product_id": "P07", "price": 666}, {"product_id": "P08", "price": 1860}], "date_of_purchase": "2018-12-10 19:20:00"}
{"customer_id": "C19", "basket": [{"product_id": "P32", "price": 2}], "date_of_purchase": "2018-12-10 18:02:00"}
{"customer_id": "C25", "basket": [{"product_id": "P37", "price": 1703}, {"product_id": "P37", "price": 1153}, {"product_id": "P35", "price": 1550}], "date_of_purchase": "2018-12-10 19:44:00"}
{"customer_id": "C31", "basket": [{"product_id": "P06", "price": 974}], "date_of_purchase": "2018-12-10 23:04:00"}
{"customer_id": "C32", "basket": [{"product_id": "P09", "price": 1161}, {"product_id": "P10", "price": 1073}], "date_of_purchase": "2018-12-10 05:34:00"}
{"customer_id": "C35", "basket": [{"product_id": "P39", "price": 18}, {"product_id": "P35", "price": 308}], "date_of_purchase": "2018-12-10 17:22:00"}
{"customer_id": "C39", "basket": [{"product_id": "P49", "price": 575}, {"product_id": "P59", "price": 649}], "date_of_purchase": "2018-12-10 17:41:00"}
{"customer_id": "C41", "basket": [{"product_id": "P58", "price": 1581}, {"product_id": "P41", "price": 1628}], "date_of_purchase": "2018-12-10 05:58:00"}
{"customer_id": "C47", "basket": [{"product_id": "P40", "price": 1274}, {"product_id": "P39", "price": 1547}, {"product_id": "P35", "price": 1073}], "date_of_purchase": "2018-12-10 17:24:00"}
{"customer_id": "C62", "basket": [{"product_id": "P40", "price": 340}, {"product_id": "P38", "price": 1756}], "date_of_purchase": "2018-12-10 13:23:00"}
{"customer_id": "C72", "basket": [{"product_id": "P51", "price": 1366}, {"product_id": "P51", "price": 836}, {"product_id": "P47", "price": 1020}], "date_of_purchase": "2018-12-10 23:40:00"}
{"customer_id": "C73", "basket": [{"product_id": "P40", "price": 1762}, {"product_id": "P38", "price": 1152}, {"product_id": "P36", "price": 890}], "date_of_purchase": "2018-12-10 16:40:00"}
{"customer_id": "C77", "basket": [{"product_id": "P62", "price": 1276}], "date_of_purchase": "2018-12-10 07:58:00"}
{"customer_id": "C81", "basket": [{"product_id": "P33", "price": 1911}, {"product_id": "P27", "price": 1403}, {"product_id": "P27", "price": 1147}], "date_of_purchase": "2018-12-10 05:18:00"}
{"customer_id": "C85", "basket": [{"product_id": "P22", "price": 143}, {"product_id": "P28", "price": 696}, {"product_id": "P25", "price": 1100}], "date_of_purchase": "2018-12-10 08:49:00"}
{"customer_id": "C86", "basket": [{"product_id": "P39", "price": 1757}, {"product_id": "P37", "price": 214}], "date_of_purchase": "2018-12-10 06:02:00"}
{"customer_id": "C91", "basket": [{"product_id": "P49", "price": 129}], "date_of_purchase": "2018-12-10 10:42:00"}
{"customer_id": "C95", "basket": [{"product_id": "P60", "price": 323}, {"product_id": "P47", "price": 928}, {"product_id": "P57", "price": 66}], "date_of_purchase": "2018-12-10 05:30:00"}
{"customer_id": "C97", "basket": [{"product_id": "P38", "price": 1632}], "date_of_purchase": "2018-12-10 21:03:00"}
{"customer_id": "C101", "basket": [{"product_id": "P61", "price": 621}, {"product_id": "P61", "price": 1576}], "date_of_purchase": "2018-12-10 19:18:00"}
{"customer_id": "C108", "basket": [{"product_id": "P37", "price": 1598}, {"product_id": "P36", "price": 1259}, {"product_id": "P37", "price": 1144}], "date_of_purchase": "2018-12-10 20:56:00"}
{"customer_id": "C113", "basket": [{"product_id": "P38", "price": 603}, {"product_id": "P35", "price": 269}], "date_of_purchase": "2018-12-10 09:28:00"}
{"customer_id": "C128", "basket": [{"product_id": "P39", "price": 1953}, {"product_id": "P40", "price": 1122}], "date_of_purchase": "2018-12-10 05:15:00"}
