customer_id,basket,date_of_purchase
C3,"[{'product_id': 'P57', 'price': 597}, {'product_id': 'P41', 'price': 1403}]",2018-12-10 21:03:00
C4,"[{'product_id': 'P45', 'price': 1505}]",2018-12-10 13:21:00
C10,"[{'product_id': 'P23', 'price': 267}]",2018-12-10 20:46:00
C17,"[{'product_id': 'P10', 'price': 879}, {'product_id': 'P07', 'price': 666}, {'product_id': 'P08', 'price': 1860}]",2018-12-10 19:20:00
C19,"[{'product_id': 'P32', 'price': 2}]",2018-12-10 18:02:00
C25,"[{'product_id': 'P37', 'price': 1703}, {'product_id': 'P37', 'price': 1153}, {'product_id': 'P35', 'price': 1550}]",2018-12-10 19:44:00
C31,"[{'product_id': 'P06', 'price': 974}]",2018-12-10 23:04:00
C32,"[{'product_id': 'P09', 'price': 1161}, {'product_id': 'P10', 'price': 1073}]",2018-12-10 05:34:00
C35,"[{'product_id': 'P39', 'price': 18}, {'product_id': 'P35', 'price': 308}]",2018-12-10 17:22:00
C39,"[{'product_id': 'P49', 'price': 575}, {'product_id': 'P59', 'price': 649}]",2018-12-10 17:41:00
C41,"[{'product_id': 'P58', 'price': 1581}, {'product_id': 'P41', 'price': 1628}]",2018-12-10 05:58:00
C47,"[{'product_id': 'P40', 'price': 1274}, {'product_id': 'P39', 'price': 1547}, {'product_id': 'P35', 'price': 1073}]",2018-12-10 17:24:00
C62,"[{'product_id': 'P40', 'price': 340}, {'product_id': 'P38', 'price': 1756}]",2018-12-10 13:23:00
C72,"[{'product_id': 'P51', 'price': 1366}, {'product_id': 'P51', 'price': 836}, {'product_id': 'P47', 'price': 1020}]",2018-12-10 23:40:00
C73,"[{'product_id': 'P40', 'price': 1762}, {'product_id': 'P38', 'price': 1152}, {'product_id': 'P36', 'price': 890}]",2018-12-10 16:40:00
C77,"[{'product_id': 'P62', 'price': 1276}]",2018-12-10 07:58:00
C81,"[{'product_id': 'P33', 'price': 1911}, {'product_id': 'P27', 'price': 1403}, {'product_id': 'P27', 'price': 1147}]",2018-12-10 05:18:00
C85,"[{'product_id': 'P22', 'price': 143}, {'product_id': 'P28', 'price': 696}, {'product_id': 'P25', 'price': 1100}]",2018-12-10 08:49:00
C86,"[{'product_id': 'P39', 'price': 1757}, {'product_id': 'P37', 'price': 214}]",2018-12-10 06:02:00
C91,"[{'product_id': 'P49', 'price': 129}]",2018-12-10 10:42:00
C95,"[{'product_id': 'P60', 'price': 323}, {'product_id': 'P47', 'price': 928}, {'product_id': 'P57', 'price': 66}]",2018-12-10 05:30:00
C97,"[{'product_id': 'P38', 'price': 1632}]",2018-12-10 21:03:00
C101,"[{'product_id': 'P61', 'price': 621}, {'product_id': 'P61', 'price': 1576}]",2018-12-10 19:18:00
C108,"[{'product_id': 'P37', 'price': 1598}, {'product_id': 'P36', 'price': 1259}, {'product_id': 'P37', 'price': 1144}]",2018-12-10 20:56:00
C113,"[{'product_id': 'P38', 'price': 603}, {'product_id': 'P35', 'price': 269}]",2018-12-10 09:28:00
C128,"[{'product_id': 'P39', 'price': 1953}, {'product_id': 'P40', 'price': 1122}]",2018-12-10 05:15:00
