{"customer_id": "C4", "basket": [{"product_id": "P62", "price": 839}, {"product_id": "P64", "price": 1694}, {"product_id": "P63", "price": 200}], "date_of_purchase": "2019-02-20 17:38:00"}
{"customer_id": "C11", "basket": [{"product_id": "P35", "price": 480}, {"product_id": "P36", "price": 524}, {"product_id": "P35", "price": 1467}], "date_of_purchase": "2019-02-20 23:32:00"}
{"customer_id": "C18", "basket": [{"product_id": "P57", "price": 1615}], "date_of_purchase": "2019-02-20 09:57:00"}
{"customer_id": "C19", "basket": [{"product_id": "P26", "price": 329}], "date_of_purchase": "2019-02-20 10:34:00"}
{"customer_id": "C21", "basket": [{"product_id": "P37", "price": 846}, {"product_id": "P37", "price": 1482}], "date_of_purchase": "2019-02-20 09:57:00"}
{"customer_id": "C23", "basket": [{"product_id": "P15", "price": 467}, {"product_id": "P20", "price": 1651}, {"product_id": "P13", "price": 1754}], "date_of_purchase": "2019-02-20 20:09:00"}
{"customer_id": "C30", "basket": [{"product_id": "P12", "price": 718}], "date_of_purchase": "2019-02-20 06:41:00"}
{"customer_id": "C36", "basket": [{"product_id": "P61", "price": 743}, {"product_id": "P63", "price": 632}], "date_of_purchase": "2019-02-20 05:46:00"}
{"customer_id": "C41", "basket": [{"product_id": "P54", "price": 78}, {"product_id": "P42", "price": 994}], "date_of_purchase": "2019-02-20 11:56:00"}
{"customer_id": "C42", "basket": [{"product_id": "P27", "price": 12}, {"product_id": "P27", "price": 1844}], "date_of_purchase": "2019-02-20 04:48:00"}
{"customer_id": "C54", "basket": [{"product_id": "P42", "price": 1480}], "date_of_purchase": "2019-02-20 22:12:00"}
{"customer_id": "C61", "basket": [{"product_id": "P29", "price": 598}, {"product_id": "P30", "price": 1979}, {"product_id": "P27", "price": 323}], "date_of_purchase": "2019-02-20 10:11:00"}
{"customer_id": "C63", "basket": [{"product_id": "P40", "price": 167}], "date_of_purchase": "2019-02-20 22:45:00"}
{"customer_id": "C64", "basket": [{"product_id": "P33", "price": 1128}, {"product_id": "P33", "price": 958}, {"product_id": "P29", "price": 397}], "date_of_purchase": "2019-02-20 15:06:00"}
{"customer_id": "C67", "basket": [{"product_id": "P61", "price": 540}, {"product_id": "P61", "price": 1379}], "date_of_purchase": "2019-02-20 15:20:00"}
{"customer_id": "C70", "basket": [{"product_id": "P14", "price": 727}, {"product_id": "P15", "price": 1185}, {"product_id": "P18", "price": 1481}], "date_of_purchase": "2019-02-20 16:07:00"}
{"customer_id": "C72", "basket": [{"product_id": "P49", "price": 622}, {"product_id": "P44", "price": 1457}], "date_of_purchase": "2019-02-20 10:12:00"}
{"customer_id": "C81", "basket": [{"product_id": "P10", "price": 294}], "date_of_purchase": "2019-02-20 11:54:00"}
{"customer_id": "C94", "basket": [{"product_id": "P40", "price": 1975}, {"product_id": "P36", "price": 482}, {"product_id": "P38", "price": 1821}], "date_of_purchase": "2019-02-20 13:01:00"}
{"customer_id": "C99", "basket": [{"product_id": "P35", "price": 261}, {"product_id": "P38", "price": 1316}], "date_of_purchase": "2019-02-20 18:12:00"}
{"customer_id": "C101", "basket": [{"product_id": "P08", "price": 1389}], "date_of_purchase": "2019-02-20 14:55:00"}
{"customer_id": "C108", "basket": [{"product_id": "P25", "price": 391}], "date_of_purchase": "2019-02-20 05:39:00"}
{"customer_id": "C115", "basket": [{"product_id": "P20", "price": 1281}], "date_of_purchase": "2019-02-20 10:58:00"}
{"customer_id": "C128", "basket": [{"product_id": "P58", "price": 954}], "date_of_purchase": "2019-02-20 11:56:00"}
