customer_id,basket,date_of_purchase
C4,"[{'product_id': 'P62', 'price': 839}, {'product_id': 'P64', 'price': 1694}, {'product_id': 'P63', 'price': 200}]",2019-02-20 17:38:00
C11,"[{'product_id': 'P35', 'price': 480}, {'product_id': 'P36', 'price': 524}, {'product_id': 'P35', 'price': 1467}]",2019-02-20 23:32:00
C18,"[{'product_id': 'P57', 'price': 1615}]",2019-02-20 09:57:00
C19,"[{'product_id': 'P26', 'price': 329}]",2019-02-20 10:34:00
C21,"[{'product_id': 'P37', 'price': 846}, {'product_id': 'P37', 'price': 1482}]",2019-02-20 09:57:00
C23,"[{'product_id': 'P15', 'price': 467}, {'product_id': 'P20', 'price': 1651}, {'product_id': 'P13', 'price': 1754}]",2019-02-20 20:09:00
C30,"[{'product_id': 'P12', 'price': 718}]",2019-02-20 06:41:00
C36,"[{'product_id': 'P61', 'price': 743}, {'product_id': 'P63', 'price': 632}]",2019-02-20 05:46:00
C41,"[{'product_id': 'P54', 'price': 78}, {'product_id': 'P42', 'price': 994}]",2019-02-20 11:56:00
C42,"[{'product_id': 'P27', 'price': 12}, {'product_id': 'P27', 'price': 1844}]",2019-02-20 04:48:00
C54,"[{'product_id': 'P42', 'price': 1480}]",2019-02-20 22:12:00
C61,"[{'product_id': 'P29', 'price': 598}, {'product_id': 'P30', 'price': 1979}, {'product_id': 'P27', 'price': 323}]",2019-02-20 10:11:00
C63,"[{'product_id': 'P40', 'price': 167}]",2019-02-20 22:45:00
C64,"[{'product_id': 'P33', 'price': 1128}, {'product_id': 'P33', 'price': 958}, {'product_id': 'P29', 'price': 397}]",2019-02-20 15:06:00
C67,"[{'product_id': 'P61', 'price': 540}, {'product_id': 'P61', 'price': 1379}]",2019-02-20 15:20:00
C70,"[{'product_id': 'P14', 'price': 727}, {'product_id': 'P15', 'price': 1185}, {'product_id': 'P18', 'price': 1481}]",2019-02-20 16:07:00
C72,"[{'product_id': 'P49', 'price': 622}, {'product_id': 'P44', 'price': 1457}]",2019-02-20 10:12:00
C81,"[{'product_id': 'P10', 'price': 294}]",2019-02-20 11:54:00
C94,"[{'product_id': 'P40', 'price': 1975}, {'product_id': 'P36', 'price': 482}, {'product_id': 'P38', 'price': 1821}]",2019-02-20 13:01:00
C99,"[{'product_id': 'P35', 'price': 261}, {'product_id': 'P38', 'price': 1316}]",2019-02-20 18:12:00
C101,"[{'product_id': 'P08', 'price': 1389}]",2019-02-20 14:55:00
C108,"[{'product_id': 'P25', 'price': 391}]",2019-02-20 05:39:00
C115,"[{'product_id': 'P20', 'price': 1281}]",2019-02-20 10:58:00
C128,"[{'product_id': 'P58', 'price': 954}]",2019-02-20 11:56:00
