customer_id,basket,date_of_purchase
C2,"[{'product_id': 'P54', 'price': 1731}]",2019-01-29 11:44:00
C4,"[{'product_id': 'P10', 'price': 313}, {'product_id': 'P10', 'price': 711}, {'product_id': 'P04', 'price': 1211}]",2019-01-29 12:21:00
C5,"[{'product_id': 'P27', 'price': 1547}, {'product_id': 'P29', 'price': 420}]",2019-01-29 05:26:00
C9,"[{'product_id': 'P05', 'price': 1631}, {'product_id': 'P01', 'price': 352}, {'product_id': 'P10', 'price': 1449}]",2019-01-29 09:18:00
C18,"[{'product_id': 'P36', 'price': 1058}]",2019-01-29 08:15:00
C27,"[{'product_id': 'P34', 'price': 803}, {'product_id': 'P31', 'price': 525}]",2019-01-29 14:03:00
C30,"[{'product_id': 'P10', 'price': 454}, {'product_id': 'P10', 'price': 1181}, {'product_id': 'P11', 'price': 1774}]",2019-01-29 23:55:00
C32,"[{'product_id': 'P02', 'price': 1345}]",2019-01-29 03:49:00
C33,"[{'product_id': 'P03', 'price': 1865}, {'product_id': 'P12', 'price': 340}]",2019-01-29 18:56:00
C37,"[{'product_id': 'P39', 'price': 439}, {'product_id': 'P38', 'price': 708}]",2019-01-29 05:03:00
C42,"[{'product_id': 'P26', 'price': 1564}, {'product_id': 'P31', 'price': 1483}, {'product_id': 'P34', 'price': 73}]",2019-01-29 11:05:00
C44,"[{'product_id': 'P64', 'price': 74}, {'product_id': 'P61', 'price': 177}, {'product_id': 'P61', 'price': 594}]",2019-01-29 15:38:00
C51,"[{'product_id': 'P35', 'price': 939}]",2019-01-29 14:13:00
C53,"[{'product_id': 'P39', 'price': 358}]",2019-01-29 23:39:00
C60,"[{'product_id': 'P12', 'price': 1398}]",2019-01-29 15:44:00
C64,"[{'product_id': 'P24', 'price': 442}]",2019-01-29 12:09:00
C66,"[{'product_id': 'P43', 'price': 559}]",2019-01-29 11:23:00
C67,"[{'product_id': 'P52', 'price': 793}, {'product_id': 'P42', 'price': 1771}, {'product_id': 'P52', 'price': 268}]",2019-01-29 19:19:00
C73,"[{'product_id': 'P17', 'price': 1336}, {'product_id': 'P15', 'price': 1194}]",2019-01-29 16:16:00
C76,"[{'product_id': 'P62', 'price': 1871}, {'product_id': 'P61', 'price': 1468}]",2019-01-29 22:33:00
C80,"[{'product_id': 'P37', 'price': 1746}, {'product_id': 'P36', 'price': 1553}]",2019-01-29 21:03:00
C89,"[{'product_id': 'P24', 'price': 330}, {'product_id': 'P32', 'price': 1227}]",2019-01-29 10:01:00
C94,"[{'product_id': 'P39', 'price': 1495}, {'product_id': 'P37', 'price': 1985}]",2019-01-29 04:48:00
C95,"[{'product_id': 'P48', 'price': 643}]",2019-01-29 13:10:00
C99,"[{'product_id': 'P09', 'price': 1370}, {'product_id': 'P01', 'price': 1812}, {'product_id': 'P01', 'price': 927}]",2019-01-29 10:47:00
C100,"[{'product_id': 'P32', 'price': 1713}, {'product_id': 'P28', 'price': 1441}, {'product_id': 'P27', 'price': 659}]",2019-01-29 13:43:00
C106,"[{'product_id': 'P05', 'price': 1302}, {'product_id': 'P06', 'price': 1533}, {'product_id': 'P01', 'price': 1193}]",2019-01-29 03:47:00
C119,"[{'product_id': 'P36', 'price': 1751}, {'product_id': 'P40', 'price': 1071}]",2019-01-29 11:23:00
C128,"[{'product_id': 'P45', 'price': 11}]",2019-01-29 12:14:00
C129,"[{'product_id': 'P32', 'price': 1521}]",2019-01-29 12:51:00
