{"customer_id": "C2", "basket": [{"product_id": "P54", "price": 1731}], "date_of_purchase": "2019-01-29 11:44:00"}
{"customer_id": "C4", "basket": [{"product_id": "P10", "price": 313}, {"product_id": "P10", "price": 711}, {"product_id": "P04", "price": 1211}], "date_of_purchase": "2019-01-29 12:21:00"}
{"customer_id": "C5", "basket": [{"product_id": "P27", "price": 1547}, {"product_id": "P29", "price": 420}], "date_of_purchase": "2019-01-29 05:26:00"}
{"customer_id": "C9", "basket": [{"product_id": "P05", "price": 1631}, {"product_id": "P01", "price": 352}, {"product_id": "P10", "price": 1449}], "date_of_purchase": "2019-01-29 09:18:00"}
{"customer_id": "C18", "basket": [{"product_id": "P36", "price": 1058}], "date_of_purchase": "2019-01-29 08:15:00"}
{"customer_id": "C27", "basket": [{"product_id": "P34", "price": 803}, {"product_id": "P31", "price": 525}], "date_of_purchase": "2019-01-29 14:03:00"}
{"customer_id": "C30", "basket": [{"product_id": "P10", "price": 454}, {"product_id": "P10", "price": 1181}, {"product_id": "P11", "price": 1774}], "date_of_purchase": "2019-01-29 23:55:00"}
{"customer_id": "C32", "basket": [{"product_id": "P02", "price": 1345}], "date_of_purchase": "2019-01-29 03:49:00"}
{"customer_id": "C33", "basket": [{"product_id": "P03", "price": 1865}, {"product_id": "P12", "price": 340}], "date_of_purchase": "2019-01-29 18:56:00"}
{"customer_id": "C37", "basket": [{"product_id": "P39", "price": 439}, {"product_id": "P38", "price": 708}], "date_of_purchase": "2019-01-29 05:03:00"}
{"customer_id": "C42", "basket": [{"product_id": "P26", "price": 1564}, {"product_id": "P31", "price": 1483}, {"product_id": "P34", "price": 73}], "date_of_purchase": "2019-01-29 11:05:00"}
{"customer_id": "C44", "basket": [{"product_id": "P64", "price": 74}, {"product_id": "P61", "price": 177}, {"product_id": "P61", "price": 594}], "date_of_purchase": "2019-01-29 15:38:00"}
{"customer_id": "C51", "basket": [{"product_id": "P35", "price": 939}], "date_of_purchase": "2019-01-29 14:13:00"}
{"customer_id": "C53", "basket": [{"product_id": "P39", "price": 358}], "date_of_purchase": "2019-01-29 23:39:00"}
{"customer_id": "C60", "basket": [{"product_id": "P12", "price": 1398}], "date_of_purchase": "2019-01-29 15:44:00"}
{"customer_id": "C64", "basket": [{"product_id": "P24", "price": 442}], "date_of_purchase": "2019-01-29 12:09:00"}
{"customer_id": "C66", "basket": [{"product_id": "P43", "price": 559}], "date_of_purchase": "2019-01-29 11:23:00"}
{"customer_id": "C67", "basket": [{"product_id": "P52", "price": 793}, {"product_id": "P42", "price": 1771}, {"product_id": "P52", "price": 268}], "date_of_purchase": "2019-01-29 19:19:00"}
{"customer_id": "C73", "basket": [{"product_id": "P17", "price": 1336}, {"product_id": "P15", "price": 1194}], "date_of_purchase": "2019-01-29 16:16:00"}
{"customer_id": "C76", "basket": [{"product_id": "P62", "price": 1871}, {"product_id": "P61", "price": 1468}], "date_of_purchase": "2019-01-29 22:33:00"}
{"customer_id": "C80", "basket": [{"product_id": "P37", "price": 1746}, {"product_id": "P36", "price": 1553}], "date_of_purchase": "2019-01-29 21:03:00"}
{"customer_id": "C89", "basket": [{"product_id": "P24", "price": 330}, {"product_id": "P32", "price": 1227}], "date_of_purchase": "2019-01-29 10:01:00"}
{"customer_id": "C94", "basket": [{"product_id": "P39", "price": 1495}, {"product_id": "P37", "price": 1985}], "date_of_purchase": "2019-01-29 04:48:00"}
{"customer_id": "C95", "basket": [{"product_id": "P48", "price": 643}], "date_of_purchase": "2019-01-29 13:10:00"}
{"customer_id": "C99", "basket": [{"product_id": "P09", "price": 1370}, {"product_id": "P01", "price": 1812}, {"product_id": "P01", "price": 927}], "date_of_purchase": "2019-01-29 10:47:00"}
{"customer_id": "C100", "basket": [{"product_id": "P32", "price": 1713}, {"product_id": "P28", "price": 1441}, {"product_id": "P27", "price": 659}], "date_of_purchase": "2019-01-29 13:43:00"}
{"customer_id": "C106", "basket": [{"product_id": "P05", "price": 1302}, {"product_id": "P06", "price": 1533}, {"product_id": "P01", "price": 1193}], "date_of_purchase": "2019-01-29 03:47:00"}
{"customer_id": "C119", "basket": [{"product_id": "P36", "price": 1751}, {"product_id": "P40", "price": 1071}], "date_of_purchase": "2019-01-29 11:23:00"}
{"customer_id": "C128", "basket": [{"product_id": "P45", "price": 11}], "date_of_purchase": "2019-01-29 12:14:00"}
{"customer_id": "C129", "basket": [{"product_id": "P32", "price": 1521}], "date_of_purchase": "2019-01-29 12:51:00"}
