customer_id,basket,date_of_purchase
C2,"[{'product_id': 'P55', 'price': 296}, {'product_id': 'P59', 'price': 2000}, {'product_id': 'P57', 'price': 1198}]",2019-01-11 07:38:00
C8,"[{'product_id': 'P61', 'price': 502}, {'product_id': 'P62', 'price': 1606}, {'product_id': 'P64', 'price': 1890}]",2019-01-11 09:47:00
C14,"[{'product_id': 'P57', 'price': 1356}, {'product_id': 'P55', 'price': 1782}]",2019-01-11 15:41:00
C27,"[{'product_id': 'P23', 'price': 1690}, {'product_id': 'P31', 'price': 1546}, {'product_id': 'P25', 'price': 1630}]",2019-01-11 16:41:00
C31,"[{'product_id': 'P39', 'price': 774}, {'product_id': 'P38', 'price': 1821}]",2019-01-11 20:46:00
C33,"[{'product_id': 'P02', 'price': 517}, {'product_id': 'P11', 'price': 1917}, {'product_id': 'P10', 'price': 1442}]",2019-01-11 10:37:00
C36,"[{'product_id': 'P62', 'price': 556}, {'product_id': 'P61', 'price': 152}]",2019-01-11 20:51:00
C37,"[{'product_id': 'P59', 'price': 1654}]",2019-01-11 22:06:00
C40,"[{'product_id': 'P02', 'price': 1027}, {'product_id': 'P04', 'price': 523}]",2019-01-11 07:50:00
C41,"[{'product_id': 'P57', 'price': 431}]",2019-01-11 07:06:00
C48,"[{'product_id': 'P43', 'price': 856}]",2019-01-11 15:30:00
C58,"[{'product_id': 'P34', 'price': 390}, {'product_id': 'P31', 'price': 86}, {'product_id': 'P23', 'price': 97}]",2019-01-11 12:21:00
C65,"[{'product_id': 'P61', 'price': 980}, {'product_id': 'P64', 'price': 223}]",2019-01-11 15:09:00
C66,"[{'product_id': 'P33', 'price': 902}]",2019-01-11 11:29:00
C70,"[{'product_id': 'P33', 'price': 185}, {'product_id': 'P26', 'price': 1016}, {'product_id': 'P30', 'price': 1158}]",2019-01-11 08:12:00
C76,"[{'product_id': 'P61', 'price': 1461}, {'product_id': 'P61', 'price': 819}, {'product_id': 'P63', 'price': 564}]",2019-01-11 23:36:00
C77,"[{'product_id': 'P64', 'price': 1826}]",2019-01-11 20:24:00
C80,"[{'product_id': 'P12', 'price': 1552}, {'product_id': 'P03', 'price': 153}]",2019-01-11 05:42:00
C89,"[{'product_id': 'P06', 'price': 759}, {'product_id': 'P10', 'price': 560}, {'product_id': 'P09', 'price': 1761}]",2019-01-11 22:58:00
C92,"[{'product_id': 'P63', 'price': 769}, {'product_id': 'P61', 'price': 177}, {'product_id': 'P63', 'price': 637}]",2019-01-11 05:42:00
C94,"[{'product_id': 'P37', 'price': 346}, {'product_id': 'P38', 'price': 842}]",2019-01-11 15:32:00
C103,"[{'product_id': 'P01', 'price': 1659}]",2019-01-11 14:38:00
C104,"[{'product_id': 'P39', 'price': 1607}, {'product_id': 'P36', 'price': 1163}, {'product_id': 'P40', 'price': 1157}]",2019-01-11 13:51:00
C108,"[{'product_id': 'P35', 'price': 155}, {'product_id': 'P38', 'price': 1521}]",2019-01-11 09:38:00
C111,"[{'product_id': 'P51', 'price': 117}, {'product_id': 'P48', 'price': 1270}, {'product_id': 'P55', 'price': 983}]",2019-01-11 06:39:00
C123,"[{'product_id': 'P05', 'price': 1211}, {'product_id': 'P02', 'price': 58}, {'product_id': 'P06', 'price': 15}]",2019-01-11 19:55:00
C129,"[{'product_id': 'P33', 'price': 1913}]",2019-01-11 03:15:00
C130,"[{'product_id': 'P60', 'price': 1735}, {'product_id': 'P59', 'price': 36}]",2019-01-11 17:49:00
C132,"[{'product_id': 'P12', 'price': 1313}, {'product_id': 'P03', 'price': 74}]",2019-01-11 10:05:00
