{"customer_id": "C2", "basket": [{"product_id": "P55", "price": 296}, {"product_id": "P59", "price": 2000}, {"product_id": "P57", "price": 1198}], "date_of_purchase": "2019-01-11 07:38:00"}
{"customer_id": "C8", "basket": [{"product_id": "P61", "price": 502}, {"product_id": "P62", "price": 1606}, {"product_id": "P64", "price": 1890}], "date_of_purchase": "2019-01-11 09:47:00"}
{"customer_id": "C14", "basket": [{"product_id": "P57", "price": 1356}, {"product_id": "P55", "price": 1782}], "date_of_purchase": "2019-01-11 15:41:00"}
{"customer_id": "C27", "basket": [{"product_id": "P23", "price": 1690}, {"product_id": "P31", "price": 1546}, {"product_id": "P25", "price": 1630}], "date_of_purchase": "2019-01-11 16:41:00"}
{"customer_id": "C31", "basket": [{"product_id": "P39", "price": 774}, {"product_id": "P38", "price": 1821}], "date_of_purchase": "2019-01-11 20:46:00"}
{"customer_id": "C33", "basket": [{"product_id": "P02", "price": 517}, {"product_id": "P11", "price": 1917}, {"product_id": "P10", "price": 1442}], "date_of_purchase": "2019-01-11 10:37:00"}
{"customer_id": "C36", "basket": [{"product_id": "P62", "price": 556}, {"product_id": "P61", "price": 152}], "date_of_purchase": "2019-01-11 20:51:00"}
{"customer_id": "C37", "basket": [{"product_id": "P59", "price": 1654}], "date_of_purchase": "2019-01-11 22:06:00"}
{"customer_id": "C40", "basket": [{"product_id": "P02", "price": 1027}, {"product_id": "P04", "price": 523}], "date_of_purchase": "2019-01-11 07:50:00"}
{"customer_id": "C41", "basket": [{"product_id": "P57", "price": 431}], "date_of_purchase": "2019-01-11 07:06:00"}
{"customer_id": "C48", "basket": [{"product_id": "P43", "price": 856}], "date_of_purchase": "2019-01-11 15:30:00"}
{"customer_id": "C58", "basket": [{"product_id": "P34", "price": 390}, {"product_id": "P31", "price": 86}, {"product_id": "P23", "price": 97}], "date_of_purchase": "2019-01-11 12:21:00"}
{"customer_id": "C65", "basket": [{"product_id": "P61", "price": 980}, {"product_id": "P64", "price": 223}], "date_of_purchase": "2019-01-11 15:09:00"}
{"customer_id": "C66", "basket": [{"product_id": "P33", "price": 902}], "date_of_purchase": "2019-01-11 11:29:00"}
{"customer_id": "C70", "basket": [{"product_id": "P33", "price": 185}, {"product_id": "P26", "price": 1016}, {"product_id": "P30", "price": 1158}], "date_of_purchase": "2019-01-11 08:12:00"}
{"customer_id": "C76", "basket": [{"product_id": "P61", "price": 1461}, {"product_id": "P61", "price": 819}, {"product_id": "P63", "price": 564}], "date_of_purchase": "2019-01-11 23:36:00"}
{"customer_id": "C77", "basket": [{"product_id": "P64", "price": 1826}], "date_of_purchase": "2019-01-11 20:24:00"}
{"customer_id": "C80", "basket": [{"product_id": "P12", "price": 1552}, {"product_id": "P03", "price": 153}], "date_of_purchase": "2019-01-11 05:42:00"}
{"customer_id": "C89", "basket": [{"product_id": "P06", "price": 759}, {"product_id": "P10", "price": 560}, {"product_id": "P09", "price": 1761}], "date_of_purchase": "2019-01-11 22:58:00"}
{"customer_id": "C92", "basket": [{"product_id": "P63", "price": 769}, {"product_id": "P61", "price": 177}, {"product_id": "P63", "price": 637}], "date_of_purchase": "2019-01-11 05:42:00"}
{"customer_id": "C94", "basket": [{"product_id": "P37", "price": 346}, {"product_id": "P38", "price": 842}], "date_of_purchase": "2019-01-11 15:32:00"}
{"customer_id": "C103", "basket": [{"product_id": "P01", "price": 1659}], "date_of_purchase": "2019-01-11 14:38:00"}
{"customer_id": "C104", "basket": [{"product_id": "P39", "price": 1607}, {"product_id": "P36", "price": 1163}, {"product_id": "P40", "price": 1157}], "date_of_purchase": "2019-01-11 13:51:00"}
{"customer_id": "C108", "basket": [{"product_id": "P35", "price": 155}, {"product_id": "P38", "price": 1521}], "date_of_purchase": "2019-01-11 09:38:00"}
{"customer_id": "C111", "basket": [{"product_id": "P51", "price": 117}, {"product_id": "P48", "price": 1270}, {"product_id": "P55", "price": 983}], "date_of_purchase": "2019-01-11 06:39:00"}
{"customer_id": "C123", "basket": [{"product_id": "P05", "price": 1211}, {"product_id": "P02", "price": 58}, {"product_id": "P06", "price": 15}], "date_of_purchase": "2019-01-11 19:55:00"}
{"customer_id": "C129", "basket": [{"product_id": "P33", "price": 1913}], "date_of_purchase": "2019-01-11 03:15:00"}
{"customer_id": "C130", "basket": [{"product_id": "P60", "price": 1735}, {"product_id": "P59", "price": 36}], "date_of_purchase": "2019-01-11 17:49:00"}
{"customer_id": "C132", "basket": [{"product_id": "P12", "price": 1313}, {"product_id": "P03", "price": 74}], "date_of_purchase": "2019-01-11 10:05:00"}
