{"customer_id": "C3", "basket": [{"product_id": "P35", "price": 101}], "date_of_purchase": "2019-01-04 21:18:00"}
{"customer_id": "C8", "basket": [{"product_id": "P42", "price": 1912}], "date_of_purchase": "2019-01-04 17:41:00"}
{"customer_id": "C23", "basket": [{"product_id": "P17", "price": 1793}, {"product_id": "P15", "price": 195}], "date_of_purchase": "2019-01-04 10:47:00"}
{"customer_id": "C41", "basket": [{"product_id": "P57", "price": 1474}, {"product_id": "P52", "price": 570}], "date_of_purchase": "2019-01-04 20:12:00"}
{"customer_id": "C42", "basket": [{"product_id": "P29", "price": 370}, {"product_id": "P22", "price": 575}], "date_of_purchase": "2019-01-04 03:42:00"}
{"customer_id": "C47", "basket": [{"product_id": "P40", "price": 190}, {"product_id": "P38", "price": 1446}, {"product_id": "P38", "price": 1912}], "date_of_purchase": "2019-01-04 09:35:00"}
{"customer_id": "C60", "basket": [{"product_id": "P07", "price": 1255}, {"product_id": "P09", "price": 1313}], "date_of_purchase": "2019-01-04 05:18:00"}
{"customer_id": "C74", "basket": [{"product_id": "P62", "price": 929}], "date_of_purchase": "2019-01-04 03:45:00"}
{"customer_id": "C76", "basket": [{"product_id": "P63", "price": 1704}, {"product_id": "P62", "price": 30}], "date_of_purchase": "2019-01-04 23:43:00"}
{"customer_id": "C82", "basket": [{"product_id": "P40", "price": 1700}], "date_of_purchase": "2019-01-04 06:30:00"}
{"customer_id": "C94", "basket": [{"product_id": "P39", "price": 71}, {"product_id": "P38", "price": 1235}], "date_of_purchase": "2019-01-04 22:51:00"}
{"customer_id": "C100", "basket": [{"product_id": "P28", "price": 336}, {"product_id": "P24", "price": 151}, {"product_id": "P25", "price": 1809}], "date_of_purchase": "2019-01-04 13:57:00"}
{"customer_id": "C106", "basket": [{"product_id": "P27", "price": 1350}], "date_of_purchase": "2019-01-04 13:22:00"}
{"customer_id": "C108", "basket": [{"product_id": "P26", "price": 168}], "date_of_purchase": "2019-01-04 11:09:00"}
{"customer_id": "C112", "basket": [{"product_id": "P24", "price": 576}], "date_of_purchase": "2019-01-04 22:30:00"}
{"customer_id": "C128", "basket": [{"product_id": "P58", "price": 239}], "date_of_purchase": "2019-01-04 03:21:00"}
{"customer_id": "C130", "basket": [{"product_id": "P23", "price": 1886}], "date_of_purchase": "2019-01-04 14:35:00"}
{"customer_id": "C134", "basket": [{"product_id": "P51", "price": 951}, {"product_id": "P45", "price": 1611}], "date_of_purchase": "2019-01-04 02:53:00"}
