{"customer_id": "C4", "basket": [{"product_id": "P47", "price": 1363}], "date_of_purchase": "2019-01-20 16:00:00"}
{"customer_id": "C7", "basket": [{"product_id": "P25", "price": 909}], "date_of_purchase": "2019-01-20 08:02:00"}
{"customer_id": "C8", "basket": [{"product_id": "P64", "price": 792}, {"product_id": "P63", "price": 313}, {"product_id": "P61", "price": 785}], "date_of_purchase": "2019-01-20 17:01:00"}
{"customer_id": "C20", "basket": [{"product_id": "P04", "price": 501}, {"product_id": "P03", "price": 1153}, {"product_id": "P04", "price": 577}], "date_of_purchase": "2019-01-20 18:36:00"}
{"customer_id": "C23", "basket": [{"product_id": "P20", "price": 274}, {"product_id": "P21", "price": 1150}], "date_of_purchase": "2019-01-20 23:00:00"}
{"customer_id": "C27", "basket": [{"product_id": "P22", "price": 1052}, {"product_id": "P33", "price": 1080}, {"product_id": "P23", "price": 1821}], "date_of_purchase": "2019-01-20 06:58:00"}
{"customer_id": "C36", "basket": [{"product_id": "P19", "price": 647}, {"product_id": "P15", "price": 116}], "date_of_purchase": "2019-01-20 10:17:00"}
{"customer_id": "C37", "basket": [{"product_id": "P52", "price": 1508}, {"product_id": "P44", "price": 1190}, {"product_id": "P52", "price": 1458}], "date_of_purchase": "2019-01-20 20:31:00"}
{"customer_id": "C41", "basket": [{"product_id": "P49", "price": 1487}], "date_of_purchase": "2019-01-20 13:26:00"}
{"customer_id": "C43", "basket": [{"product_id": "P11", "price": 1041}, {"product_id": "P03", "price": 1588}], "date_of_purchase": "2019-01-20 06:29:00"}
{"customer_id": "C48", "basket": [{"product_id": "P39", "price": 683}], "date_of_purchase": "2019-01-20 09:17:00"}
{"customer_id": "C68", "basket": [{"product_id": "P31", "price": 104}, {"product_id": "P29", "price": 818}, {"product_id": "P22", "price": 1343}], "date_of_purchase": "2019-01-20 12:14:00"}
{"customer_id": "C74", "basket": [{"product_id": "P63", "price": 1931}, {"product_id": "P64", "price": 267}], "date_of_purchase": "2019-01-20 04:52:00"}
{"customer_id": "C76", "basket": [{"product_id": "P63", "price": 992}, {"product_id": "P63", "price": 618}], "date_of_purchase": "2019-01-20 06:19:00"}
{"customer_id": "C79", "basket": [{"product_id": "P32", "price": 157}, {"product_id": "P31", "price": 1274}], "date_of_purchase": "2019-01-20 20:35:00"}
{"customer_id": "C82", "basket": [{"product_id": "P37", "price": 1908}, {"product_id": "P38", "price": 594}], "date_of_purchase": "2019-01-20 14:06:00"}
{"customer_id": "C92", "basket": [{"product_id": "P39", "price": 869}, {"product_id": "P36", "price": 1569}], "date_of_purchase": "2019-01-20 14:06:00"}
{"customer_id": "C94", "basket": [{"product_id": "P39", "price": 1973}, {"product_id": "P39", "price": 1973}, {"product_id": "P35", "price": 241}], "date_of_purchase": "2019-01-20 22:54:00"}
{"customer_id": "C107", "basket": [{"product_id": "P44", "price": 942}, {"product_id": "P42", "price": 153}], "date_of_purchase": "2019-01-20 16:06:00"}
{"customer_id": "C111", "basket": [{"product_id": "P41", "price": 1118}, {"product_id": "P55", "price": 613}, {"product_id": "P52", "price": 197}], "date_of_purchase": "2019-01-20 16:38:00"}
{"customer_id": "C113", "basket": [{"product_id": "P25", "price": 1797}, {"product_id": "P33", "price": 1412}], "date_of_purchase": "2019-01-20 18:42:00"}
{"customer_id": "C115", "basket": [{"product_id": "P53", "price": 117}, {"product_id": "P54", "price": 1043}], "date_of_purchase": "2019-01-20 20:54:00"}
{"customer_id": "C120", "basket": [{"product_id": "P28", "price": 1877}, {"product_id": "P28", "price": 588}], "date_of_purchase": "2019-01-20 04:02:00"}
{"customer_id": "C121", "basket": [{"product_id": "P05", "price": 1748}, {"product_id": "P12", "price": 1433}, {"product_id": "P05", "price": 1025}], "date_of_purchase": "2019-01-20 15:53:00"}
{"customer_id": "C122", "basket": [{"product_id": "P51", "price": 977}, {"product_id": "P58", "price": 123}, {"product_id": "P42", "price": 274}], "date_of_purchase": "2019-01-20 11:22:00"}
