customer_id,basket,date_of_purchase
C4,"[{'product_id': 'P47', 'price': 1363}]",2019-01-20 16:00:00
C7,"[{'product_id': 'P25', 'price': 909}]",2019-01-20 08:02:00
C8,"[{'product_id': 'P64', 'price': 792}, {'product_id': 'P63', 'price': 313}, {'product_id': 'P61', 'price': 785}]",2019-01-20 17:01:00
C20,"[{'product_id': 'P04', 'price': 501}, {'product_id': 'P03', 'price': 1153}, {'product_id': 'P04', 'price': 577}]",2019-01-20 18:36:00
C23,"[{'product_id': 'P20', 'price': 274}, {'product_id': 'P21', 'price': 1150}]",2019-01-20 23:00:00
C27,"[{'product_id': 'P22', 'price': 1052}, {'product_id': 'P33', 'price': 1080}, {'product_id': 'P23', 'price': 1821}]",2019-01-20 06:58:00
C36,"[{'product_id': 'P19', 'price': 647}, {'product_id': 'P15', 'price': 116}]",2019-01-20 10:17:00
C37,"[{'product_id': 'P52', 'price': 1508}, {'product_id': 'P44', 'price': 1190}, {'product_id': 'P52', 'price': 1458}]",2019-01-20 20:31:00
C41,"[{'product_id': 'P49', 'price': 1487}]",2019-01-20 13:26:00
C43,"[{'product_id': 'P11', 'price': 1041}, {'product_id': 'P03', 'price': 1588}]",2019-01-20 06:29:00
C48,"[{'product_id': 'P39', 'price': 683}]",2019-01-20 09:17:00
C68,"[{'product_id': 'P31', 'price': 104}, {'product_id': 'P29', 'price': 818}, {'product_id': 'P22', 'price': 1343}]",2019-01-20 12:14:00
C74,"[{'product_id': 'P63', 'price': 1931}, {'product_id': 'P64', 'price': 267}]",2019-01-20 04:52:00
C76,"[{'product_id': 'P63', 'price': 992}, {'product_id': 'P63', 'price': 618}]",2019-01-20 06:19:00
C79,"[{'product_id': 'P32', 'price': 157}, {'product_id': 'P31', 'price': 1274}]",2019-01-20 20:35:00
C82,"[{'product_id': 'P37', 'price': 1908}, {'product_id': 'P38', 'price': 594}]",2019-01-20 14:06:00
C92,"[{'product_id': 'P39', 'price': 869}, {'product_id': 'P36', 'price': 1569}]",2019-01-20 14:06:00
C94,"[{'product_id': 'P39', 'price': 1973}, {'product_id': 'P39', 'price': 1973}, {'product_id': 'P35', 'price': 241}]",2019-01-20 22:54:00
C107,"[{'product_id': 'P44', 'price': 942}, {'product_id': 'P42', 'price': 153}]",2019-01-20 16:06:00
C111,"[{'product_id': 'P41', 'price': 1118}, {'product_id': 'P55', 'price': 613}, {'product_id': 'P52', 'price': 197}]",2019-01-20 16:38:00
C113,"[{'product_id': 'P25', 'price': 1797}, {'product_id': 'P33', 'price': 1412}]",2019-01-20 18:42:00
C115,"[{'product_id': 'P53', 'price': 117}, {'product_id': 'P54', 'price': 1043}]",2019-01-20 20:54:00
C120,"[{'product_id': 'P28', 'price': 1877}, {'product_id': 'P28', 'price': 588}]",2019-01-20 04:02:00
C121,"[{'product_id': 'P05', 'price': 1748}, {'product_id': 'P12', 'price': 1433}, {'product_id': 'P05', 'price': 1025}]",2019-01-20 15:53:00
C122,"[{'product_id': 'P51', 'price': 977}, {'product_id': 'P58', 'price': 123}, {'product_id': 'P42', 'price': 274}]",2019-01-20 11:22:00
