{"customer_id": "C3", "basket": [{"product_id": "P29", "price": 507}, {"product_id": "P34", "price": 1289}], "date_of_purchase": "2019-01-12 18:00:00"}
{"customer_id": "C5", "basket": [{"product_id": "P54", "price": 8}, {"product_id": "P42", "price": 1779}], "date_of_purchase": "2019-01-12 16:35:00"}
{"customer_id": "C19", "basket": [{"product_id": "P28", "price": 1356}, {"product_id": "P23", "price": 1679}, {"product_id": "P23", "price": 1134}], "date_of_purchase": "2019-01-12 21:55:00"}
{"customer_id": "C23", "basket": [{"product_id": "P60", "price": 1009}], "date_of_purchase": "2019-01-12 10:04:00"}
{"customer_id": "C27", "basket": [{"product_id": "P35", "price": 1110}, {"product_id": "P39", "price": 199}, {"product_id": "P36", "price": 375}], "date_of_purchase": "2019-01-12 19:57:00"}
{"customer_id": "C31", "basket": [{"product_id": "P22", "price": 1800}, {"product_id": "P29", "price": 1196}, {"product_id": "P32", "price": 932}], "date_of_purchase": "2019-01-12 09:00:00"}
{"customer_id": "C47", "basket": [{"product_id": "P37", "price": 600}, {"product_id": "P39", "price": 1385}, {"product_id": "P37", "price": 1446}], "date_of_purchase": "2019-01-12 04:28:00"}
{"customer_id": "C52", "basket": [{"product_id": "P35", "price": 1159}], "date_of_purchase": "2019-01-12 07:25:00"}
{"customer_id": "C60", "basket": [{"product_id": "P06", "price": 1406}, {"product_id": "P09", "price": 870}], "date_of_purchase": "2019-01-12 18:05:00"}
{"customer_id": "C61", "basket": [{"product_id": "P45", "price": 1235}], "date_of_purchase": "2019-01-12 21:59:00"}
{"customer_id": "C66", "basket": [{"product_id": "P40", "price": 1034}], "date_of_purchase": "2019-01-12 21:39:00"}
{"customer_id": "C74", "basket": [{"product_id": "P43", "price": 1515}], "date_of_purchase": "2019-01-12 11:36:00"}
{"customer_id": "C79", "basket": [{"product_id": "P04", "price": 1209}, {"product_id": "P01", "price": 86}], "date_of_purchase": "2019-01-12 10:41:00"}
{"customer_id": "C84", "basket": [{"product_id": "P61", "price": 1910}], "date_of_purchase": "2019-01-12 15:23:00"}
{"customer_id": "C95", "basket": [{"product_id": "P29", "price": 1537}, {"product_id": "P31", "price": 1760}], "date_of_purchase": "2019-01-12 16:20:00"}
{"customer_id": "C97", "basket": [{"product_id": "P36", "price": 2}], "date_of_purchase": "2019-01-12 11:10:00"}
{"customer_id": "C108", "basket": [{"product_id": "P25", "price": 1536}], "date_of_purchase": "2019-01-12 12:56:00"}
{"customer_id": "C129", "basket": [{"product_id": "P23", "price": 1961}], "date_of_purchase": "2019-01-12 04:40:00"}
{"customer_id": "C130", "basket": [{"product_id": "P23", "price": 1301}], "date_of_purchase": "2019-01-12 10:50:00"}
