customer_id,basket,date_of_purchase
C3,"[{'product_id': 'P51', 'price': 980}, {'product_id': 'P54', 'price': 1145}, {'product_id': 'P60', 'price': 838}]",2018-12-27 22:43:00
C5,"[{'product_id': 'P29', 'price': 47}, {'product_id': 'P23', 'price': 1831}]",2018-12-27 20:21:00
C18,"[{'product_id': 'P35', 'price': 868}]",2018-12-27 13:26:00
C20,"[{'product_id': 'P35', 'price': 713}]",2018-12-27 20:04:00
C21,"[{'product_id': 'P37', 'price': 634}, {'product_id': 'P35', 'price': 976}, {'product_id': 'P40', 'price': 1546}]",2018-12-27 09:00:00
C29,"[{'product_id': 'P15', 'price': 1486}, {'product_id': 'P21', 'price': 1996}]",2018-12-27 13:39:00
C38,"[{'product_id': 'P36', 'price': 1190}, {'product_id': 'P37', 'price': 824}, {'product_id': 'P39', 'price': 1736}]",2018-12-27 18:20:00
C40,"[{'product_id': 'P02', 'price': 1368}, {'product_id': 'P04', 'price': 1795}]",2018-12-27 19:40:00
C44,"[{'product_id': 'P43', 'price': 371}, {'product_id': 'P52', 'price': 589}]",2018-12-27 02:54:00
C45,"[{'product_id': 'P28', 'price': 760}]",2018-12-27 13:21:00
C46,"[{'product_id': 'P27', 'price': 660}, {'product_id': 'P30', 'price': 1684}]",2018-12-27 08:18:00
C58,"[{'product_id': 'P49', 'price': 109}, {'product_id': 'P50', 'price': 601}]",2018-12-27 10:16:00
C60,"[{'product_id': 'P64', 'price': 1522}, {'product_id': 'P64', 'price': 1475}]",2018-12-27 11:42:00
C62,"[{'product_id': 'P31', 'price': 51}, {'product_id': 'P29', 'price': 454}, {'product_id': 'P34', 'price': 1600}]",2018-12-27 13:37:00
C66,"[{'product_id': 'P47', 'price': 46}, {'product_id': 'P60', 'price': 1053}]",2018-12-27 12:21:00
C79,"[{'product_id': 'P07', 'price': 536}, {'product_id': 'P07', 'price': 88}, {'product_id': 'P03', 'price': 307}]",2018-12-27 05:11:00
C87,"[{'product_id': 'P29', 'price': 1403}, {'product_id': 'P27', 'price': 1076}]",2018-12-27 08:38:00
C99,"[{'product_id': 'P40', 'price': 1661}, {'product_id': 'P39', 'price': 217}, {'product_id': 'P36', 'price': 1551}]",2018-12-27 17:46:00
C102,"[{'product_id': 'P39', 'price': 1844}, {'product_id': 'P40', 'price': 625}]",2018-12-27 22:08:00
C104,"[{'product_id': 'P38', 'price': 859}, {'product_id': 'P38', 'price': 1170}, {'product_id': 'P36', 'price': 1207}]",2018-12-27 14:11:00
C106,"[{'product_id': 'P12', 'price': 933}, {'product_id': 'P01', 'price': 689}]",2018-12-27 23:15:00
C110,"[{'product_id': 'P04', 'price': 707}]",2018-12-27 15:06:00
C111,"[{'product_id': 'P50', 'price': 1289}]",2018-12-27 09:17:00
C121,"[{'product_id': 'P10', 'price': 1113}, {'product_id': 'P01', 'price': 1488}, {'product_id': 'P03', 'price': 2000}]",2018-12-27 10:01:00
C128,"[{'product_id': 'P54', 'price': 222}]",2018-12-27 11:06:00
C130,"[{'product_id': 'P59', 'price': 1454}, {'product_id': 'P42', 'price': 876}, {'product_id': 'P58', 'price': 279}]",2018-12-27 05:34:00
C135,"[{'product_id': 'P42', 'price': 678}]",2018-12-27 08:02:00
