{"customer_id": "C3", "basket": [{"product_id": "P51", "price": 980}, {"product_id": "P54", "price": 1145}, {"product_id": "P60", "price": 838}], "date_of_purchase": "2018-12-27 22:43:00"}
{"customer_id": "C5", "basket": [{"product_id": "P29", "price": 47}, {"product_id": "P23", "price": 1831}], "date_of_purchase": "2018-12-27 20:21:00"}
{"customer_id": "C18", "basket": [{"product_id": "P35", "price": 868}], "date_of_purchase": "2018-12-27 13:26:00"}
{"customer_id": "C20", "basket": [{"product_id": "P35", "price": 713}], "date_of_purchase": "2018-12-27 20:04:00"}
{"customer_id": "C21", "basket": [{"product_id": "P37", "price": 634}, {"product_id": "P35", "price": 976}, {"product_id": "P40", "price": 1546}], "date_of_purchase": "2018-12-27 09:00:00"}
{"customer_id": "C29", "basket": [{"product_id": "P15", "price": 1486}, {"product_id": "P21", "price": 1996}], "date_of_purchase": "2018-12-27 13:39:00"}
{"customer_id": "C38", "basket": [{"product_id": "P36", "price": 1190}, {"product_id": "P37", "price": 824}, {"product_id": "P39", "price": 1736}], "date_of_purchase": "2018-12-27 18:20:00"}
{"customer_id": "C40", "basket": [{"product_id": "P02", "price": 1368}, {"product_id": "P04", "price": 1795}], "date_of_purchase": "2018-12-27 19:40:00"}
{"customer_id": "C44", "basket": [{"product_id": "P43", "price": 371}, {"product_id": "P52", "price": 589}], "date_of_purchase": "2018-12-27 02:54:00"}
{"customer_id": "C45", "basket": [{"product_id": "P28", "price": 760}], "date_of_purchase": "2018-12-27 13:21:00"}
{"customer_id": "C46", "basket": [{"product_id": "P27", "price": 660}, {"product_id": "P30", "price": 1684}], "date_of_purchase": "2018-12-27 08:18:00"}
{"customer_id": "C58", "basket": [{"product_id": "P49", "price": 109}, {"product_id": "P50", "price": 601}], "date_of_purchase": "2018-12-27 10:16:00"}
{"customer_id": "C60", "basket": [{"product_id": "P64", "price": 1522}, {"product_id": "P64", "price": 1475}], "date_of_purchase": "2018-12-27 11:42:00"}
{"customer_id": "C62", "basket": [{"product_id": "P31", "price": 51}, {"product_id": "P29", "price": 454}, {"product_id": "P34", "price": 1600}], "date_of_purchase": "2018-12-27 13:37:00"}
{"customer_id": "C66", "basket": [{"product_id": "P47", "price": 46}, {"product_id": "P60", "price": 1053}], "date_of_purchase": "2018-12-27 12:21:00"}
{"customer_id": "C79", "basket": [{"product_id": "P07", "price": 536}, {"product_id": "P07", "price": 88}, {"product_id": "P03", "price": 307}], "date_of_purchase": "2018-12-27 05:11:00"}
{"customer_id": "C87", "basket": [{"product_id": "P29", "price": 1403}, {"product_id": "P27", "price": 1076}], "date_of_purchase": "2018-12-27 08:38:00"}
{"customer_id": "C99", "basket": [{"product_id": "P40", "price": 1661}, {"product_id": "P39", "price": 217}, {"product_id": "P36", "price": 1551}], "date_of_purchase": "2018-12-27 17:46:00"}
{"customer_id": "C102", "basket": [{"product_id": "P39", "price": 1844}, {"product_id": "P40", "price": 625}], "date_of_purchase": "2018-12-27 22:08:00"}
{"customer_id": "C104", "basket": [{"product_id": "P38", "price": 859}, {"product_id": "P38", "price": 1170}, {"product_id": "P36", "price": 1207}], "date_of_purchase": "2018-12-27 14:11:00"}
{"customer_id": "C106", "basket": [{"product_id": "P12", "price": 933}, {"product_id": "P01", "price": 689}], "date_of_purchase": "2018-12-27 23:15:00"}
{"customer_id": "C110", "basket": [{"product_id": "P04", "price": 707}], "date_of_purchase": "2018-12-27 15:06:00"}
{"customer_id": "C111", "basket": [{"product_id": "P50", "price": 1289}], "date_of_purchase": "2018-12-27 09:17:00"}
{"customer_id": "C121", "basket": [{"product_id": "P10", "price": 1113}, {"product_id": "P01", "price": 1488}, {"product_id": "P03", "price": 2000}], "date_of_purchase": "2018-12-27 10:01:00"}
{"customer_id": "C128", "basket": [{"product_id": "P54", "price": 222}], "date_of_purchase": "2018-12-27 11:06:00"}
{"customer_id": "C130", "basket": [{"product_id": "P59", "price": 1454}, {"product_id": "P42", "price": 876}, {"product_id": "P58", "price": 279}], "date_of_purchase": "2018-12-27 05:34:00"}
{"customer_id": "C135", "basket": [{"product_id": "P42", "price": 678}], "date_of_purchase": "2018-12-27 08:02:00"}
