{"customer_id": "C8", "basket": [{"product_id": "P58", "price": 261}, {"product_id": "P43", "price": 1798}, {"product_id": "P54", "price": 139}], "date_of_purchase": "2018-12-25 14:14:00"}
{"customer_id": "C15", "basket": [{"product_id": "P37", "price": 1596}], "date_of_purchase": "2018-12-25 05:44:00"}
{"customer_id": "C26", "basket": [{"product_id": "P52", "price": 1111}, {"product_id": "P54", "price": 1715}, {"product_id": "P41", "price": 1172}], "date_of_purchase": "2018-12-25 06:35:00"}
{"customer_id": "C30", "basket": [{"product_id": "P61", "price": 1395}, {"product_id": "P64", "price": 1860}], "date_of_purchase": "2018-12-25 10:15:00"}
{"customer_id": "C33", "basket": [{"product_id": "P12", "price": 364}, {"product_id": "P04", "price": 1957}], "date_of_purchase": "2018-12-25 17:05:00"}
{"customer_id": "C41", "basket": [{"product_id": "P57", "price": 1572}], "date_of_purchase": "2018-12-25 11:11:00"}
{"customer_id": "C46", "basket": [{"product_id": "P27", "price": 425}, {"product_id": "P29", "price": 528}, {"product_id": "P31", "price": 735}], "date_of_purchase": "2018-12-25 09:23:00"}
{"customer_id": "C51", "basket": [{"product_id": "P58", "price": 1943}, {"product_id": "P43", "price": 58}, {"product_id": "P41", "price": 869}], "date_of_purchase": "2018-12-25 21:07:00"}
{"customer_id": "C64", "basket": [{"product_id": "P23", "price": 1939}, {"product_id": "P28", "price": 1619}], "date_of_purchase": "2018-12-25 19:48:00"}
{"customer_id": "C70", "basket": [{"product_id": "P39", "price": 1554}, {"product_id": "P35", "price": 1847}, {"product_id": "P39", "price": 659}], "date_of_purchase": "2018-12-25 19:45:00"}
{"customer_id": "C74", "basket": [{"product_id": "P62", "price": 21}, {"product_id": "P64", "price": 48}], "date_of_purchase": "2018-12-25 04:24:00"}
{"customer_id": "C93", "basket": [{"product_id": "P43", "price": 1262}, {"product_id": "P52", "price": 1662}, {"product_id": "P47", "price": 1019}], "date_of_purchase": "2018-12-25 19:54:00"}
{"customer_id": "C95", "basket": [{"product_id": "P58", "price": 7}, {"product_id": "P59", "price": 1508}, {"product_id": "P57", "price": 1353}], "date_of_purchase": "2018-12-25 09:34:00"}
{"customer_id": "C101", "basket": [{"product_id": "P63", "price": 1417}], "date_of_purchase": "2018-12-25 09:58:00"}
{"customer_id": "C115", "basket": [{"product_id": "P59", "price": 533}], "date_of_purchase": "2018-12-25 09:57:00"}
{"customer_id": "C129", "basket": [{"product_id": "P30", "price": 311}, {"product_id": "P32", "price": 568}], "date_of_purchase": "2018-12-25 04:09:00"}
{"customer_id": "C131", "basket": [{"product_id": "P64", "price": 235}, {"product_id": "P63", "price": 331}, {"product_id": "P61", "price": 1347}], "date_of_purchase": "2018-12-25 06:11:00"}
