customer_id,basket,date_of_purchase
C8,"[{'product_id': 'P58', 'price': 261}, {'product_id': 'P43', 'price': 1798}, {'product_id': 'P54', 'price': 139}]",2018-12-25 14:14:00
C15,"[{'product_id': 'P37', 'price': 1596}]",2018-12-25 05:44:00
C26,"[{'product_id': 'P52', 'price': 1111}, {'product_id': 'P54', 'price': 1715}, {'product_id': 'P41', 'price': 1172}]",2018-12-25 06:35:00
C30,"[{'product_id': 'P61', 'price': 1395}, {'product_id': 'P64', 'price': 1860}]",2018-12-25 10:15:00
C33,"[{'product_id': 'P12', 'price': 364}, {'product_id': 'P04', 'price': 1957}]",2018-12-25 17:05:00
C41,"[{'product_id': 'P57', 'price': 1572}]",2018-12-25 11:11:00
C46,"[{'product_id': 'P27', 'price': 425}, {'product_id': 'P29', 'price': 528}, {'product_id': 'P31', 'price': 735}]",2018-12-25 09:23:00
C51,"[{'product_id': 'P58', 'price': 1943}, {'product_id': 'P43', 'price': 58}, {'product_id': 'P41', 'price': 869}]",2018-12-25 21:07:00
C64,"[{'product_id': 'P23', 'price': 1939}, {'product_id': 'P28', 'price': 1619}]",2018-12-25 19:48:00
C70,"[{'product_id': 'P39', 'price': 1554}, {'product_id': 'P35', 'price': 1847}, {'product_id': 'P39', 'price': 659}]",2018-12-25 19:45:00
C74,"[{'product_id': 'P62', 'price': 21}, {'product_id': 'P64', 'price': 48}]",2018-12-25 04:24:00
C93,"[{'product_id': 'P43', 'price': 1262}, {'product_id': 'P52', 'price': 1662}, {'product_id': 'P47', 'price': 1019}]",2018-12-25 19:54:00
C95,"[{'product_id': 'P58', 'price': 7}, {'product_id': 'P59', 'price': 1508}, {'product_id': 'P57', 'price': 1353}]",2018-12-25 09:34:00
C101,"[{'product_id': 'P63', 'price': 1417}]",2018-12-25 09:58:00
C115,"[{'product_id': 'P59', 'price': 533}]",2018-12-25 09:57:00
C129,"[{'product_id': 'P30', 'price': 311}, {'product_id': 'P32', 'price': 568}]",2018-12-25 04:09:00
C131,"[{'product_id': 'P64', 'price': 235}, {'product_id': 'P63', 'price': 331}, {'product_id': 'P61', 'price': 1347}]",2018-12-25 06:11:00
