customer_id,basket,date_of_purchase
C7,"[{'product_id': 'P22', 'price': 1923}]",2019-03-01 14:28:00
C8,"[{'product_id': 'P54', 'price': 1648}, {'product_id': 'P47', 'price': 1307}]",2019-03-01 11:15:00
C15,"[{'product_id': 'P39', 'price': 24}, {'product_id': 'P35', 'price': 1427}, {'product_id': 'P35', 'price': 449}]",2019-03-01 09:37:00
C16,"[{'product_id': 'P35', 'price': 1268}, {'product_id': 'P40', 'price': 212}]",2019-03-01 08:52:00
C17,"[{'product_id': 'P09', 'price': 1284}, {'product_id': 'P03', 'price': 737}]",2019-03-01 16:43:00
C19,"[{'product_id': 'P23', 'price': 1531}]",2019-03-01 05:01:00
C20,"[{'product_id': 'P46', 'price': 1283}]",2019-03-01 15:39:00
C27,"[{'product_id': 'P37', 'price': 977}, {'product_id': 'P39', 'price': 71}, {'product_id': 'P38', 'price': 902}]",2019-03-01 09:26:00
C28,"[{'product_id': 'P41', 'price': 1483}, {'product_id': 'P54', 'price': 1128}]",2019-03-01 03:46:00
C30,"[{'product_id': 'P03', 'price': 739}, {'product_id': 'P06', 'price': 85}, {'product_id': 'P02', 'price': 444}]",2019-03-01 05:52:00
C32,"[{'product_id': 'P56', 'price': 1442}, {'product_id': 'P47', 'price': 969}]",2019-03-01 04:23:00
C38,"[{'product_id': 'P36', 'price': 498}, {'product_id': 'P37', 'price': 1237}]",2019-03-01 05:11:00
C43,"[{'product_id': 'P06', 'price': 1143}, {'product_id': 'P02', 'price': 433}]",2019-03-01 16:19:00
C62,"[{'product_id': 'P61', 'price': 1586}]",2019-03-01 20:34:00
C64,"[{'product_id': 'P30', 'price': 632}]",2019-03-01 08:33:00
C65,"[{'product_id': 'P54', 'price': 407}]",2019-03-01 11:52:00
C78,"[{'product_id': 'P35', 'price': 213}]",2019-03-01 15:59:00
C81,"[{'product_id': 'P31', 'price': 724}]",2019-03-01 06:06:00
C82,"[{'product_id': 'P23', 'price': 363}]",2019-03-01 13:43:00
C85,"[{'product_id': 'P48', 'price': 744}, {'product_id': 'P54', 'price': 1295}]",2019-03-01 23:20:00
C94,"[{'product_id': 'P35', 'price': 1357}, {'product_id': 'P37', 'price': 654}, {'product_id': 'P39', 'price': 74}]",2019-03-01 06:09:00
C101,"[{'product_id': 'P10', 'price': 207}, {'product_id': 'P03', 'price': 1043}, {'product_id': 'P02', 'price': 664}]",2019-03-01 17:23:00
C115,"[{'product_id': 'P54', 'price': 658}, {'product_id': 'P49', 'price': 1836}]",2019-03-01 03:24:00
C121,"[{'product_id': 'P03', 'price': 1079}, {'product_id': 'P11', 'price': 173}]",2019-03-01 14:23:00
C128,"[{'product_id': 'P35', 'price': 279}, {'product_id': 'P40', 'price': 502}, {'product_id': 'P38', 'price': 1352}]",2019-03-01 15:41:00
C131,"[{'product_id': 'P63', 'price': 1580}, {'product_id': 'P64', 'price': 1139}]",2019-03-01 14:42:00
