{"customer_id": "C3", "basket": [{"product_id": "P02", "price": 1799}, {"product_id": "P08", "price": 500}, {"product_id": "P07", "price": 1281}], "date_of_purchase": "2018-12-01 09:52:00"}
{"customer_id": "C5", "basket": [{"product_id": "P23", "price": 977}, {"product_id": "P23", "price": 1806}], "date_of_purchase": "2018-12-01 17:10:00"}
{"customer_id": "C6", "basket": [{"product_id": "P63", "price": 579}], "date_of_purchase": "2018-12-01 06:49:00"}
{"customer_id": "C8", "basket": [{"product_id": "P42", "price": 626}], "date_of_purchase": "2018-12-01 22:03:00"}
{"customer_id": "C13", "basket": [{"product_id": "P11", "price": 1423}, {"product_id": "P09", "price": 170}, {"product_id": "P03", "price": 464}], "date_of_purchase": "2018-12-01 21:03:00"}
{"customer_id": "C17", "basket": [{"product_id": "P07", "price": 682}, {"product_id": "P05", "price": 1508}, {"product_id": "P10", "price": 1294}], "date_of_purchase": "2018-12-01 11:15:00"}
{"customer_id": "C20", "basket": [{"product_id": "P60", "price": 1172}], "date_of_purchase": "2018-12-01 03:19:00"}
{"customer_id": "C29", "basket": [{"product_id": "P44", "price": 1947}, {"product_id": "P46", "price": 1044}], "date_of_purchase": "2018-12-01 15:43:00"}
{"customer_id": "C31", "basket": [{"product_id": "P38", "price": 1428}, {"product_id": "P40", "price": 35}], "date_of_purchase": "2018-12-01 11:32:00"}
{"customer_id": "C36", "basket": [{"product_id": "P20", "price": 152}, {"product_id": "P20", "price": 1892}], "date_of_purchase": "2018-12-01 06:57:00"}
{"customer_id": "C38", "basket": [{"product_id": "P39", "price": 941}, {"product_id": "P38", "price": 1758}], "date_of_purchase": "2018-12-01 21:24:00"}
{"customer_id": "C39", "basket": [{"product_id": "P18", "price": 1024}], "date_of_purchase": "2018-12-01 06:51:00"}
{"customer_id": "C56", "basket": [{"product_id": "P54", "price": 1666}], "date_of_purchase": "2018-12-01 07:25:00"}
{"customer_id": "C61", "basket": [{"product_id": "P26", "price": 1748}, {"product_id": "P25", "price": 972}, {"product_id": "P32", "price": 874}], "date_of_purchase": "2018-12-01 23:19:00"}
{"customer_id": "C64", "basket": [{"product_id": "P23", "price": 1220}, {"product_id": "P32", "price": 1898}], "date_of_purchase": "2018-12-01 04:16:00"}
{"customer_id": "C68", "basket": [{"product_id": "P22", "price": 1120}, {"product_id": "P29", "price": 189}], "date_of_purchase": "2018-12-01 21:40:00"}
{"customer_id": "C72", "basket": [{"product_id": "P60", "price": 508}, {"product_id": "P56", "price": 4}], "date_of_purchase": "2018-12-01 11:55:00"}
{"customer_id": "C74", "basket": [{"product_id": "P56", "price": 1587}, {"product_id": "P60", "price": 1575}, {"product_id": "P51", "price": 136}], "date_of_purchase": "2018-12-01 06:19:00"}
{"customer_id": "C79", "basket": [{"product_id": "P25", "price": 1087}, {"product_id": "P27", "price": 330}], "date_of_purchase": "2018-12-01 14:22:00"}
{"customer_id": "C82", "basket": [{"product_id": "P35", "price": 1855}], "date_of_purchase": "2018-12-01 23:07:00"}
{"customer_id": "C92", "basket": [{"product_id": "P39", "price": 1345}, {"product_id": "P35", "price": 468}], "date_of_purchase": "2018-12-01 10:46:00"}
{"customer_id": "C107", "basket": [{"product_id": "P58", "price": 400}], "date_of_purchase": "2018-12-01 21:44:00"}
{"customer_id": "C112", "basket": [{"product_id": "P25", "price": 1901}, {"product_id": "P33", "price": 397}], "date_of_purchase": "2018-12-01 06:35:00"}
{"customer_id": "C115", "basket": [{"product_id": "P21", "price": 1765}, {"product_id": "P21", "price": 1930}, {"product_id": "P20", "price": 1971}], "date_of_purchase": "2018-12-01 22:01:00"}
{"customer_id": "C129", "basket": [{"product_id": "P23", "price": 1220}], "date_of_purchase": "2018-12-01 11:44:00"}
{"customer_id": "C135", "basket": [{"product_id": "P54", "price": 1032}], "date_of_purchase": "2018-12-01 12:38:00"}
