customer_id,basket,date_of_purchase
C3,"[{'product_id': 'P02', 'price': 1799}, {'product_id': 'P08', 'price': 500}, {'product_id': 'P07', 'price': 1281}]",2018-12-01 09:52:00
C5,"[{'product_id': 'P23', 'price': 977}, {'product_id': 'P23', 'price': 1806}]",2018-12-01 17:10:00
C6,"[{'product_id': 'P63', 'price': 579}]",2018-12-01 06:49:00
C8,"[{'product_id': 'P42', 'price': 626}]",2018-12-01 22:03:00
C13,"[{'product_id': 'P11', 'price': 1423}, {'product_id': 'P09', 'price': 170}, {'product_id': 'P03', 'price': 464}]",2018-12-01 21:03:00
C17,"[{'product_id': 'P07', 'price': 682}, {'product_id': 'P05', 'price': 1508}, {'product_id': 'P10', 'price': 1294}]",2018-12-01 11:15:00
C20,"[{'product_id': 'P60', 'price': 1172}]",2018-12-01 03:19:00
C29,"[{'product_id': 'P44', 'price': 1947}, {'product_id': 'P46', 'price': 1044}]",2018-12-01 15:43:00
C31,"[{'product_id': 'P38', 'price': 1428}, {'product_id': 'P40', 'price': 35}]",2018-12-01 11:32:00
C36,"[{'product_id': 'P20', 'price': 152}, {'product_id': 'P20', 'price': 1892}]",2018-12-01 06:57:00
C38,"[{'product_id': 'P39', 'price': 941}, {'product_id': 'P38', 'price': 1758}]",2018-12-01 21:24:00
C39,"[{'product_id': 'P18', 'price': 1024}]",2018-12-01 06:51:00
C56,"[{'product_id': 'P54', 'price': 1666}]",2018-12-01 07:25:00
C61,"[{'product_id': 'P26', 'price': 1748}, {'product_id': 'P25', 'price': 972}, {'product_id': 'P32', 'price': 874}]",2018-12-01 23:19:00
C64,"[{'product_id': 'P23', 'price': 1220}, {'product_id': 'P32', 'price': 1898}]",2018-12-01 04:16:00
C68,"[{'product_id': 'P22', 'price': 1120}, {'product_id': 'P29', 'price': 189}]",2018-12-01 21:40:00
C72,"[{'product_id': 'P60', 'price': 508}, {'product_id': 'P56', 'price': 4}]",2018-12-01 11:55:00
C74,"[{'product_id': 'P56', 'price': 1587}, {'product_id': 'P60', 'price': 1575}, {'product_id': 'P51', 'price': 136}]",2018-12-01 06:19:00
C79,"[{'product_id': 'P25', 'price': 1087}, {'product_id': 'P27', 'price': 330}]",2018-12-01 14:22:00
C82,"[{'product_id': 'P35', 'price': 1855}]",2018-12-01 23:07:00
C92,"[{'product_id': 'P39', 'price': 1345}, {'product_id': 'P35', 'price': 468}]",2018-12-01 10:46:00
C107,"[{'product_id': 'P58', 'price': 400}]",2018-12-01 21:44:00
C112,"[{'product_id': 'P25', 'price': 1901}, {'product_id': 'P33', 'price': 397}]",2018-12-01 06:35:00
C115,"[{'product_id': 'P21', 'price': 1765}, {'product_id': 'P21', 'price': 1930}, {'product_id': 'P20', 'price': 1971}]",2018-12-01 22:01:00
C129,"[{'product_id': 'P23', 'price': 1220}]",2018-12-01 11:44:00
C135,"[{'product_id': 'P54', 'price': 1032}]",2018-12-01 12:38:00
