{"customer_id": "C10", "basket": [{"product_id": "P23", "price": 260}], "date_of_purchase": "2019-01-31 05:18:00"}
{"customer_id": "C11", "basket": [{"product_id": "P01", "price": 1532}, {"product_id": "P07", "price": 1674}], "date_of_purchase": "2019-01-31 20:53:00"}
{"customer_id": "C20", "basket": [{"product_id": "P49", "price": 1886}, {"product_id": "P57", "price": 6}], "date_of_purchase": "2019-01-31 13:43:00"}
{"customer_id": "C21", "basket": [{"product_id": "P28", "price": 1675}, {"product_id": "P32", "price": 1425}], "date_of_purchase": "2019-01-31 23:56:00"}
{"customer_id": "C26", "basket": [{"product_id": "P41", "price": 122}], "date_of_purchase": "2019-01-31 17:23:00"}
{"customer_id": "C41", "basket": [{"product_id": "P08", "price": 867}], "date_of_purchase": "2019-01-31 20:12:00"}
{"customer_id": "C42", "basket": [{"product_id": "P22", "price": 314}, {"product_id": "P24", "price": 1793}], "date_of_purchase": "2019-01-31 06:45:00"}
{"customer_id": "C43", "basket": [{"product_id": "P63", "price": 515}], "date_of_purchase": "2019-01-31 11:00:00"}
{"customer_id": "C44", "basket": [{"product_id": "P49", "price": 489}], "date_of_purchase": "2019-01-31 03:29:00"}
{"customer_id": "C51", "basket": [{"product_id": "P12", "price": 1281}], "date_of_purchase": "2019-01-31 23:48:00"}
{"customer_id": "C66", "basket": [{"product_id": "P38", "price": 588}], "date_of_purchase": "2019-01-31 07:12:00"}
{"customer_id": "C67", "basket": [{"product_id": "P61", "price": 12}], "date_of_purchase": "2019-01-31 06:37:00"}
{"customer_id": "C70", "basket": [{"product_id": "P62", "price": 227}, {"product_id": "P64", "price": 757}, {"product_id": "P64", "price": 903}], "date_of_purchase": "2019-01-31 10:18:00"}
{"customer_id": "C74", "basket": [{"product_id": "P56", "price": 1547}, {"product_id": "P44", "price": 1552}, {"product_id": "P43", "price": 397}], "date_of_purchase": "2019-01-31 23:07:00"}
{"customer_id": "C76", "basket": [{"product_id": "P61", "price": 1599}], "date_of_purchase": "2019-01-31 16:51:00"}
{"customer_id": "C90", "basket": [{"product_id": "P44", "price": 761}], "date_of_purchase": "2019-01-31 17:51:00"}
{"customer_id": "C93", "basket": [{"product_id": "P48", "price": 942}, {"product_id": "P51", "price": 734}], "date_of_purchase": "2019-01-31 23:15:00"}
{"customer_id": "C94", "basket": [{"product_id": "P36", "price": 1825}, {"product_id": "P36", "price": 816}, {"product_id": "P36", "price": 992}], "date_of_purchase": "2019-01-31 05:21:00"}
{"customer_id": "C102", "basket": [{"product_id": "P39", "price": 1104}, {"product_id": "P38", "price": 684}, {"product_id": "P36", "price": 583}], "date_of_purchase": "2019-01-31 15:27:00"}
{"customer_id": "C105", "basket": [{"product_id": "P10", "price": 122}], "date_of_purchase": "2019-01-31 07:58:00"}
{"customer_id": "C107", "basket": [{"product_id": "P51", "price": 1621}, {"product_id": "P58", "price": 373}, {"product_id": "P43", "price": 850}], "date_of_purchase": "2019-01-31 05:45:00"}
{"customer_id": "C122", "basket": [{"product_id": "P26", "price": 1682}, {"product_id": "P23", "price": 1594}], "date_of_purchase": "2019-01-31 06:35:00"}
{"customer_id": "C133", "basket": [{"product_id": "P40", "price": 1642}, {"product_id": "P35", "price": 693}, {"product_id": "P37", "price": 666}], "date_of_purchase": "2019-01-31 18:10:00"}
{"customer_id": "C135", "basket": [{"product_id": "P41", "price": 1985}, {"product_id": "P58", "price": 614}, {"product_id": "P47", "price": 1317}], "date_of_purchase": "2019-01-31 12:19:00"}
