customer_id,basket,date_of_purchase
C10,"[{'product_id': 'P23', 'price': 260}]",2019-01-31 05:18:00
C11,"[{'product_id': 'P01', 'price': 1532}, {'product_id': 'P07', 'price': 1674}]",2019-01-31 20:53:00
C20,"[{'product_id': 'P49', 'price': 1886}, {'product_id': 'P57', 'price': 6}]",2019-01-31 13:43:00
C21,"[{'product_id': 'P28', 'price': 1675}, {'product_id': 'P32', 'price': 1425}]",2019-01-31 23:56:00
C26,"[{'product_id': 'P41', 'price': 122}]",2019-01-31 17:23:00
C41,"[{'product_id': 'P08', 'price': 867}]",2019-01-31 20:12:00
C42,"[{'product_id': 'P22', 'price': 314}, {'product_id': 'P24', 'price': 1793}]",2019-01-31 06:45:00
C43,"[{'product_id': 'P63', 'price': 515}]",2019-01-31 11:00:00
C44,"[{'product_id': 'P49', 'price': 489}]",2019-01-31 03:29:00
C51,"[{'product_id': 'P12', 'price': 1281}]",2019-01-31 23:48:00
C66,"[{'product_id': 'P38', 'price': 588}]",2019-01-31 07:12:00
C67,"[{'product_id': 'P61', 'price': 12}]",2019-01-31 06:37:00
C70,"[{'product_id': 'P62', 'price': 227}, {'product_id': 'P64', 'price': 757}, {'product_id': 'P64', 'price': 903}]",2019-01-31 10:18:00
C74,"[{'product_id': 'P56', 'price': 1547}, {'product_id': 'P44', 'price': 1552}, {'product_id': 'P43', 'price': 397}]",2019-01-31 23:07:00
C76,"[{'product_id': 'P61', 'price': 1599}]",2019-01-31 16:51:00
C90,"[{'product_id': 'P44', 'price': 761}]",2019-01-31 17:51:00
C93,"[{'product_id': 'P48', 'price': 942}, {'product_id': 'P51', 'price': 734}]",2019-01-31 23:15:00
C94,"[{'product_id': 'P36', 'price': 1825}, {'product_id': 'P36', 'price': 816}, {'product_id': 'P36', 'price': 992}]",2019-01-31 05:21:00
C102,"[{'product_id': 'P39', 'price': 1104}, {'product_id': 'P38', 'price': 684}, {'product_id': 'P36', 'price': 583}]",2019-01-31 15:27:00
C105,"[{'product_id': 'P10', 'price': 122}]",2019-01-31 07:58:00
C107,"[{'product_id': 'P51', 'price': 1621}, {'product_id': 'P58', 'price': 373}, {'product_id': 'P43', 'price': 850}]",2019-01-31 05:45:00
C122,"[{'product_id': 'P26', 'price': 1682}, {'product_id': 'P23', 'price': 1594}]",2019-01-31 06:35:00
C133,"[{'product_id': 'P40', 'price': 1642}, {'product_id': 'P35', 'price': 693}, {'product_id': 'P37', 'price': 666}]",2019-01-31 18:10:00
C135,"[{'product_id': 'P41', 'price': 1985}, {'product_id': 'P58', 'price': 614}, {'product_id': 'P47', 'price': 1317}]",2019-01-31 12:19:00
