customer_id,basket,date_of_purchase
C27,"[{'product_id': 'P38', 'price': 1080}, {'product_id': 'P37', 'price': 1543}, {'product_id': 'P36', 'price': 320}]",2018-12-23 13:27:00
C31,"[{'product_id': 'P49', 'price': 1733}]",2018-12-23 18:22:00
C40,"[{'product_id': 'P05', 'price': 1397}, {'product_id': 'P04', 'price': 1213}]",2018-12-23 13:48:00
C42,"[{'product_id': 'P22', 'price': 87}]",2018-12-23 07:08:00
C44,"[{'product_id': 'P31', 'price': 1890}, {'product_id': 'P34', 'price': 578}]",2018-12-23 18:42:00
C48,"[{'product_id': 'P37', 'price': 56}]",2018-12-23 03:00:00
C53,"[{'product_id': 'P51', 'price': 1988}, {'product_id': 'P42', 'price': 39}, {'product_id': 'P45', 'price': 652}]",2018-12-23 22:46:00
C76,"[{'product_id': 'P62', 'price': 1805}]",2018-12-23 22:10:00
C85,"[{'product_id': 'P59', 'price': 338}]",2018-12-23 15:15:00
C90,"[{'product_id': 'P48', 'price': 1155}, {'product_id': 'P56', 'price': 192}]",2018-12-23 17:35:00
C108,"[{'product_id': 'P24', 'price': 1802}, {'product_id': 'P34', 'price': 1658}, {'product_id': 'P31', 'price': 1717}]",2018-12-23 23:11:00
C110,"[{'product_id': 'P64', 'price': 940}]",2018-12-23 07:49:00
C115,"[{'product_id': 'P46', 'price': 881}, {'product_id': 'P50', 'price': 1537}, {'product_id': 'P47', 'price': 180}]",2018-12-23 06:59:00
C117,"[{'product_id': 'P63', 'price': 390}, {'product_id': 'P61', 'price': 906}, {'product_id': 'P62', 'price': 454}]",2018-12-23 06:52:00
C120,"[{'product_id': 'P22', 'price': 95}, {'product_id': 'P32', 'price': 375}, {'product_id': 'P25', 'price': 792}]",2018-12-23 17:58:00
C129,"[{'product_id': 'P27', 'price': 1310}]",2018-12-23 14:54:00
