{"customer_id": "C27", "basket": [{"product_id": "P38", "price": 1080}, {"product_id": "P37", "price": 1543}, {"product_id": "P36", "price": 320}], "date_of_purchase": "2018-12-23 13:27:00"}
{"customer_id": "C31", "basket": [{"product_id": "P49", "price": 1733}], "date_of_purchase": "2018-12-23 18:22:00"}
{"customer_id": "C40", "basket": [{"product_id": "P05", "price": 1397}, {"product_id": "P04", "price": 1213}], "date_of_purchase": "2018-12-23 13:48:00"}
{"customer_id": "C42", "basket": [{"product_id": "P22", "price": 87}], "date_of_purchase": "2018-12-23 07:08:00"}
{"customer_id": "C44", "basket": [{"product_id": "P31", "price": 1890}, {"product_id": "P34", "price": 578}], "date_of_purchase": "2018-12-23 18:42:00"}
{"customer_id": "C48", "basket": [{"product_id": "P37", "price": 56}], "date_of_purchase": "2018-12-23 03:00:00"}
{"customer_id": "C53", "basket": [{"product_id": "P51", "price": 1988}, {"product_id": "P42", "price": 39}, {"product_id": "P45", "price": 652}], "date_of_purchase": "2018-12-23 22:46:00"}
{"customer_id": "C76", "basket": [{"product_id": "P62", "price": 1805}], "date_of_purchase": "2018-12-23 22:10:00"}
{"customer_id": "C85", "basket": [{"product_id": "P59", "price": 338}], "date_of_purchase": "2018-12-23 15:15:00"}
{"customer_id": "C90", "basket": [{"product_id": "P48", "price": 1155}, {"product_id": "P56", "price": 192}], "date_of_purchase": "2018-12-23 17:35:00"}
{"customer_id": "C108", "basket": [{"product_id": "P24", "price": 1802}, {"product_id": "P34", "price": 1658}, {"product_id": "P31", "price": 1717}], "date_of_purchase": "2018-12-23 23:11:00"}
{"customer_id": "C110", "basket": [{"product_id": "P64", "price": 940}], "date_of_purchase": "2018-12-23 07:49:00"}
{"customer_id": "C115", "basket": [{"product_id": "P46", "price": 881}, {"product_id": "P50", "price": 1537}, {"product_id": "P47", "price": 180}], "date_of_purchase": "2018-12-23 06:59:00"}
{"customer_id": "C117", "basket": [{"product_id": "P63", "price": 390}, {"product_id": "P61", "price": 906}, {"product_id": "P62", "price": 454}], "date_of_purchase": "2018-12-23 06:52:00"}
{"customer_id": "C120", "basket": [{"product_id": "P22", "price": 95}, {"product_id": "P32", "price": 375}, {"product_id": "P25", "price": 792}], "date_of_purchase": "2018-12-23 17:58:00"}
{"customer_id": "C129", "basket": [{"product_id": "P27", "price": 1310}], "date_of_purchase": "2018-12-23 14:54:00"}
