customer_id,basket,date_of_purchase
C1,"[{'product_id': 'P01', 'price': 341}, {'product_id': 'P06', 'price': 169}]",2019-01-22 13:31:00
C19,"[{'product_id': 'P29', 'price': 719}, {'product_id': 'P29', 'price': 491}]",2019-01-22 06:36:00
C20,"[{'product_id': 'P40', 'price': 558}, {'product_id': 'P36', 'price': 1691}, {'product_id': 'P37', 'price': 863}]",2019-01-22 15:01:00
C21,"[{'product_id': 'P31', 'price': 1990}, {'product_id': 'P30', 'price': 1090}]",2019-01-22 16:39:00
C29,"[{'product_id': 'P14', 'price': 876}, {'product_id': 'P16', 'price': 1218}, {'product_id': 'P15', 'price': 669}]",2019-01-22 16:35:00
C30,"[{'product_id': 'P05', 'price': 594}]",2019-01-22 15:46:00
C32,"[{'product_id': 'P42', 'price': 146}]",2019-01-22 20:25:00
C36,"[{'product_id': 'P18', 'price': 1584}, {'product_id': 'P15', 'price': 1304}, {'product_id': 'P18', 'price': 1662}]",2019-01-22 11:02:00
C37,"[{'product_id': 'P37', 'price': 1840}, {'product_id': 'P38', 'price': 482}, {'product_id': 'P40', 'price': 1626}]",2019-01-22 16:25:00
C40,"[{'product_id': 'P04', 'price': 907}, {'product_id': 'P03', 'price': 218}, {'product_id': 'P06', 'price': 1943}]",2019-01-22 23:35:00
C42,"[{'product_id': 'P25', 'price': 191}]",2019-01-22 22:44:00
C44,"[{'product_id': 'P24', 'price': 1198}, {'product_id': 'P30', 'price': 1840}, {'product_id': 'P31', 'price': 882}]",2019-01-22 18:51:00
C47,"[{'product_id': 'P39', 'price': 810}]",2019-01-22 08:24:00
C52,"[{'product_id': 'P40', 'price': 172}]",2019-01-22 08:32:00
C54,"[{'product_id': 'P54', 'price': 690}, {'product_id': 'P53', 'price': 350}, {'product_id': 'P52', 'price': 1980}]",2019-01-22 16:44:00
C57,"[{'product_id': 'P26', 'price': 1137}]",2019-01-22 19:57:00
C67,"[{'product_id': 'P49', 'price': 467}, {'product_id': 'P42', 'price': 615}, {'product_id': 'P52', 'price': 1035}]",2019-01-22 11:38:00
C69,"[{'product_id': 'P39', 'price': 1730}, {'product_id': 'P36', 'price': 1850}]",2019-01-22 13:47:00
C70,"[{'product_id': 'P31', 'price': 503}, {'product_id': 'P23', 'price': 644}]",2019-01-22 23:30:00
C80,"[{'product_id': 'P36', 'price': 832}, {'product_id': 'P40', 'price': 1603}]",2019-01-22 11:17:00
C85,"[{'product_id': 'P53', 'price': 1257}, {'product_id': 'P49', 'price': 989}]",2019-01-22 14:28:00
C92,"[{'product_id': 'P37', 'price': 1710}, {'product_id': 'P37', 'price': 1574}, {'product_id': 'P37', 'price': 476}]",2019-01-22 14:11:00
C95,"[{'product_id': 'P56', 'price': 1967}, {'product_id': 'P54', 'price': 673}, {'product_id': 'P54', 'price': 1799}]",2019-01-22 06:10:00
C112,"[{'product_id': 'P09', 'price': 66}, {'product_id': 'P04', 'price': 951}]",2019-01-22 14:48:00
C115,"[{'product_id': 'P56', 'price': 439}]",2019-01-22 20:26:00
C122,"[{'product_id': 'P15', 'price': 946}, {'product_id': 'P19', 'price': 96}, {'product_id': 'P14', 'price': 1047}]",2019-01-22 03:43:00
C129,"[{'product_id': 'P29', 'price': 101}, {'product_id': 'P32', 'price': 1574}]",2019-01-22 16:06:00
C130,"[{'product_id': 'P12', 'price': 1960}, {'product_id': 'P08', 'price': 586}, {'product_id': 'P02', 'price': 1076}]",2019-01-22 08:28:00
C133,"[{'product_id': 'P36', 'price': 998}]",2019-01-22 03:38:00
C134,"[{'product_id': 'P30', 'price': 1781}, {'product_id': 'P22', 'price': 478}, {'product_id': 'P24', 'price': 1609}]",2019-01-22 11:52:00
