{"customer_id": "C1", "basket": [{"product_id": "P01", "price": 341}, {"product_id": "P06", "price": 169}], "date_of_purchase": "2019-01-22 13:31:00"}
{"customer_id": "C19", "basket": [{"product_id": "P29", "price": 719}, {"product_id": "P29", "price": 491}], "date_of_purchase": "2019-01-22 06:36:00"}
{"customer_id": "C20", "basket": [{"product_id": "P40", "price": 558}, {"product_id": "P36", "price": 1691}, {"product_id": "P37", "price": 863}], "date_of_purchase": "2019-01-22 15:01:00"}
{"customer_id": "C21", "basket": [{"product_id": "P31", "price": 1990}, {"product_id": "P30", "price": 1090}], "date_of_purchase": "2019-01-22 16:39:00"}
{"customer_id": "C29", "basket": [{"product_id": "P14", "price": 876}, {"product_id": "P16", "price": 1218}, {"product_id": "P15", "price": 669}], "date_of_purchase": "2019-01-22 16:35:00"}
{"customer_id": "C30", "basket": [{"product_id": "P05", "price": 594}], "date_of_purchase": "2019-01-22 15:46:00"}
{"customer_id": "C32", "basket": [{"product_id": "P42", "price": 146}], "date_of_purchase": "2019-01-22 20:25:00"}
{"customer_id": "C36", "basket": [{"product_id": "P18", "price": 1584}, {"product_id": "P15", "price": 1304}, {"product_id": "P18", "price": 1662}], "date_of_purchase": "2019-01-22 11:02:00"}
{"customer_id": "C37", "basket": [{"product_id": "P37", "price": 1840}, {"product_id": "P38", "price": 482}, {"product_id": "P40", "price": 1626}], "date_of_purchase": "2019-01-22 16:25:00"}
{"customer_id": "C40", "basket": [{"product_id": "P04", "price": 907}, {"product_id": "P03", "price": 218}, {"product_id": "P06", "price": 1943}], "date_of_purchase": "2019-01-22 23:35:00"}
{"customer_id": "C42", "basket": [{"product_id": "P25", "price": 191}], "date_of_purchase": "2019-01-22 22:44:00"}
{"customer_id": "C44", "basket": [{"product_id": "P24", "price": 1198}, {"product_id": "P30", "price": 1840}, {"product_id": "P31", "price": 882}], "date_of_purchase": "2019-01-22 18:51:00"}
{"customer_id": "C47", "basket": [{"product_id": "P39", "price": 810}], "date_of_purchase": "2019-01-22 08:24:00"}
{"customer_id": "C52", "basket": [{"product_id": "P40", "price": 172}], "date_of_purchase": "2019-01-22 08:32:00"}
{"customer_id": "C54", "basket": [{"product_id": "P54", "price": 690}, {"product_id": "P53", "price": 350}, {"product_id": "P52", "price": 1980}], "date_of_purchase": "2019-01-22 16:44:00"}
{"customer_id": "C57", "basket": [{"product_id": "P26", "price": 1137}], "date_of_purchase": "2019-01-22 19:57:00"}
{"customer_id": "C67", "basket": [{"product_id": "P49", "price": 467}, {"product_id": "P42", "price": 615}, {"product_id": "P52", "price": 1035}], "date_of_purchase": "2019-01-22 11:38:00"}
{"customer_id": "C69", "basket": [{"product_id": "P39", "price": 1730}, {"product_id": "P36", "price": 1850}], "date_of_purchase": "2019-01-22 13:47:00"}
{"customer_id": "C70", "basket": [{"product_id": "P31", "price": 503}, {"product_id": "P23", "price": 644}], "date_of_purchase": "2019-01-22 23:30:00"}
{"customer_id": "C80", "basket": [{"product_id": "P36", "price": 832}, {"product_id": "P40", "price": 1603}], "date_of_purchase": "2019-01-22 11:17:00"}
{"customer_id": "C85", "basket": [{"product_id": "P53", "price": 1257}, {"product_id": "P49", "price": 989}], "date_of_purchase": "2019-01-22 14:28:00"}
{"customer_id": "C92", "basket": [{"product_id": "P37", "price": 1710}, {"product_id": "P37", "price": 1574}, {"product_id": "P37", "price": 476}], "date_of_purchase": "2019-01-22 14:11:00"}
{"customer_id": "C95", "basket": [{"product_id": "P56", "price": 1967}, {"product_id": "P54", "price": 673}, {"product_id": "P54", "price": 1799}], "date_of_purchase": "2019-01-22 06:10:00"}
{"customer_id": "C112", "basket": [{"product_id": "P09", "price": 66}, {"product_id": "P04", "price": 951}], "date_of_purchase": "2019-01-22 14:48:00"}
{"customer_id": "C115", "basket": [{"product_id": "P56", "price": 439}], "date_of_purchase": "2019-01-22 20:26:00"}
{"customer_id": "C122", "basket": [{"product_id": "P15", "price": 946}, {"product_id": "P19", "price": 96}, {"product_id": "P14", "price": 1047}], "date_of_purchase": "2019-01-22 03:43:00"}
{"customer_id": "C129", "basket": [{"product_id": "P29", "price": 101}, {"product_id": "P32", "price": 1574}], "date_of_purchase": "2019-01-22 16:06:00"}
{"customer_id": "C130", "basket": [{"product_id": "P12", "price": 1960}, {"product_id": "P08", "price": 586}, {"product_id": "P02", "price": 1076}], "date_of_purchase": "2019-01-22 08:28:00"}
{"customer_id": "C133", "basket": [{"product_id": "P36", "price": 998}], "date_of_purchase": "2019-01-22 03:38:00"}
{"customer_id": "C134", "basket": [{"product_id": "P30", "price": 1781}, {"product_id": "P22", "price": 478}, {"product_id": "P24", "price": 1609}], "date_of_purchase": "2019-01-22 11:52:00"}
