{"customer_id": "C1", "basket": [{"product_id": "P11", "price": 105}, {"product_id": "P01", "price": 1680}, {"product_id": "P04", "price": 3}], "date_of_purchase": "2019-02-05 12:55:00"}
{"customer_id": "C19", "basket": [{"product_id": "P30", "price": 1143}], "date_of_purchase": "2019-02-05 21:44:00"}
{"customer_id": "C40", "basket": [{"product_id": "P06", "price": 935}], "date_of_purchase": "2019-02-05 07:21:00"}
{"customer_id": "C42", "basket": [{"product_id": "P31", "price": 1927}], "date_of_purchase": "2019-02-05 16:32:00"}
{"customer_id": "C48", "basket": [{"product_id": "P35", "price": 931}, {"product_id": "P39", "price": 1532}], "date_of_purchase": "2019-02-05 18:26:00"}
{"customer_id": "C51", "basket": [{"product_id": "P57", "price": 1121}, {"product_id": "P52", "price": 1707}, {"product_id": "P52", "price": 486}], "date_of_purchase": "2019-02-05 20:33:00"}
{"customer_id": "C57", "basket": [{"product_id": "P62", "price": 844}], "date_of_purchase": "2019-02-05 14:53:00"}
{"customer_id": "C59", "basket": [{"product_id": "P41", "price": 1622}], "date_of_purchase": "2019-02-05 06:28:00"}
{"customer_id": "C66", "basket": [{"product_id": "P26", "price": 1265}], "date_of_purchase": "2019-02-05 10:08:00"}
{"customer_id": "C73", "basket": [{"product_id": "P38", "price": 1175}], "date_of_purchase": "2019-02-05 02:55:00"}
{"customer_id": "C74", "basket": [{"product_id": "P56", "price": 263}, {"product_id": "P55", "price": 1051}], "date_of_purchase": "2019-02-05 15:53:00"}
{"customer_id": "C75", "basket": [{"product_id": "P50", "price": 114}, {"product_id": "P55", "price": 1715}, {"product_id": "P52", "price": 899}], "date_of_purchase": "2019-02-05 11:36:00"}
{"customer_id": "C85", "basket": [{"product_id": "P42", "price": 810}], "date_of_purchase": "2019-02-05 11:11:00"}
{"customer_id": "C101", "basket": [{"product_id": "P33", "price": 400}, {"product_id": "P24", "price": 777}], "date_of_purchase": "2019-02-05 15:09:00"}
{"customer_id": "C109", "basket": [{"product_id": "P56", "price": 280}, {"product_id": "P54", "price": 152}, {"product_id": "P58", "price": 1589}], "date_of_purchase": "2019-02-05 17:21:00"}
{"customer_id": "C118", "basket": [{"product_id": "P22", "price": 1934}, {"product_id": "P32", "price": 1166}, {"product_id": "P27", "price": 1224}], "date_of_purchase": "2019-02-05 18:28:00"}
{"customer_id": "C122", "basket": [{"product_id": "P41", "price": 1605}, {"product_id": "P45", "price": 634}], "date_of_purchase": "2019-02-05 15:20:00"}
{"customer_id": "C125", "basket": [{"product_id": "P27", "price": 947}, {"product_id": "P22", "price": 759}, {"product_id": "P23", "price": 570}], "date_of_purchase": "2019-02-05 15:50:00"}
{"customer_id": "C127", "basket": [{"product_id": "P06", "price": 163}, {"product_id": "P10", "price": 98}, {"product_id": "P04", "price": 1079}], "date_of_purchase": "2019-02-05 18:59:00"}
{"customer_id": "C129", "basket": [{"product_id": "P24", "price": 1058}, {"product_id": "P32", "price": 484}], "date_of_purchase": "2019-02-05 16:49:00"}
{"customer_id": "C133", "basket": [{"product_id": "P59", "price": 1696}, {"product_id": "P43", "price": 738}, {"product_id": "P53", "price": 1635}], "date_of_purchase": "2019-02-05 23:02:00"}
