customer_id,basket,date_of_purchase
C7,"[{'product_id': 'P34', 'price': 1481}, {'product_id': 'P26', 'price': 1971}, {'product_id': 'P32', 'price': 224}]",2018-12-29 16:26:00
C17,"[{'product_id': 'P08', 'price': 1149}]",2018-12-29 20:30:00
C19,"[{'product_id': 'P33', 'price': 114}, {'product_id': 'P29', 'price': 542}]",2018-12-29 19:32:00
C27,"[{'product_id': 'P40', 'price': 1020}, {'product_id': 'P35', 'price': 1946}]",2018-12-29 17:55:00
C31,"[{'product_id': 'P24', 'price': 961}]",2018-12-29 08:44:00
C39,"[{'product_id': 'P32', 'price': 1830}]",2018-12-29 08:48:00
C40,"[{'product_id': 'P01', 'price': 1929}, {'product_id': 'P01', 'price': 1854}, {'product_id': 'P12', 'price': 1319}]",2018-12-29 15:54:00
C43,"[{'product_id': 'P11', 'price': 1084}, {'product_id': 'P12', 'price': 50}]",2018-12-29 17:25:00
C62,"[{'product_id': 'P31', 'price': 1705}, {'product_id': 'P26', 'price': 235}, {'product_id': 'P26', 'price': 1314}]",2018-12-29 18:16:00
C74,"[{'product_id': 'P50', 'price': 1263}, {'product_id': 'P59', 'price': 1402}]",2018-12-29 07:38:00
C76,"[{'product_id': 'P62', 'price': 1786}, {'product_id': 'P61', 'price': 1803}, {'product_id': 'P62', 'price': 1531}]",2018-12-29 10:16:00
C78,"[{'product_id': 'P53', 'price': 761}]",2018-12-29 20:26:00
C81,"[{'product_id': 'P09', 'price': 248}, {'product_id': 'P07', 'price': 879}]",2018-12-29 16:01:00
C87,"[{'product_id': 'P61', 'price': 760}, {'product_id': 'P63', 'price': 1892}]",2018-12-29 15:50:00
C91,"[{'product_id': 'P24', 'price': 1203}, {'product_id': 'P30', 'price': 733}, {'product_id': 'P32', 'price': 1665}]",2018-12-29 19:05:00
C92,"[{'product_id': 'P39', 'price': 1802}, {'product_id': 'P39', 'price': 973}]",2018-12-29 13:00:00
C93,"[{'product_id': 'P41', 'price': 1658}, {'product_id': 'P41', 'price': 1972}, {'product_id': 'P47', 'price': 1998}]",2018-12-29 14:27:00
C94,"[{'product_id': 'P40', 'price': 1977}, {'product_id': 'P39', 'price': 524}]",2018-12-29 09:42:00
C107,"[{'product_id': 'P43', 'price': 1041}, {'product_id': 'P44', 'price': 355}, {'product_id': 'P43', 'price': 1835}]",2018-12-29 20:44:00
C110,"[{'product_id': 'P12', 'price': 1294}, {'product_id': 'P05', 'price': 507}, {'product_id': 'P01', 'price': 129}]",2018-12-29 21:28:00
C112,"[{'product_id': 'P47', 'price': 525}, {'product_id': 'P57', 'price': 858}]",2018-12-29 21:25:00
C115,"[{'product_id': 'P41', 'price': 1581}]",2018-12-29 11:11:00
C118,"[{'product_id': 'P40', 'price': 1522}]",2018-12-29 23:24:00
C121,"[{'product_id': 'P04', 'price': 340}, {'product_id': 'P09', 'price': 1190}, {'product_id': 'P01', 'price': 1056}]",2018-12-29 12:22:00
C122,"[{'product_id': 'P19', 'price': 1517}, {'product_id': 'P13', 'price': 299}, {'product_id': 'P20', 'price': 1241}]",2018-12-29 22:57:00
C133,"[{'product_id': 'P54', 'price': 1554}, {'product_id': 'P42', 'price': 701}]",2018-12-29 22:46:00
