{"customer_id": "C7", "basket": [{"product_id": "P34", "price": 1481}, {"product_id": "P26", "price": 1971}, {"product_id": "P32", "price": 224}], "date_of_purchase": "2018-12-29 16:26:00"}
{"customer_id": "C17", "basket": [{"product_id": "P08", "price": 1149}], "date_of_purchase": "2018-12-29 20:30:00"}
{"customer_id": "C19", "basket": [{"product_id": "P33", "price": 114}, {"product_id": "P29", "price": 542}], "date_of_purchase": "2018-12-29 19:32:00"}
{"customer_id": "C27", "basket": [{"product_id": "P40", "price": 1020}, {"product_id": "P35", "price": 1946}], "date_of_purchase": "2018-12-29 17:55:00"}
{"customer_id": "C31", "basket": [{"product_id": "P24", "price": 961}], "date_of_purchase": "2018-12-29 08:44:00"}
{"customer_id": "C39", "basket": [{"product_id": "P32", "price": 1830}], "date_of_purchase": "2018-12-29 08:48:00"}
{"customer_id": "C40", "basket": [{"product_id": "P01", "price": 1929}, {"product_id": "P01", "price": 1854}, {"product_id": "P12", "price": 1319}], "date_of_purchase": "2018-12-29 15:54:00"}
{"customer_id": "C43", "basket": [{"product_id": "P11", "price": 1084}, {"product_id": "P12", "price": 50}], "date_of_purchase": "2018-12-29 17:25:00"}
{"customer_id": "C62", "basket": [{"product_id": "P31", "price": 1705}, {"product_id": "P26", "price": 235}, {"product_id": "P26", "price": 1314}], "date_of_purchase": "2018-12-29 18:16:00"}
{"customer_id": "C74", "basket": [{"product_id": "P50", "price": 1263}, {"product_id": "P59", "price": 1402}], "date_of_purchase": "2018-12-29 07:38:00"}
{"customer_id": "C76", "basket": [{"product_id": "P62", "price": 1786}, {"product_id": "P61", "price": 1803}, {"product_id": "P62", "price": 1531}], "date_of_purchase": "2018-12-29 10:16:00"}
{"customer_id": "C78", "basket": [{"product_id": "P53", "price": 761}], "date_of_purchase": "2018-12-29 20:26:00"}
{"customer_id": "C81", "basket": [{"product_id": "P09", "price": 248}, {"product_id": "P07", "price": 879}], "date_of_purchase": "2018-12-29 16:01:00"}
{"customer_id": "C87", "basket": [{"product_id": "P61", "price": 760}, {"product_id": "P63", "price": 1892}], "date_of_purchase": "2018-12-29 15:50:00"}
{"customer_id": "C91", "basket": [{"product_id": "P24", "price": 1203}, {"product_id": "P30", "price": 733}, {"product_id": "P32", "price": 1665}], "date_of_purchase": "2018-12-29 19:05:00"}
{"customer_id": "C92", "basket": [{"product_id": "P39", "price": 1802}, {"product_id": "P39", "price": 973}], "date_of_purchase": "2018-12-29 13:00:00"}
{"customer_id": "C93", "basket": [{"product_id": "P41", "price": 1658}, {"product_id": "P41", "price": 1972}, {"product_id": "P47", "price": 1998}], "date_of_purchase": "2018-12-29 14:27:00"}
{"customer_id": "C94", "basket": [{"product_id": "P40", "price": 1977}, {"product_id": "P39", "price": 524}], "date_of_purchase": "2018-12-29 09:42:00"}
{"customer_id": "C107", "basket": [{"product_id": "P43", "price": 1041}, {"product_id": "P44", "price": 355}, {"product_id": "P43", "price": 1835}], "date_of_purchase": "2018-12-29 20:44:00"}
{"customer_id": "C110", "basket": [{"product_id": "P12", "price": 1294}, {"product_id": "P05", "price": 507}, {"product_id": "P01", "price": 129}], "date_of_purchase": "2018-12-29 21:28:00"}
{"customer_id": "C112", "basket": [{"product_id": "P47", "price": 525}, {"product_id": "P57", "price": 858}], "date_of_purchase": "2018-12-29 21:25:00"}
{"customer_id": "C115", "basket": [{"product_id": "P41", "price": 1581}], "date_of_purchase": "2018-12-29 11:11:00"}
{"customer_id": "C118", "basket": [{"product_id": "P40", "price": 1522}], "date_of_purchase": "2018-12-29 23:24:00"}
{"customer_id": "C121", "basket": [{"product_id": "P04", "price": 340}, {"product_id": "P09", "price": 1190}, {"product_id": "P01", "price": 1056}], "date_of_purchase": "2018-12-29 12:22:00"}
{"customer_id": "C122", "basket": [{"product_id": "P19", "price": 1517}, {"product_id": "P13", "price": 299}, {"product_id": "P20", "price": 1241}], "date_of_purchase": "2018-12-29 22:57:00"}
{"customer_id": "C133", "basket": [{"product_id": "P54", "price": 1554}, {"product_id": "P42", "price": 701}], "date_of_purchase": "2018-12-29 22:46:00"}
