{"customer_id": "C3", "basket": [{"product_id": "P10", "price": 663}, {"product_id": "P06", "price": 1294}, {"product_id": "P02", "price": 1754}], "date_of_purchase": "2018-12-03 04:17:00"}
{"customer_id": "C7", "basket": [{"product_id": "P24", "price": 128}, {"product_id": "P34", "price": 102}], "date_of_purchase": "2018-12-03 16:02:00"}
{"customer_id": "C8", "basket": [{"product_id": "P61", "price": 114}, {"product_id": "P62", "price": 1760}, {"product_id": "P62", "price": 754}], "date_of_purchase": "2018-12-03 17:16:00"}
{"customer_id": "C12", "basket": [{"product_id": "P58", "price": 348}], "date_of_purchase": "2018-12-03 07:24:00"}
{"customer_id": "C21", "basket": [{"product_id": "P23", "price": 1123}, {"product_id": "P22", "price": 466}, {"product_id": "P24", "price": 1083}], "date_of_purchase": "2018-12-03 13:18:00"}
{"customer_id": "C23", "basket": [{"product_id": "P16", "price": 1305}], "date_of_purchase": "2018-12-03 04:15:00"}
{"customer_id": "C27", "basket": [{"product_id": "P33", "price": 505}, {"product_id": "P32", "price": 100}, {"product_id": "P25", "price": 1967}], "date_of_purchase": "2018-12-03 06:14:00"}
{"customer_id": "C30", "basket": [{"product_id": "P64", "price": 1887}], "date_of_purchase": "2018-12-03 20:34:00"}
{"customer_id": "C33", "basket": [{"product_id": "P08", "price": 1874}], "date_of_purchase": "2018-12-03 16:24:00"}
{"customer_id": "C35", "basket": [{"product_id": "P35", "price": 1765}], "date_of_purchase": "2018-12-03 06:00:00"}
{"customer_id": "C37", "basket": [{"product_id": "P35", "price": 682}, {"product_id": "P35", "price": 262}], "date_of_purchase": "2018-12-03 23:01:00"}
{"customer_id": "C53", "basket": [{"product_id": "P61", "price": 1353}, {"product_id": "P62", "price": 878}, {"product_id": "P61", "price": 1263}], "date_of_purchase": "2018-12-03 18:14:00"}
{"customer_id": "C64", "basket": [{"product_id": "P32", "price": 255}], "date_of_purchase": "2018-12-03 04:23:00"}
{"customer_id": "C76", "basket": [{"product_id": "P63", "price": 1408}, {"product_id": "P62", "price": 1860}, {"product_id": "P61", "price": 1126}], "date_of_purchase": "2018-12-03 05:32:00"}
{"customer_id": "C77", "basket": [{"product_id": "P64", "price": 141}], "date_of_purchase": "2018-12-03 17:11:00"}
{"customer_id": "C86", "basket": [{"product_id": "P40", "price": 451}], "date_of_purchase": "2018-12-03 19:57:00"}
{"customer_id": "C88", "basket": [{"product_id": "P41", "price": 306}, {"product_id": "P60", "price": 928}], "date_of_purchase": "2018-12-03 18:00:00"}
{"customer_id": "C91", "basket": [{"product_id": "P31", "price": 1828}, {"product_id": "P31", "price": 1116}, {"product_id": "P33", "price": 1862}], "date_of_purchase": "2018-12-03 12:21:00"}
{"customer_id": "C97", "basket": [{"product_id": "P38", "price": 1131}, {"product_id": "P38", "price": 851}], "date_of_purchase": "2018-12-03 22:23:00"}
{"customer_id": "C101", "basket": [{"product_id": "P07", "price": 987}, {"product_id": "P11", "price": 1426}], "date_of_purchase": "2018-12-03 19:00:00"}
{"customer_id": "C102", "basket": [{"product_id": "P37", "price": 285}], "date_of_purchase": "2018-12-03 23:16:00"}
{"customer_id": "C103", "basket": [{"product_id": "P11", "price": 1189}, {"product_id": "P04", "price": 1420}, {"product_id": "P06", "price": 1412}], "date_of_purchase": "2018-12-03 05:24:00"}
{"customer_id": "C106", "basket": [{"product_id": "P34", "price": 1343}, {"product_id": "P29", "price": 409}], "date_of_purchase": "2018-12-03 12:56:00"}
{"customer_id": "C118", "basket": [{"product_id": "P37", "price": 1722}], "date_of_purchase": "2018-12-03 19:45:00"}
{"customer_id": "C120", "basket": [{"product_id": "P23", "price": 1209}, {"product_id": "P28", "price": 293}, {"product_id": "P32", "price": 191}], "date_of_purchase": "2018-12-03 11:19:00"}
{"customer_id": "C121", "basket": [{"product_id": "P08", "price": 347}, {"product_id": "P10", "price": 1529}], "date_of_purchase": "2018-12-03 05:42:00"}
{"customer_id": "C122", "basket": [{"product_id": "P50", "price": 310}, {"product_id": "P41", "price": 1503}], "date_of_purchase": "2018-12-03 10:53:00"}
{"customer_id": "C131", "basket": [{"product_id": "P63", "price": 650}], "date_of_purchase": "2018-12-03 20:37:00"}
{"customer_id": "C132", "basket": [{"product_id": "P03", "price": 936}], "date_of_purchase": "2018-12-03 22:07:00"}
{"customer_id": "C135", "basket": [{"product_id": "P51", "price": 1864}, {"product_id": "P47", "price": 687}, {"product_id": "P60", "price": 1272}], "date_of_purchase": "2018-12-03 22:11:00"}
