customer_id,basket,date_of_purchase
C3,"[{'product_id': 'P10', 'price': 663}, {'product_id': 'P06', 'price': 1294}, {'product_id': 'P02', 'price': 1754}]",2018-12-03 04:17:00
C7,"[{'product_id': 'P24', 'price': 128}, {'product_id': 'P34', 'price': 102}]",2018-12-03 16:02:00
C8,"[{'product_id': 'P61', 'price': 114}, {'product_id': 'P62', 'price': 1760}, {'product_id': 'P62', 'price': 754}]",2018-12-03 17:16:00
C12,"[{'product_id': 'P58', 'price': 348}]",2018-12-03 07:24:00
C21,"[{'product_id': 'P23', 'price': 1123}, {'product_id': 'P22', 'price': 466}, {'product_id': 'P24', 'price': 1083}]",2018-12-03 13:18:00
C23,"[{'product_id': 'P16', 'price': 1305}]",2018-12-03 04:15:00
C27,"[{'product_id': 'P33', 'price': 505}, {'product_id': 'P32', 'price': 100}, {'product_id': 'P25', 'price': 1967}]",2018-12-03 06:14:00
C30,"[{'product_id': 'P64', 'price': 1887}]",2018-12-03 20:34:00
C33,"[{'product_id': 'P08', 'price': 1874}]",2018-12-03 16:24:00
C35,"[{'product_id': 'P35', 'price': 1765}]",2018-12-03 06:00:00
C37,"[{'product_id': 'P35', 'price': 682}, {'product_id': 'P35', 'price': 262}]",2018-12-03 23:01:00
C53,"[{'product_id': 'P61', 'price': 1353}, {'product_id': 'P62', 'price': 878}, {'product_id': 'P61', 'price': 1263}]",2018-12-03 18:14:00
C64,"[{'product_id': 'P32', 'price': 255}]",2018-12-03 04:23:00
C76,"[{'product_id': 'P63', 'price': 1408}, {'product_id': 'P62', 'price': 1860}, {'product_id': 'P61', 'price': 1126}]",2018-12-03 05:32:00
C77,"[{'product_id': 'P64', 'price': 141}]",2018-12-03 17:11:00
C86,"[{'product_id': 'P40', 'price': 451}]",2018-12-03 19:57:00
C88,"[{'product_id': 'P41', 'price': 306}, {'product_id': 'P60', 'price': 928}]",2018-12-03 18:00:00
C91,"[{'product_id': 'P31', 'price': 1828}, {'product_id': 'P31', 'price': 1116}, {'product_id': 'P33', 'price': 1862}]",2018-12-03 12:21:00
C97,"[{'product_id': 'P38', 'price': 1131}, {'product_id': 'P38', 'price': 851}]",2018-12-03 22:23:00
C101,"[{'product_id': 'P07', 'price': 987}, {'product_id': 'P11', 'price': 1426}]",2018-12-03 19:00:00
C102,"[{'product_id': 'P37', 'price': 285}]",2018-12-03 23:16:00
C103,"[{'product_id': 'P11', 'price': 1189}, {'product_id': 'P04', 'price': 1420}, {'product_id': 'P06', 'price': 1412}]",2018-12-03 05:24:00
C106,"[{'product_id': 'P34', 'price': 1343}, {'product_id': 'P29', 'price': 409}]",2018-12-03 12:56:00
C118,"[{'product_id': 'P37', 'price': 1722}]",2018-12-03 19:45:00
C120,"[{'product_id': 'P23', 'price': 1209}, {'product_id': 'P28', 'price': 293}, {'product_id': 'P32', 'price': 191}]",2018-12-03 11:19:00
C121,"[{'product_id': 'P08', 'price': 347}, {'product_id': 'P10', 'price': 1529}]",2018-12-03 05:42:00
C122,"[{'product_id': 'P50', 'price': 310}, {'product_id': 'P41', 'price': 1503}]",2018-12-03 10:53:00
C131,"[{'product_id': 'P63', 'price': 650}]",2018-12-03 20:37:00
C132,"[{'product_id': 'P03', 'price': 936}]",2018-12-03 22:07:00
C135,"[{'product_id': 'P51', 'price': 1864}, {'product_id': 'P47', 'price': 687}, {'product_id': 'P60', 'price': 1272}]",2018-12-03 22:11:00
