{"customer_id": "C6", "basket": [{"product_id": "P29", "price": 569}], "date_of_purchase": "2019-02-11 23:32:00"}
{"customer_id": "C9", "basket": [{"product_id": "P05", "price": 1995}, {"product_id": "P06", "price": 194}], "date_of_purchase": "2019-02-11 07:18:00"}
{"customer_id": "C23", "basket": [{"product_id": "P51", "price": 1307}, {"product_id": "P56", "price": 849}], "date_of_purchase": "2019-02-11 22:09:00"}
{"customer_id": "C24", "basket": [{"product_id": "P40", "price": 149}, {"product_id": "P39", "price": 1557}, {"product_id": "P37", "price": 696}], "date_of_purchase": "2019-02-11 06:33:00"}
{"customer_id": "C39", "basket": [{"product_id": "P28", "price": 605}], "date_of_purchase": "2019-02-11 12:19:00"}
{"customer_id": "C42", "basket": [{"product_id": "P32", "price": 562}, {"product_id": "P34", "price": 1983}], "date_of_purchase": "2019-02-11 14:58:00"}
{"customer_id": "C44", "basket": [{"product_id": "P27", "price": 1501}, {"product_id": "P34", "price": 1527}, {"product_id": "P33", "price": 1051}], "date_of_purchase": "2019-02-11 15:35:00"}
{"customer_id": "C47", "basket": [{"product_id": "P35", "price": 1835}], "date_of_purchase": "2019-02-11 04:35:00"}
{"customer_id": "C56", "basket": [{"product_id": "P60", "price": 710}, {"product_id": "P57", "price": 636}], "date_of_purchase": "2019-02-11 08:11:00"}
{"customer_id": "C63", "basket": [{"product_id": "P08", "price": 874}, {"product_id": "P12", "price": 920}], "date_of_purchase": "2019-02-11 11:04:00"}
{"customer_id": "C77", "basket": [{"product_id": "P64", "price": 1359}, {"product_id": "P62", "price": 98}, {"product_id": "P63", "price": 1834}], "date_of_purchase": "2019-02-11 10:59:00"}
{"customer_id": "C79", "basket": [{"product_id": "P30", "price": 970}, {"product_id": "P26", "price": 1614}, {"product_id": "P33", "price": 1452}], "date_of_purchase": "2019-02-11 16:24:00"}
{"customer_id": "C82", "basket": [{"product_id": "P33", "price": 658}, {"product_id": "P26", "price": 1740}], "date_of_purchase": "2019-02-11 16:07:00"}
{"customer_id": "C87", "basket": [{"product_id": "P63", "price": 1479}, {"product_id": "P64", "price": 18}, {"product_id": "P62", "price": 347}], "date_of_purchase": "2019-02-11 13:37:00"}
{"customer_id": "C106", "basket": [{"product_id": "P23", "price": 133}], "date_of_purchase": "2019-02-11 23:14:00"}
{"customer_id": "C115", "basket": [{"product_id": "P55", "price": 648}, {"product_id": "P47", "price": 1470}], "date_of_purchase": "2019-02-11 10:03:00"}
{"customer_id": "C118", "basket": [{"product_id": "P35", "price": 85}, {"product_id": "P40", "price": 930}, {"product_id": "P38", "price": 135}], "date_of_purchase": "2019-02-11 06:20:00"}
{"customer_id": "C133", "basket": [{"product_id": "P37", "price": 9}, {"product_id": "P39", "price": 1366}], "date_of_purchase": "2019-02-11 20:29:00"}
