{"customer_id": "C7", "basket": [{"product_id": "P31", "price": 475}], "date_of_purchase": "2019-01-17 18:15:00"}
{"customer_id": "C16", "basket": [{"product_id": "P01", "price": 350}], "date_of_purchase": "2019-01-17 05:41:00"}
{"customer_id": "C19", "basket": [{"product_id": "P34", "price": 311}], "date_of_purchase": "2019-01-17 03:58:00"}
{"customer_id": "C23", "basket": [{"product_id": "P25", "price": 695}], "date_of_purchase": "2019-01-17 18:43:00"}
{"customer_id": "C24", "basket": [{"product_id": "P39", "price": 449}], "date_of_purchase": "2019-01-17 14:28:00"}
{"customer_id": "C27", "basket": [{"product_id": "P34", "price": 175}, {"product_id": "P33", "price": 1948}], "date_of_purchase": "2019-01-17 10:14:00"}
{"customer_id": "C32", "basket": [{"product_id": "P27", "price": 1442}, {"product_id": "P28", "price": 825}], "date_of_purchase": "2019-01-17 17:46:00"}
{"customer_id": "C35", "basket": [{"product_id": "P32", "price": 901}, {"product_id": "P22", "price": 1525}, {"product_id": "P32", "price": 607}], "date_of_purchase": "2019-01-17 06:07:00"}
{"customer_id": "C36", "basket": [{"product_id": "P62", "price": 359}], "date_of_purchase": "2019-01-17 10:42:00"}
{"customer_id": "C38", "basket": [{"product_id": "P46", "price": 1370}, {"product_id": "P46", "price": 964}, {"product_id": "P59", "price": 981}], "date_of_purchase": "2019-01-17 15:43:00"}
{"customer_id": "C46", "basket": [{"product_id": "P22", "price": 1468}, {"product_id": "P23", "price": 643}], "date_of_purchase": "2019-01-17 13:06:00"}
{"customer_id": "C49", "basket": [{"product_id": "P16", "price": 1521}, {"product_id": "P15", "price": 65}, {"product_id": "P16", "price": 1284}], "date_of_purchase": "2019-01-17 16:01:00"}
{"customer_id": "C62", "basket": [{"product_id": "P25", "price": 1782}], "date_of_purchase": "2019-01-17 12:01:00"}
{"customer_id": "C74", "basket": [{"product_id": "P45", "price": 243}, {"product_id": "P51", "price": 513}, {"product_id": "P50", "price": 458}], "date_of_purchase": "2019-01-17 19:18:00"}
{"customer_id": "C76", "basket": [{"product_id": "P64", "price": 241}], "date_of_purchase": "2019-01-17 05:19:00"}
{"customer_id": "C80", "basket": [{"product_id": "P39", "price": 1863}, {"product_id": "P37", "price": 873}], "date_of_purchase": "2019-01-17 19:22:00"}
{"customer_id": "C92", "basket": [{"product_id": "P62", "price": 1046}], "date_of_purchase": "2019-01-17 15:51:00"}
{"customer_id": "C93", "basket": [{"product_id": "P42", "price": 733}, {"product_id": "P44", "price": 410}, {"product_id": "P54", "price": 1853}], "date_of_purchase": "2019-01-17 13:38:00"}
{"customer_id": "C99", "basket": [{"product_id": "P37", "price": 1654}], "date_of_purchase": "2019-01-17 04:58:00"}
{"customer_id": "C110", "basket": [{"product_id": "P04", "price": 25}], "date_of_purchase": "2019-01-17 14:09:00"}
{"customer_id": "C113", "basket": [{"product_id": "P26", "price": 1335}, {"product_id": "P27", "price": 908}, {"product_id": "P31", "price": 1895}], "date_of_purchase": "2019-01-17 17:26:00"}
{"customer_id": "C115", "basket": [{"product_id": "P20", "price": 547}], "date_of_purchase": "2019-01-17 20:53:00"}
{"customer_id": "C118", "basket": [{"product_id": "P64", "price": 817}], "date_of_purchase": "2019-01-17 20:00:00"}
{"customer_id": "C120", "basket": [{"product_id": "P39", "price": 781}], "date_of_purchase": "2019-01-17 10:27:00"}
{"customer_id": "C130", "basket": [{"product_id": "P60", "price": 288}], "date_of_purchase": "2019-01-17 19:00:00"}
