customer_id,basket,date_of_purchase
C4,"[{'product_id': 'P62', 'price': 1457}]",2019-02-21 06:22:00
C19,"[{'product_id': 'P30', 'price': 819}]",2019-02-21 15:23:00
C25,"[{'product_id': 'P29', 'price': 459}, {'product_id': 'P24', 'price': 1284}]",2019-02-21 03:02:00
C30,"[{'product_id': 'P12', 'price': 117}]",2019-02-21 09:16:00
C37,"[{'product_id': 'P55', 'price': 1078}, {'product_id': 'P58', 'price': 1834}, {'product_id': 'P47', 'price': 337}]",2019-02-21 08:25:00
C38,"[{'product_id': 'P48', 'price': 405}, {'product_id': 'P42', 'price': 1210}]",2019-02-21 22:25:00
C43,"[{'product_id': 'P37', 'price': 186}]",2019-02-21 12:07:00
C45,"[{'product_id': 'P25', 'price': 757}, {'product_id': 'P25', 'price': 1669}, {'product_id': 'P25', 'price': 167}]",2019-02-21 09:06:00
C54,"[{'product_id': 'P03', 'price': 1952}, {'product_id': 'P09', 'price': 1021}, {'product_id': 'P08', 'price': 162}]",2019-02-21 05:35:00
C65,"[{'product_id': 'P61', 'price': 646}]",2019-02-21 03:04:00
C67,"[{'product_id': 'P53', 'price': 1428}]",2019-02-21 20:39:00
C74,"[{'product_id': 'P45', 'price': 577}, {'product_id': 'P45', 'price': 1030}]",2019-02-21 10:39:00
C76,"[{'product_id': 'P64', 'price': 1335}]",2019-02-21 17:51:00
C77,"[{'product_id': 'P63', 'price': 1251}]",2019-02-21 22:14:00
C81,"[{'product_id': 'P39', 'price': 1519}, {'product_id': 'P38', 'price': 1772}, {'product_id': 'P37', 'price': 291}]",2019-02-21 11:14:00
C82,"[{'product_id': 'P37', 'price': 1044}, {'product_id': 'P35', 'price': 717}]",2019-02-21 03:12:00
C85,"[{'product_id': 'P49', 'price': 292}]",2019-02-21 17:59:00
C100,"[{'product_id': 'P25', 'price': 1097}, {'product_id': 'P32', 'price': 743}, {'product_id': 'P33', 'price': 1303}]",2019-02-21 16:03:00
C104,"[{'product_id': 'P51', 'price': 1796}, {'product_id': 'P43', 'price': 523}, {'product_id': 'P50', 'price': 84}]",2019-02-21 17:55:00
C110,"[{'product_id': 'P04', 'price': 1639}, {'product_id': 'P07', 'price': 1624}]",2019-02-21 07:06:00
C115,"[{'product_id': 'P13', 'price': 1444}]",2019-02-21 09:53:00
C117,"[{'product_id': 'P62', 'price': 820}, {'product_id': 'P64', 'price': 259}, {'product_id': 'P61', 'price': 772}]",2019-02-21 21:45:00
C125,"[{'product_id': 'P24', 'price': 1652}, {'product_id': 'P27', 'price': 1317}]",2019-02-21 21:33:00
C126,"[{'product_id': 'P01', 'price': 1557}]",2019-02-21 22:36:00
C135,"[{'product_id': 'P36', 'price': 579}, {'product_id': 'P35', 'price': 858}, {'product_id': 'P40', 'price': 703}]",2019-02-21 07:47:00
C137,"[{'product_id': 'P05', 'price': 486}, {'product_id': 'P05', 'price': 1152}]",2019-02-21 18:45:00
