{"customer_id": "C4", "basket": [{"product_id": "P62", "price": 1457}], "date_of_purchase": "2019-02-21 06:22:00"}
{"customer_id": "C19", "basket": [{"product_id": "P30", "price": 819}], "date_of_purchase": "2019-02-21 15:23:00"}
{"customer_id": "C25", "basket": [{"product_id": "P29", "price": 459}, {"product_id": "P24", "price": 1284}], "date_of_purchase": "2019-02-21 03:02:00"}
{"customer_id": "C30", "basket": [{"product_id": "P12", "price": 117}], "date_of_purchase": "2019-02-21 09:16:00"}
{"customer_id": "C37", "basket": [{"product_id": "P55", "price": 1078}, {"product_id": "P58", "price": 1834}, {"product_id": "P47", "price": 337}], "date_of_purchase": "2019-02-21 08:25:00"}
{"customer_id": "C38", "basket": [{"product_id": "P48", "price": 405}, {"product_id": "P42", "price": 1210}], "date_of_purchase": "2019-02-21 22:25:00"}
{"customer_id": "C43", "basket": [{"product_id": "P37", "price": 186}], "date_of_purchase": "2019-02-21 12:07:00"}
{"customer_id": "C45", "basket": [{"product_id": "P25", "price": 757}, {"product_id": "P25", "price": 1669}, {"product_id": "P25", "price": 167}], "date_of_purchase": "2019-02-21 09:06:00"}
{"customer_id": "C54", "basket": [{"product_id": "P03", "price": 1952}, {"product_id": "P09", "price": 1021}, {"product_id": "P08", "price": 162}], "date_of_purchase": "2019-02-21 05:35:00"}
{"customer_id": "C65", "basket": [{"product_id": "P61", "price": 646}], "date_of_purchase": "2019-02-21 03:04:00"}
{"customer_id": "C67", "basket": [{"product_id": "P53", "price": 1428}], "date_of_purchase": "2019-02-21 20:39:00"}
{"customer_id": "C74", "basket": [{"product_id": "P45", "price": 577}, {"product_id": "P45", "price": 1030}], "date_of_purchase": "2019-02-21 10:39:00"}
{"customer_id": "C76", "basket": [{"product_id": "P64", "price": 1335}], "date_of_purchase": "2019-02-21 17:51:00"}
{"customer_id": "C77", "basket": [{"product_id": "P63", "price": 1251}], "date_of_purchase": "2019-02-21 22:14:00"}
{"customer_id": "C81", "basket": [{"product_id": "P39", "price": 1519}, {"product_id": "P38", "price": 1772}, {"product_id": "P37", "price": 291}], "date_of_purchase": "2019-02-21 11:14:00"}
{"customer_id": "C82", "basket": [{"product_id": "P37", "price": 1044}, {"product_id": "P35", "price": 717}], "date_of_purchase": "2019-02-21 03:12:00"}
{"customer_id": "C85", "basket": [{"product_id": "P49", "price": 292}], "date_of_purchase": "2019-02-21 17:59:00"}
{"customer_id": "C100", "basket": [{"product_id": "P25", "price": 1097}, {"product_id": "P32", "price": 743}, {"product_id": "P33", "price": 1303}], "date_of_purchase": "2019-02-21 16:03:00"}
{"customer_id": "C104", "basket": [{"product_id": "P51", "price": 1796}, {"product_id": "P43", "price": 523}, {"product_id": "P50", "price": 84}], "date_of_purchase": "2019-02-21 17:55:00"}
{"customer_id": "C110", "basket": [{"product_id": "P04", "price": 1639}, {"product_id": "P07", "price": 1624}], "date_of_purchase": "2019-02-21 07:06:00"}
{"customer_id": "C115", "basket": [{"product_id": "P13", "price": 1444}], "date_of_purchase": "2019-02-21 09:53:00"}
{"customer_id": "C117", "basket": [{"product_id": "P62", "price": 820}, {"product_id": "P64", "price": 259}, {"product_id": "P61", "price": 772}], "date_of_purchase": "2019-02-21 21:45:00"}
{"customer_id": "C125", "basket": [{"product_id": "P24", "price": 1652}, {"product_id": "P27", "price": 1317}], "date_of_purchase": "2019-02-21 21:33:00"}
{"customer_id": "C126", "basket": [{"product_id": "P01", "price": 1557}], "date_of_purchase": "2019-02-21 22:36:00"}
{"customer_id": "C135", "basket": [{"product_id": "P36", "price": 579}, {"product_id": "P35", "price": 858}, {"product_id": "P40", "price": 703}], "date_of_purchase": "2019-02-21 07:47:00"}
{"customer_id": "C137", "basket": [{"product_id": "P05", "price": 486}, {"product_id": "P05", "price": 1152}], "date_of_purchase": "2019-02-21 18:45:00"}
