customer_id,basket,date_of_purchase
C3,"[{'product_id': 'P49', 'price': 379}, {'product_id': 'P60', 'price': 667}, {'product_id': 'P43', 'price': 1733}]",2019-01-23 13:50:00
C7,"[{'product_id': 'P28', 'price': 202}, {'product_id': 'P31', 'price': 548}, {'product_id': 'P30', 'price': 1162}]",2019-01-23 10:30:00
C14,"[{'product_id': 'P41', 'price': 1614}, {'product_id': 'P46', 'price': 1745}, {'product_id': 'P46', 'price': 1839}]",2019-01-23 20:53:00
C19,"[{'product_id': 'P22', 'price': 1206}, {'product_id': 'P26', 'price': 1786}, {'product_id': 'P26', 'price': 1610}]",2019-01-23 06:45:00
C22,"[{'product_id': 'P36', 'price': 948}, {'product_id': 'P37', 'price': 644}]",2019-01-23 19:57:00
C25,"[{'product_id': 'P27', 'price': 773}, {'product_id': 'P34', 'price': 1344}]",2019-01-23 03:15:00
C31,"[{'product_id': 'P36', 'price': 697}]",2019-01-23 07:05:00
C35,"[{'product_id': 'P36', 'price': 798}, {'product_id': 'P35', 'price': 577}, {'product_id': 'P39', 'price': 1356}]",2019-01-23 13:02:00
C40,"[{'product_id': 'P12', 'price': 797}, {'product_id': 'P10', 'price': 1908}]",2019-01-23 23:33:00
C41,"[{'product_id': 'P50', 'price': 504}]",2019-01-23 23:36:00
C43,"[{'product_id': 'P05', 'price': 398}, {'product_id': 'P12', 'price': 1628}, {'product_id': 'P09', 'price': 608}]",2019-01-23 08:03:00
C44,"[{'product_id': 'P64', 'price': 1609}, {'product_id': 'P61', 'price': 975}]",2019-01-23 18:23:00
C52,"[{'product_id': 'P38', 'price': 937}, {'product_id': 'P39', 'price': 75}]",2019-01-23 23:05:00
C53,"[{'product_id': 'P64', 'price': 1141}, {'product_id': 'P63', 'price': 1853}]",2019-01-23 15:03:00
C61,"[{'product_id': 'P36', 'price': 1577}, {'product_id': 'P39', 'price': 1204}, {'product_id': 'P35', 'price': 1537}]",2019-01-23 18:43:00
C62,"[{'product_id': 'P25', 'price': 790}, {'product_id': 'P28', 'price': 1999}, {'product_id': 'P23', 'price': 1871}]",2019-01-23 05:53:00
C63,"[{'product_id': 'P39', 'price': 1067}, {'product_id': 'P36', 'price': 874}, {'product_id': 'P37', 'price': 497}]",2019-01-23 07:03:00
C72,"[{'product_id': 'P60', 'price': 1405}, {'product_id': 'P47', 'price': 692}]",2019-01-23 15:50:00
C79,"[{'product_id': 'P61', 'price': 598}]",2019-01-23 14:04:00
C81,"[{'product_id': 'P18', 'price': 981}, {'product_id': 'P15', 'price': 1238}, {'product_id': 'P13', 'price': 846}]",2019-01-23 07:34:00
C82,"[{'product_id': 'P39', 'price': 1451}]",2019-01-23 04:08:00
C86,"[{'product_id': 'P26', 'price': 74}, {'product_id': 'P22', 'price': 655}]",2019-01-23 09:41:00
C99,"[{'product_id': 'P08', 'price': 355}, {'product_id': 'P09', 'price': 1092}, {'product_id': 'P04', 'price': 601}]",2019-01-23 21:16:00
C123,"[{'product_id': 'P40', 'price': 666}]",2019-01-23 16:09:00
C135,"[{'product_id': 'P47', 'price': 1477}]",2019-01-23 03:25:00
