{"customer_id": "C3", "basket": [{"product_id": "P49", "price": 379}, {"product_id": "P60", "price": 667}, {"product_id": "P43", "price": 1733}], "date_of_purchase": "2019-01-23 13:50:00"}
{"customer_id": "C7", "basket": [{"product_id": "P28", "price": 202}, {"product_id": "P31", "price": 548}, {"product_id": "P30", "price": 1162}], "date_of_purchase": "2019-01-23 10:30:00"}
{"customer_id": "C14", "basket": [{"product_id": "P41", "price": 1614}, {"product_id": "P46", "price": 1745}, {"product_id": "P46", "price": 1839}], "date_of_purchase": "2019-01-23 20:53:00"}
{"customer_id": "C19", "basket": [{"product_id": "P22", "price": 1206}, {"product_id": "P26", "price": 1786}, {"product_id": "P26", "price": 1610}], "date_of_purchase": "2019-01-23 06:45:00"}
{"customer_id": "C22", "basket": [{"product_id": "P36", "price": 948}, {"product_id": "P37", "price": 644}], "date_of_purchase": "2019-01-23 19:57:00"}
{"customer_id": "C25", "basket": [{"product_id": "P27", "price": 773}, {"product_id": "P34", "price": 1344}], "date_of_purchase": "2019-01-23 03:15:00"}
{"customer_id": "C31", "basket": [{"product_id": "P36", "price": 697}], "date_of_purchase": "2019-01-23 07:05:00"}
{"customer_id": "C35", "basket": [{"product_id": "P36", "price": 798}, {"product_id": "P35", "price": 577}, {"product_id": "P39", "price": 1356}], "date_of_purchase": "2019-01-23 13:02:00"}
{"customer_id": "C40", "basket": [{"product_id": "P12", "price": 797}, {"product_id": "P10", "price": 1908}], "date_of_purchase": "2019-01-23 23:33:00"}
{"customer_id": "C41", "basket": [{"product_id": "P50", "price": 504}], "date_of_purchase": "2019-01-23 23:36:00"}
{"customer_id": "C43", "basket": [{"product_id": "P05", "price": 398}, {"product_id": "P12", "price": 1628}, {"product_id": "P09", "price": 608}], "date_of_purchase": "2019-01-23 08:03:00"}
{"customer_id": "C44", "basket": [{"product_id": "P64", "price": 1609}, {"product_id": "P61", "price": 975}], "date_of_purchase": "2019-01-23 18:23:00"}
{"customer_id": "C52", "basket": [{"product_id": "P38", "price": 937}, {"product_id": "P39", "price": 75}], "date_of_purchase": "2019-01-23 23:05:00"}
{"customer_id": "C53", "basket": [{"product_id": "P64", "price": 1141}, {"product_id": "P63", "price": 1853}], "date_of_purchase": "2019-01-23 15:03:00"}
{"customer_id": "C61", "basket": [{"product_id": "P36", "price": 1577}, {"product_id": "P39", "price": 1204}, {"product_id": "P35", "price": 1537}], "date_of_purchase": "2019-01-23 18:43:00"}
{"customer_id": "C62", "basket": [{"product_id": "P25", "price": 790}, {"product_id": "P28", "price": 1999}, {"product_id": "P23", "price": 1871}], "date_of_purchase": "2019-01-23 05:53:00"}
{"customer_id": "C63", "basket": [{"product_id": "P39", "price": 1067}, {"product_id": "P36", "price": 874}, {"product_id": "P37", "price": 497}], "date_of_purchase": "2019-01-23 07:03:00"}
{"customer_id": "C72", "basket": [{"product_id": "P60", "price": 1405}, {"product_id": "P47", "price": 692}], "date_of_purchase": "2019-01-23 15:50:00"}
{"customer_id": "C79", "basket": [{"product_id": "P61", "price": 598}], "date_of_purchase": "2019-01-23 14:04:00"}
{"customer_id": "C81", "basket": [{"product_id": "P18", "price": 981}, {"product_id": "P15", "price": 1238}, {"product_id": "P13", "price": 846}], "date_of_purchase": "2019-01-23 07:34:00"}
{"customer_id": "C82", "basket": [{"product_id": "P39", "price": 1451}], "date_of_purchase": "2019-01-23 04:08:00"}
{"customer_id": "C86", "basket": [{"product_id": "P26", "price": 74}, {"product_id": "P22", "price": 655}], "date_of_purchase": "2019-01-23 09:41:00"}
{"customer_id": "C99", "basket": [{"product_id": "P08", "price": 355}, {"product_id": "P09", "price": 1092}, {"product_id": "P04", "price": 601}], "date_of_purchase": "2019-01-23 21:16:00"}
{"customer_id": "C123", "basket": [{"product_id": "P40", "price": 666}], "date_of_purchase": "2019-01-23 16:09:00"}
{"customer_id": "C135", "basket": [{"product_id": "P47", "price": 1477}], "date_of_purchase": "2019-01-23 03:25:00"}
