{"customer_id": "C5", "basket": [{"product_id": "P03", "price": 1156}, {"product_id": "P09", "price": 948}], "date_of_purchase": "2019-01-30 20:30:00"}
{"customer_id": "C8", "basket": [{"product_id": "P58", "price": 1285}, {"product_id": "P51", "price": 965}, {"product_id": "P42", "price": 517}], "date_of_purchase": "2019-01-30 13:52:00"}
{"customer_id": "C21", "basket": [{"product_id": "P30", "price": 1745}], "date_of_purchase": "2019-01-30 05:04:00"}
{"customer_id": "C26", "basket": [{"product_id": "P35", "price": 1772}], "date_of_purchase": "2019-01-30 04:19:00"}
{"customer_id": "C27", "basket": [{"product_id": "P23", "price": 917}, {"product_id": "P28", "price": 403}, {"product_id": "P30", "price": 390}], "date_of_purchase": "2019-01-30 05:04:00"}
{"customer_id": "C32", "basket": [{"product_id": "P55", "price": 1162}, {"product_id": "P44", "price": 1701}, {"product_id": "P49", "price": 1276}], "date_of_purchase": "2019-01-30 17:28:00"}
{"customer_id": "C36", "basket": [{"product_id": "P20", "price": 464}], "date_of_purchase": "2019-01-30 21:57:00"}
{"customer_id": "C53", "basket": [{"product_id": "P64", "price": 1587}, {"product_id": "P62", "price": 1938}], "date_of_purchase": "2019-01-30 09:31:00"}
{"customer_id": "C60", "basket": [{"product_id": "P61", "price": 867}, {"product_id": "P63", "price": 452}, {"product_id": "P62", "price": 610}], "date_of_purchase": "2019-01-30 16:30:00"}
{"customer_id": "C82", "basket": [{"product_id": "P36", "price": 1760}, {"product_id": "P39", "price": 512}], "date_of_purchase": "2019-01-30 04:29:00"}
{"customer_id": "C91", "basket": [{"product_id": "P30", "price": 644}, {"product_id": "P26", "price": 592}], "date_of_purchase": "2019-01-30 12:15:00"}
{"customer_id": "C118", "basket": [{"product_id": "P61", "price": 234}, {"product_id": "P61", "price": 1170}, {"product_id": "P63", "price": 1378}], "date_of_purchase": "2019-01-30 04:57:00"}
{"customer_id": "C127", "basket": [{"product_id": "P10", "price": 1575}, {"product_id": "P06", "price": 608}], "date_of_purchase": "2019-01-30 05:24:00"}
{"customer_id": "C135", "basket": [{"product_id": "P38", "price": 896}, {"product_id": "P38", "price": 617}], "date_of_purchase": "2019-01-30 14:56:00"}
