customer_id,basket,date_of_purchase
C5,"[{'product_id': 'P03', 'price': 1156}, {'product_id': 'P09', 'price': 948}]",2019-01-30 20:30:00
C8,"[{'product_id': 'P58', 'price': 1285}, {'product_id': 'P51', 'price': 965}, {'product_id': 'P42', 'price': 517}]",2019-01-30 13:52:00
C21,"[{'product_id': 'P30', 'price': 1745}]",2019-01-30 05:04:00
C26,"[{'product_id': 'P35', 'price': 1772}]",2019-01-30 04:19:00
C27,"[{'product_id': 'P23', 'price': 917}, {'product_id': 'P28', 'price': 403}, {'product_id': 'P30', 'price': 390}]",2019-01-30 05:04:00
C32,"[{'product_id': 'P55', 'price': 1162}, {'product_id': 'P44', 'price': 1701}, {'product_id': 'P49', 'price': 1276}]",2019-01-30 17:28:00
C36,"[{'product_id': 'P20', 'price': 464}]",2019-01-30 21:57:00
C53,"[{'product_id': 'P64', 'price': 1587}, {'product_id': 'P62', 'price': 1938}]",2019-01-30 09:31:00
C60,"[{'product_id': 'P61', 'price': 867}, {'product_id': 'P63', 'price': 452}, {'product_id': 'P62', 'price': 610}]",2019-01-30 16:30:00
C82,"[{'product_id': 'P36', 'price': 1760}, {'product_id': 'P39', 'price': 512}]",2019-01-30 04:29:00
C91,"[{'product_id': 'P30', 'price': 644}, {'product_id': 'P26', 'price': 592}]",2019-01-30 12:15:00
C118,"[{'product_id': 'P61', 'price': 234}, {'product_id': 'P61', 'price': 1170}, {'product_id': 'P63', 'price': 1378}]",2019-01-30 04:57:00
C127,"[{'product_id': 'P10', 'price': 1575}, {'product_id': 'P06', 'price': 608}]",2019-01-30 05:24:00
C135,"[{'product_id': 'P38', 'price': 896}, {'product_id': 'P38', 'price': 617}]",2019-01-30 14:56:00
