{"customer_id": "C16", "basket": [{"product_id": "P37", "price": 1139}, {"product_id": "P37", "price": 1127}], "date_of_purchase": "2019-01-24 06:50:00"}
{"customer_id": "C18", "basket": [{"product_id": "P38", "price": 654}], "date_of_purchase": "2019-01-24 19:58:00"}
{"customer_id": "C19", "basket": [{"product_id": "P25", "price": 435}, {"product_id": "P29", "price": 1092}], "date_of_purchase": "2019-01-24 06:19:00"}
{"customer_id": "C20", "basket": [{"product_id": "P10", "price": 1510}, {"product_id": "P04", "price": 268}], "date_of_purchase": "2019-01-24 03:43:00"}
{"customer_id": "C32", "basket": [{"product_id": "P56", "price": 627}], "date_of_purchase": "2019-01-24 15:25:00"}
{"customer_id": "C33", "basket": [{"product_id": "P04", "price": 971}, {"product_id": "P06", "price": 1081}, {"product_id": "P11", "price": 314}], "date_of_purchase": "2019-01-24 20:57:00"}
{"customer_id": "C36", "basket": [{"product_id": "P63", "price": 83}, {"product_id": "P62", "price": 835}, {"product_id": "P62", "price": 499}], "date_of_purchase": "2019-01-24 07:15:00"}
{"customer_id": "C37", "basket": [{"product_id": "P38", "price": 33}], "date_of_purchase": "2019-01-24 23:38:00"}
{"customer_id": "C55", "basket": [{"product_id": "P04", "price": 1711}, {"product_id": "P05", "price": 988}], "date_of_purchase": "2019-01-24 22:03:00"}
{"customer_id": "C64", "basket": [{"product_id": "P30", "price": 57}, {"product_id": "P29", "price": 86}], "date_of_purchase": "2019-01-24 13:20:00"}
{"customer_id": "C68", "basket": [{"product_id": "P25", "price": 1306}], "date_of_purchase": "2019-01-24 04:27:00"}
{"customer_id": "C76", "basket": [{"product_id": "P62", "price": 1557}, {"product_id": "P63", "price": 1252}], "date_of_purchase": "2019-01-24 03:28:00"}
{"customer_id": "C77", "basket": [{"product_id": "P62", "price": 1498}, {"product_id": "P64", "price": 818}, {"product_id": "P64", "price": 1694}], "date_of_purchase": "2019-01-24 22:09:00"}
{"customer_id": "C80", "basket": [{"product_id": "P09", "price": 1474}], "date_of_purchase": "2019-01-24 08:13:00"}
{"customer_id": "C81", "basket": [{"product_id": "P50", "price": 1650}], "date_of_purchase": "2019-01-24 12:22:00"}
{"customer_id": "C86", "basket": [{"product_id": "P39", "price": 161}, {"product_id": "P38", "price": 584}, {"product_id": "P36", "price": 1525}], "date_of_purchase": "2019-01-24 07:15:00"}
{"customer_id": "C96", "basket": [{"product_id": "P39", "price": 1359}, {"product_id": "P37", "price": 1488}, {"product_id": "P37", "price": 957}], "date_of_purchase": "2019-01-24 22:55:00"}
{"customer_id": "C113", "basket": [{"product_id": "P63", "price": 1855}, {"product_id": "P64", "price": 792}], "date_of_purchase": "2019-01-24 11:53:00"}
{"customer_id": "C124", "basket": [{"product_id": "P36", "price": 565}, {"product_id": "P39", "price": 575}], "date_of_purchase": "2019-01-24 23:42:00"}
{"customer_id": "C130", "basket": [{"product_id": "P49", "price": 737}, {"product_id": "P59", "price": 793}, {"product_id": "P44", "price": 1773}], "date_of_purchase": "2019-01-24 08:27:00"}
