customer_id,basket,date_of_purchase
C16,"[{'product_id': 'P37', 'price': 1139}, {'product_id': 'P37', 'price': 1127}]",2019-01-24 06:50:00
C18,"[{'product_id': 'P38', 'price': 654}]",2019-01-24 19:58:00
C19,"[{'product_id': 'P25', 'price': 435}, {'product_id': 'P29', 'price': 1092}]",2019-01-24 06:19:00
C20,"[{'product_id': 'P10', 'price': 1510}, {'product_id': 'P04', 'price': 268}]",2019-01-24 03:43:00
C32,"[{'product_id': 'P56', 'price': 627}]",2019-01-24 15:25:00
C33,"[{'product_id': 'P04', 'price': 971}, {'product_id': 'P06', 'price': 1081}, {'product_id': 'P11', 'price': 314}]",2019-01-24 20:57:00
C36,"[{'product_id': 'P63', 'price': 83}, {'product_id': 'P62', 'price': 835}, {'product_id': 'P62', 'price': 499}]",2019-01-24 07:15:00
C37,"[{'product_id': 'P38', 'price': 33}]",2019-01-24 23:38:00
C55,"[{'product_id': 'P04', 'price': 1711}, {'product_id': 'P05', 'price': 988}]",2019-01-24 22:03:00
C64,"[{'product_id': 'P30', 'price': 57}, {'product_id': 'P29', 'price': 86}]",2019-01-24 13:20:00
C68,"[{'product_id': 'P25', 'price': 1306}]",2019-01-24 04:27:00
C76,"[{'product_id': 'P62', 'price': 1557}, {'product_id': 'P63', 'price': 1252}]",2019-01-24 03:28:00
C77,"[{'product_id': 'P62', 'price': 1498}, {'product_id': 'P64', 'price': 818}, {'product_id': 'P64', 'price': 1694}]",2019-01-24 22:09:00
C80,"[{'product_id': 'P09', 'price': 1474}]",2019-01-24 08:13:00
C81,"[{'product_id': 'P50', 'price': 1650}]",2019-01-24 12:22:00
C86,"[{'product_id': 'P39', 'price': 161}, {'product_id': 'P38', 'price': 584}, {'product_id': 'P36', 'price': 1525}]",2019-01-24 07:15:00
C96,"[{'product_id': 'P39', 'price': 1359}, {'product_id': 'P37', 'price': 1488}, {'product_id': 'P37', 'price': 957}]",2019-01-24 22:55:00
C113,"[{'product_id': 'P63', 'price': 1855}, {'product_id': 'P64', 'price': 792}]",2019-01-24 11:53:00
C124,"[{'product_id': 'P36', 'price': 565}, {'product_id': 'P39', 'price': 575}]",2019-01-24 23:42:00
C130,"[{'product_id': 'P49', 'price': 737}, {'product_id': 'P59', 'price': 793}, {'product_id': 'P44', 'price': 1773}]",2019-01-24 08:27:00
