{"customer_id": "C3", "basket": [{"product_id": "P52", "price": 444}], "date_of_purchase": "2018-12-21 03:49:00"}
{"customer_id": "C4", "basket": [{"product_id": "P08", "price": 1885}], "date_of_purchase": "2018-12-21 05:50:00"}
{"customer_id": "C6", "basket": [{"product_id": "P23", "price": 1991}, {"product_id": "P27", "price": 1318}], "date_of_purchase": "2018-12-21 05:15:00"}
{"customer_id": "C22", "basket": [{"product_id": "P27", "price": 1427}, {"product_id": "P28", "price": 1840}, {"product_id": "P32", "price": 776}], "date_of_purchase": "2018-12-21 08:17:00"}
{"customer_id": "C42", "basket": [{"product_id": "P30", "price": 1622}, {"product_id": "P30", "price": 10}, {"product_id": "P26", "price": 1418}], "date_of_purchase": "2018-12-21 20:36:00"}
{"customer_id": "C45", "basket": [{"product_id": "P22", "price": 604}, {"product_id": "P34", "price": 779}], "date_of_purchase": "2018-12-21 20:08:00"}
{"customer_id": "C47", "basket": [{"product_id": "P35", "price": 1518}, {"product_id": "P39", "price": 535}, {"product_id": "P37", "price": 773}], "date_of_purchase": "2018-12-21 17:43:00"}
{"customer_id": "C62", "basket": [{"product_id": "P61", "price": 693}, {"product_id": "P64", "price": 1931}], "date_of_purchase": "2018-12-21 09:58:00"}
{"customer_id": "C65", "basket": [{"product_id": "P59", "price": 1217}, {"product_id": "P41", "price": 1028}, {"product_id": "P55", "price": 471}], "date_of_purchase": "2018-12-21 17:00:00"}
{"customer_id": "C70", "basket": [{"product_id": "P15", "price": 949}], "date_of_purchase": "2018-12-21 11:59:00"}
{"customer_id": "C79", "basket": [{"product_id": "P23", "price": 1411}, {"product_id": "P27", "price": 1131}], "date_of_purchase": "2018-12-21 22:24:00"}
{"customer_id": "C81", "basket": [{"product_id": "P07", "price": 832}, {"product_id": "P02", "price": 8}], "date_of_purchase": "2018-12-21 22:04:00"}
{"customer_id": "C92", "basket": [{"product_id": "P37", "price": 1937}, {"product_id": "P36", "price": 438}, {"product_id": "P36", "price": 1542}], "date_of_purchase": "2018-12-21 06:29:00"}
{"customer_id": "C98", "basket": [{"product_id": "P31", "price": 835}], "date_of_purchase": "2018-12-21 23:54:00"}
{"customer_id": "C99", "basket": [{"product_id": "P36", "price": 160}, {"product_id": "P40", "price": 575}], "date_of_purchase": "2018-12-21 23:37:00"}
{"customer_id": "C100", "basket": [{"product_id": "P26", "price": 1182}, {"product_id": "P28", "price": 1511}], "date_of_purchase": "2018-12-21 22:17:00"}
{"customer_id": "C124", "basket": [{"product_id": "P36", "price": 1857}, {"product_id": "P36", "price": 1322}, {"product_id": "P36", "price": 1302}], "date_of_purchase": "2018-12-21 07:49:00"}
{"customer_id": "C135", "basket": [{"product_id": "P48", "price": 623}, {"product_id": "P42", "price": 178}], "date_of_purchase": "2018-12-21 21:56:00"}
