customer_id,basket,date_of_purchase
C3,"[{'product_id': 'P52', 'price': 444}]",2018-12-21 03:49:00
C4,"[{'product_id': 'P08', 'price': 1885}]",2018-12-21 05:50:00
C6,"[{'product_id': 'P23', 'price': 1991}, {'product_id': 'P27', 'price': 1318}]",2018-12-21 05:15:00
C22,"[{'product_id': 'P27', 'price': 1427}, {'product_id': 'P28', 'price': 1840}, {'product_id': 'P32', 'price': 776}]",2018-12-21 08:17:00
C42,"[{'product_id': 'P30', 'price': 1622}, {'product_id': 'P30', 'price': 10}, {'product_id': 'P26', 'price': 1418}]",2018-12-21 20:36:00
C45,"[{'product_id': 'P22', 'price': 604}, {'product_id': 'P34', 'price': 779}]",2018-12-21 20:08:00
C47,"[{'product_id': 'P35', 'price': 1518}, {'product_id': 'P39', 'price': 535}, {'product_id': 'P37', 'price': 773}]",2018-12-21 17:43:00
C62,"[{'product_id': 'P61', 'price': 693}, {'product_id': 'P64', 'price': 1931}]",2018-12-21 09:58:00
C65,"[{'product_id': 'P59', 'price': 1217}, {'product_id': 'P41', 'price': 1028}, {'product_id': 'P55', 'price': 471}]",2018-12-21 17:00:00
C70,"[{'product_id': 'P15', 'price': 949}]",2018-12-21 11:59:00
C79,"[{'product_id': 'P23', 'price': 1411}, {'product_id': 'P27', 'price': 1131}]",2018-12-21 22:24:00
C81,"[{'product_id': 'P07', 'price': 832}, {'product_id': 'P02', 'price': 8}]",2018-12-21 22:04:00
C92,"[{'product_id': 'P37', 'price': 1937}, {'product_id': 'P36', 'price': 438}, {'product_id': 'P36', 'price': 1542}]",2018-12-21 06:29:00
C98,"[{'product_id': 'P31', 'price': 835}]",2018-12-21 23:54:00
C99,"[{'product_id': 'P36', 'price': 160}, {'product_id': 'P40', 'price': 575}]",2018-12-21 23:37:00
C100,"[{'product_id': 'P26', 'price': 1182}, {'product_id': 'P28', 'price': 1511}]",2018-12-21 22:17:00
C124,"[{'product_id': 'P36', 'price': 1857}, {'product_id': 'P36', 'price': 1322}, {'product_id': 'P36', 'price': 1302}]",2018-12-21 07:49:00
C135,"[{'product_id': 'P48', 'price': 623}, {'product_id': 'P42', 'price': 178}]",2018-12-21 21:56:00
