{"customer_id": "C4", "basket": [{"product_id": "P10", "price": 529}, {"product_id": "P06", "price": 357}], "date_of_purchase": "2018-12-06 20:53:00"}
{"customer_id": "C17", "basket": [{"product_id": "P12", "price": 630}], "date_of_purchase": "2018-12-06 20:21:00"}
{"customer_id": "C18", "basket": [{"product_id": "P37", "price": 291}], "date_of_purchase": "2018-12-06 15:33:00"}
{"customer_id": "C20", "basket": [{"product_id": "P60", "price": 1526}, {"product_id": "P45", "price": 1793}, {"product_id": "P60", "price": 287}], "date_of_purchase": "2018-12-06 12:09:00"}
{"customer_id": "C27", "basket": [{"product_id": "P29", "price": 1440}], "date_of_purchase": "2018-12-06 15:53:00"}
{"customer_id": "C33", "basket": [{"product_id": "P12", "price": 1446}], "date_of_purchase": "2018-12-06 15:19:00"}
{"customer_id": "C36", "basket": [{"product_id": "P64", "price": 360}, {"product_id": "P61", "price": 1460}], "date_of_purchase": "2018-12-06 13:39:00"}
{"customer_id": "C41", "basket": [{"product_id": "P54", "price": 671}, {"product_id": "P44", "price": 1383}], "date_of_purchase": "2018-12-06 06:06:00"}
{"customer_id": "C50", "basket": [{"product_id": "P44", "price": 854}, {"product_id": "P58", "price": 1730}, {"product_id": "P54", "price": 409}], "date_of_purchase": "2018-12-06 04:53:00"}
{"customer_id": "C51", "basket": [{"product_id": "P49", "price": 1007}], "date_of_purchase": "2018-12-06 08:02:00"}
{"customer_id": "C62", "basket": [{"product_id": "P62", "price": 1591}, {"product_id": "P61", "price": 138}], "date_of_purchase": "2018-12-06 20:04:00"}
{"customer_id": "C65", "basket": [{"product_id": "P61", "price": 1551}], "date_of_purchase": "2018-12-06 13:04:00"}
{"customer_id": "C69", "basket": [{"product_id": "P33", "price": 1440}, {"product_id": "P26", "price": 1688}, {"product_id": "P25", "price": 142}], "date_of_purchase": "2018-12-06 21:05:00"}
{"customer_id": "C76", "basket": [{"product_id": "P64", "price": 1070}, {"product_id": "P64", "price": 1950}], "date_of_purchase": "2018-12-06 16:26:00"}
{"customer_id": "C80", "basket": [{"product_id": "P36", "price": 585}, {"product_id": "P38", "price": 559}], "date_of_purchase": "2018-12-06 10:07:00"}
{"customer_id": "C81", "basket": [{"product_id": "P15", "price": 768}, {"product_id": "P13", "price": 1515}], "date_of_purchase": "2018-12-06 23:25:00"}
{"customer_id": "C90", "basket": [{"product_id": "P55", "price": 479}, {"product_id": "P54", "price": 1075}, {"product_id": "P45", "price": 1976}], "date_of_purchase": "2018-12-06 10:56:00"}
{"customer_id": "C92", "basket": [{"product_id": "P35", "price": 1996}, {"product_id": "P39", "price": 1652}, {"product_id": "P39", "price": 184}], "date_of_purchase": "2018-12-06 04:58:00"}
{"customer_id": "C93", "basket": [{"product_id": "P53", "price": 298}], "date_of_purchase": "2018-12-06 12:10:00"}
{"customer_id": "C103", "basket": [{"product_id": "P08", "price": 8}], "date_of_purchase": "2018-12-06 18:41:00"}
{"customer_id": "C111", "basket": [{"product_id": "P55", "price": 298}], "date_of_purchase": "2018-12-06 15:00:00"}
{"customer_id": "C114", "basket": [{"product_id": "P35", "price": 592}, {"product_id": "P36", "price": 1105}], "date_of_purchase": "2018-12-06 13:38:00"}
{"customer_id": "C118", "basket": [{"product_id": "P61", "price": 279}], "date_of_purchase": "2018-12-06 20:24:00"}
{"customer_id": "C128", "basket": [{"product_id": "P40", "price": 1726}, {"product_id": "P35", "price": 36}, {"product_id": "P38", "price": 872}], "date_of_purchase": "2018-12-06 16:10:00"}
