customer_id,basket,date_of_purchase
C4,"[{'product_id': 'P10', 'price': 529}, {'product_id': 'P06', 'price': 357}]",2018-12-06 20:53:00
C17,"[{'product_id': 'P12', 'price': 630}]",2018-12-06 20:21:00
C18,"[{'product_id': 'P37', 'price': 291}]",2018-12-06 15:33:00
C20,"[{'product_id': 'P60', 'price': 1526}, {'product_id': 'P45', 'price': 1793}, {'product_id': 'P60', 'price': 287}]",2018-12-06 12:09:00
C27,"[{'product_id': 'P29', 'price': 1440}]",2018-12-06 15:53:00
C33,"[{'product_id': 'P12', 'price': 1446}]",2018-12-06 15:19:00
C36,"[{'product_id': 'P64', 'price': 360}, {'product_id': 'P61', 'price': 1460}]",2018-12-06 13:39:00
C41,"[{'product_id': 'P54', 'price': 671}, {'product_id': 'P44', 'price': 1383}]",2018-12-06 06:06:00
C50,"[{'product_id': 'P44', 'price': 854}, {'product_id': 'P58', 'price': 1730}, {'product_id': 'P54', 'price': 409}]",2018-12-06 04:53:00
C51,"[{'product_id': 'P49', 'price': 1007}]",2018-12-06 08:02:00
C62,"[{'product_id': 'P62', 'price': 1591}, {'product_id': 'P61', 'price': 138}]",2018-12-06 20:04:00
C65,"[{'product_id': 'P61', 'price': 1551}]",2018-12-06 13:04:00
C69,"[{'product_id': 'P33', 'price': 1440}, {'product_id': 'P26', 'price': 1688}, {'product_id': 'P25', 'price': 142}]",2018-12-06 21:05:00
C76,"[{'product_id': 'P64', 'price': 1070}, {'product_id': 'P64', 'price': 1950}]",2018-12-06 16:26:00
C80,"[{'product_id': 'P36', 'price': 585}, {'product_id': 'P38', 'price': 559}]",2018-12-06 10:07:00
C81,"[{'product_id': 'P15', 'price': 768}, {'product_id': 'P13', 'price': 1515}]",2018-12-06 23:25:00
C90,"[{'product_id': 'P55', 'price': 479}, {'product_id': 'P54', 'price': 1075}, {'product_id': 'P45', 'price': 1976}]",2018-12-06 10:56:00
C92,"[{'product_id': 'P35', 'price': 1996}, {'product_id': 'P39', 'price': 1652}, {'product_id': 'P39', 'price': 184}]",2018-12-06 04:58:00
C93,"[{'product_id': 'P53', 'price': 298}]",2018-12-06 12:10:00
C103,"[{'product_id': 'P08', 'price': 8}]",2018-12-06 18:41:00
C111,"[{'product_id': 'P55', 'price': 298}]",2018-12-06 15:00:00
C114,"[{'product_id': 'P35', 'price': 592}, {'product_id': 'P36', 'price': 1105}]",2018-12-06 13:38:00
C118,"[{'product_id': 'P61', 'price': 279}]",2018-12-06 20:24:00
C128,"[{'product_id': 'P40', 'price': 1726}, {'product_id': 'P35', 'price': 36}, {'product_id': 'P38', 'price': 872}]",2018-12-06 16:10:00
