{"customer_id": "C3", "basket": [{"product_id": "P60", "price": 1024}, {"product_id": "P57", "price": 930}], "date_of_purchase": "2019-02-07 21:49:00"}
{"customer_id": "C7", "basket": [{"product_id": "P29", "price": 392}, {"product_id": "P27", "price": 1534}], "date_of_purchase": "2019-02-07 19:10:00"}
{"customer_id": "C11", "basket": [{"product_id": "P12", "price": 361}, {"product_id": "P02", "price": 452}, {"product_id": "P07", "price": 632}], "date_of_purchase": "2019-02-07 10:13:00"}
{"customer_id": "C26", "basket": [{"product_id": "P50", "price": 359}], "date_of_purchase": "2019-02-07 07:33:00"}
{"customer_id": "C27", "basket": [{"product_id": "P26", "price": 758}], "date_of_purchase": "2019-02-07 10:19:00"}
{"customer_id": "C31", "basket": [{"product_id": "P36", "price": 151}, {"product_id": "P39", "price": 265}], "date_of_purchase": "2019-02-07 20:24:00"}
{"customer_id": "C32", "basket": [{"product_id": "P28", "price": 327}], "date_of_purchase": "2019-02-07 23:57:00"}
{"customer_id": "C33", "basket": [{"product_id": "P08", "price": 71}], "date_of_purchase": "2019-02-07 08:46:00"}
{"customer_id": "C39", "basket": [{"product_id": "P56", "price": 760}, {"product_id": "P51", "price": 920}], "date_of_purchase": "2019-02-07 07:42:00"}
{"customer_id": "C40", "basket": [{"product_id": "P05", "price": 1691}, {"product_id": "P02", "price": 1850}], "date_of_purchase": "2019-02-07 04:27:00"}
{"customer_id": "C41", "basket": [{"product_id": "P54", "price": 239}, {"product_id": "P49", "price": 1398}], "date_of_purchase": "2019-02-07 21:48:00"}
{"customer_id": "C43", "basket": [{"product_id": "P09", "price": 1851}, {"product_id": "P04", "price": 1732}], "date_of_purchase": "2019-02-07 07:37:00"}
{"customer_id": "C44", "basket": [{"product_id": "P62", "price": 350}, {"product_id": "P61", "price": 274}], "date_of_purchase": "2019-02-07 09:54:00"}
{"customer_id": "C52", "basket": [{"product_id": "P36", "price": 378}], "date_of_purchase": "2019-02-07 14:04:00"}
{"customer_id": "C70", "basket": [{"product_id": "P63", "price": 1335}, {"product_id": "P61", "price": 1357}, {"product_id": "P62", "price": 488}], "date_of_purchase": "2019-02-07 16:57:00"}
{"customer_id": "C72", "basket": [{"product_id": "P42", "price": 1975}, {"product_id": "P53", "price": 1730}], "date_of_purchase": "2019-02-07 16:32:00"}
{"customer_id": "C75", "basket": [{"product_id": "P57", "price": 1272}], "date_of_purchase": "2019-02-07 16:49:00"}
{"customer_id": "C82", "basket": [{"product_id": "P40", "price": 1346}], "date_of_purchase": "2019-02-07 06:37:00"}
{"customer_id": "C85", "basket": [{"product_id": "P12", "price": 386}, {"product_id": "P09", "price": 403}, {"product_id": "P05", "price": 1698}], "date_of_purchase": "2019-02-07 23:10:00"}
{"customer_id": "C86", "basket": [{"product_id": "P35", "price": 162}, {"product_id": "P38", "price": 191}, {"product_id": "P37", "price": 1452}], "date_of_purchase": "2019-02-07 05:41:00"}
{"customer_id": "C92", "basket": [{"product_id": "P62", "price": 690}, {"product_id": "P63", "price": 225}, {"product_id": "P63", "price": 1443}], "date_of_purchase": "2019-02-07 05:00:00"}
{"customer_id": "C94", "basket": [{"product_id": "P35", "price": 990}, {"product_id": "P38", "price": 1855}], "date_of_purchase": "2019-02-07 14:37:00"}
{"customer_id": "C100", "basket": [{"product_id": "P24", "price": 31}, {"product_id": "P22", "price": 1304}], "date_of_purchase": "2019-02-07 15:02:00"}
{"customer_id": "C101", "basket": [{"product_id": "P25", "price": 132}, {"product_id": "P25", "price": 1242}], "date_of_purchase": "2019-02-07 23:46:00"}
{"customer_id": "C108", "basket": [{"product_id": "P39", "price": 513}, {"product_id": "P35", "price": 336}, {"product_id": "P37", "price": 684}], "date_of_purchase": "2019-02-07 19:19:00"}
{"customer_id": "C127", "basket": [{"product_id": "P59", "price": 912}], "date_of_purchase": "2019-02-07 17:36:00"}
{"customer_id": "C128", "basket": [{"product_id": "P40", "price": 1449}, {"product_id": "P39", "price": 153}, {"product_id": "P37", "price": 1247}], "date_of_purchase": "2019-02-07 19:38:00"}
