customer_id,basket,date_of_purchase
C3,"[{'product_id': 'P60', 'price': 1024}, {'product_id': 'P57', 'price': 930}]",2019-02-07 21:49:00
C7,"[{'product_id': 'P29', 'price': 392}, {'product_id': 'P27', 'price': 1534}]",2019-02-07 19:10:00
C11,"[{'product_id': 'P12', 'price': 361}, {'product_id': 'P02', 'price': 452}, {'product_id': 'P07', 'price': 632}]",2019-02-07 10:13:00
C26,"[{'product_id': 'P50', 'price': 359}]",2019-02-07 07:33:00
C27,"[{'product_id': 'P26', 'price': 758}]",2019-02-07 10:19:00
C31,"[{'product_id': 'P36', 'price': 151}, {'product_id': 'P39', 'price': 265}]",2019-02-07 20:24:00
C32,"[{'product_id': 'P28', 'price': 327}]",2019-02-07 23:57:00
C33,"[{'product_id': 'P08', 'price': 71}]",2019-02-07 08:46:00
C39,"[{'product_id': 'P56', 'price': 760}, {'product_id': 'P51', 'price': 920}]",2019-02-07 07:42:00
C40,"[{'product_id': 'P05', 'price': 1691}, {'product_id': 'P02', 'price': 1850}]",2019-02-07 04:27:00
C41,"[{'product_id': 'P54', 'price': 239}, {'product_id': 'P49', 'price': 1398}]",2019-02-07 21:48:00
C43,"[{'product_id': 'P09', 'price': 1851}, {'product_id': 'P04', 'price': 1732}]",2019-02-07 07:37:00
C44,"[{'product_id': 'P62', 'price': 350}, {'product_id': 'P61', 'price': 274}]",2019-02-07 09:54:00
C52,"[{'product_id': 'P36', 'price': 378}]",2019-02-07 14:04:00
C70,"[{'product_id': 'P63', 'price': 1335}, {'product_id': 'P61', 'price': 1357}, {'product_id': 'P62', 'price': 488}]",2019-02-07 16:57:00
C72,"[{'product_id': 'P42', 'price': 1975}, {'product_id': 'P53', 'price': 1730}]",2019-02-07 16:32:00
C75,"[{'product_id': 'P57', 'price': 1272}]",2019-02-07 16:49:00
C82,"[{'product_id': 'P40', 'price': 1346}]",2019-02-07 06:37:00
C85,"[{'product_id': 'P12', 'price': 386}, {'product_id': 'P09', 'price': 403}, {'product_id': 'P05', 'price': 1698}]",2019-02-07 23:10:00
C86,"[{'product_id': 'P35', 'price': 162}, {'product_id': 'P38', 'price': 191}, {'product_id': 'P37', 'price': 1452}]",2019-02-07 05:41:00
C92,"[{'product_id': 'P62', 'price': 690}, {'product_id': 'P63', 'price': 225}, {'product_id': 'P63', 'price': 1443}]",2019-02-07 05:00:00
C94,"[{'product_id': 'P35', 'price': 990}, {'product_id': 'P38', 'price': 1855}]",2019-02-07 14:37:00
C100,"[{'product_id': 'P24', 'price': 31}, {'product_id': 'P22', 'price': 1304}]",2019-02-07 15:02:00
C101,"[{'product_id': 'P25', 'price': 132}, {'product_id': 'P25', 'price': 1242}]",2019-02-07 23:46:00
C108,"[{'product_id': 'P39', 'price': 513}, {'product_id': 'P35', 'price': 336}, {'product_id': 'P37', 'price': 684}]",2019-02-07 19:19:00
C127,"[{'product_id': 'P59', 'price': 912}]",2019-02-07 17:36:00
C128,"[{'product_id': 'P40', 'price': 1449}, {'product_id': 'P39', 'price': 153}, {'product_id': 'P37', 'price': 1247}]",2019-02-07 19:38:00
