{"customer_id": "C3", "basket": [{"product_id": "P27", "price": 82}], "date_of_purchase": "2019-02-27 16:15:00"}
{"customer_id": "C8", "basket": [{"product_id": "P50", "price": 809}, {"product_id": "P59", "price": 786}], "date_of_purchase": "2019-02-27 04:28:00"}
{"customer_id": "C19", "basket": [{"product_id": "P26", "price": 133}, {"product_id": "P24", "price": 800}, {"product_id": "P24", "price": 1136}], "date_of_purchase": "2019-02-27 05:12:00"}
{"customer_id": "C30", "basket": [{"product_id": "P03", "price": 1579}], "date_of_purchase": "2019-02-27 10:59:00"}
{"customer_id": "C31", "basket": [{"product_id": "P11", "price": 1897}, {"product_id": "P08", "price": 1659}], "date_of_purchase": "2019-02-27 14:32:00"}
{"customer_id": "C33", "basket": [{"product_id": "P03", "price": 271}], "date_of_purchase": "2019-02-27 19:03:00"}
{"customer_id": "C36", "basket": [{"product_id": "P18", "price": 880}], "date_of_purchase": "2019-02-27 19:57:00"}
{"customer_id": "C37", "basket": [{"product_id": "P39", "price": 666}, {"product_id": "P37", "price": 1545}, {"product_id": "P35", "price": 1436}], "date_of_purchase": "2019-02-27 17:05:00"}
{"customer_id": "C40", "basket": [{"product_id": "P07", "price": 507}], "date_of_purchase": "2019-02-27 13:10:00"}
{"customer_id": "C51", "basket": [{"product_id": "P03", "price": 383}, {"product_id": "P09", "price": 46}, {"product_id": "P06", "price": 131}], "date_of_purchase": "2019-02-27 15:08:00"}
{"customer_id": "C59", "basket": [{"product_id": "P53", "price": 497}], "date_of_purchase": "2019-02-27 05:22:00"}
{"customer_id": "C62", "basket": [{"product_id": "P27", "price": 43}, {"product_id": "P22", "price": 580}, {"product_id": "P27", "price": 1388}], "date_of_purchase": "2019-02-27 14:03:00"}
{"customer_id": "C65", "basket": [{"product_id": "P54", "price": 890}, {"product_id": "P58", "price": 924}], "date_of_purchase": "2019-02-27 14:34:00"}
{"customer_id": "C74", "basket": [{"product_id": "P60", "price": 915}], "date_of_purchase": "2019-02-27 13:43:00"}
{"customer_id": "C76", "basket": [{"product_id": "P63", "price": 1585}, {"product_id": "P62", "price": 1777}, {"product_id": "P62", "price": 1385}], "date_of_purchase": "2019-02-27 06:25:00"}
{"customer_id": "C84", "basket": [{"product_id": "P42", "price": 527}], "date_of_purchase": "2019-02-27 11:43:00"}
{"customer_id": "C87", "basket": [{"product_id": "P40", "price": 814}, {"product_id": "P40", "price": 259}, {"product_id": "P40", "price": 831}], "date_of_purchase": "2019-02-27 08:29:00"}
{"customer_id": "C89", "basket": [{"product_id": "P02", "price": 1704}, {"product_id": "P12", "price": 1619}], "date_of_purchase": "2019-02-27 18:02:00"}
{"customer_id": "C91", "basket": [{"product_id": "P50", "price": 3}, {"product_id": "P51", "price": 1024}, {"product_id": "P51", "price": 1879}], "date_of_purchase": "2019-02-27 09:02:00"}
{"customer_id": "C101", "basket": [{"product_id": "P22", "price": 1974}, {"product_id": "P28", "price": 1723}], "date_of_purchase": "2019-02-27 20:32:00"}
{"customer_id": "C109", "basket": [{"product_id": "P60", "price": 1628}, {"product_id": "P42", "price": 1784}, {"product_id": "P42", "price": 1317}], "date_of_purchase": "2019-02-27 11:24:00"}
{"customer_id": "C121", "basket": [{"product_id": "P07", "price": 1640}, {"product_id": "P09", "price": 1422}, {"product_id": "P08", "price": 346}], "date_of_purchase": "2019-02-27 12:48:00"}
