customer_id,basket,date_of_purchase
C3,"[{'product_id': 'P27', 'price': 82}]",2019-02-27 16:15:00
C8,"[{'product_id': 'P50', 'price': 809}, {'product_id': 'P59', 'price': 786}]",2019-02-27 04:28:00
C19,"[{'product_id': 'P26', 'price': 133}, {'product_id': 'P24', 'price': 800}, {'product_id': 'P24', 'price': 1136}]",2019-02-27 05:12:00
C30,"[{'product_id': 'P03', 'price': 1579}]",2019-02-27 10:59:00
C31,"[{'product_id': 'P11', 'price': 1897}, {'product_id': 'P08', 'price': 1659}]",2019-02-27 14:32:00
C33,"[{'product_id': 'P03', 'price': 271}]",2019-02-27 19:03:00
C36,"[{'product_id': 'P18', 'price': 880}]",2019-02-27 19:57:00
C37,"[{'product_id': 'P39', 'price': 666}, {'product_id': 'P37', 'price': 1545}, {'product_id': 'P35', 'price': 1436}]",2019-02-27 17:05:00
C40,"[{'product_id': 'P07', 'price': 507}]",2019-02-27 13:10:00
C51,"[{'product_id': 'P03', 'price': 383}, {'product_id': 'P09', 'price': 46}, {'product_id': 'P06', 'price': 131}]",2019-02-27 15:08:00
C59,"[{'product_id': 'P53', 'price': 497}]",2019-02-27 05:22:00
C62,"[{'product_id': 'P27', 'price': 43}, {'product_id': 'P22', 'price': 580}, {'product_id': 'P27', 'price': 1388}]",2019-02-27 14:03:00
C65,"[{'product_id': 'P54', 'price': 890}, {'product_id': 'P58', 'price': 924}]",2019-02-27 14:34:00
C74,"[{'product_id': 'P60', 'price': 915}]",2019-02-27 13:43:00
C76,"[{'product_id': 'P63', 'price': 1585}, {'product_id': 'P62', 'price': 1777}, {'product_id': 'P62', 'price': 1385}]",2019-02-27 06:25:00
C84,"[{'product_id': 'P42', 'price': 527}]",2019-02-27 11:43:00
C87,"[{'product_id': 'P40', 'price': 814}, {'product_id': 'P40', 'price': 259}, {'product_id': 'P40', 'price': 831}]",2019-02-27 08:29:00
C89,"[{'product_id': 'P02', 'price': 1704}, {'product_id': 'P12', 'price': 1619}]",2019-02-27 18:02:00
C91,"[{'product_id': 'P50', 'price': 3}, {'product_id': 'P51', 'price': 1024}, {'product_id': 'P51', 'price': 1879}]",2019-02-27 09:02:00
C101,"[{'product_id': 'P22', 'price': 1974}, {'product_id': 'P28', 'price': 1723}]",2019-02-27 20:32:00
C109,"[{'product_id': 'P60', 'price': 1628}, {'product_id': 'P42', 'price': 1784}, {'product_id': 'P42', 'price': 1317}]",2019-02-27 11:24:00
C121,"[{'product_id': 'P07', 'price': 1640}, {'product_id': 'P09', 'price': 1422}, {'product_id': 'P08', 'price': 346}]",2019-02-27 12:48:00
