customer_id,basket,date_of_purchase
C3,"[{'product_id': 'P30', 'price': 1782}, {'product_id': 'P27', 'price': 729}, {'product_id': 'P33', 'price': 1786}]",2019-02-17 04:16:00
C8,"[{'product_id': 'P61', 'price': 724}, {'product_id': 'P62', 'price': 438}]",2019-02-17 13:51:00
C19,"[{'product_id': 'P26', 'price': 285}]",2019-02-17 14:05:00
C20,"[{'product_id': 'P54', 'price': 632}, {'product_id': 'P41', 'price': 38}, {'product_id': 'P46', 'price': 1261}]",2019-02-17 23:20:00
C26,"[{'product_id': 'P60', 'price': 788}, {'product_id': 'P46', 'price': 796}]",2019-02-17 18:17:00
C30,"[{'product_id': 'P24', 'price': 1067}]",2019-02-17 14:51:00
C32,"[{'product_id': 'P54', 'price': 1483}, {'product_id': 'P54', 'price': 161}, {'product_id': 'P49', 'price': 743}]",2019-02-17 14:28:00
C33,"[{'product_id': 'P11', 'price': 718}]",2019-02-17 11:54:00
C42,"[{'product_id': 'P34', 'price': 834}, {'product_id': 'P31', 'price': 236}, {'product_id': 'P29', 'price': 1223}]",2019-02-17 12:46:00
C43,"[{'product_id': 'P38', 'price': 288}]",2019-02-17 17:25:00
C45,"[{'product_id': 'P29', 'price': 563}, {'product_id': 'P29', 'price': 90}, {'product_id': 'P33', 'price': 610}]",2019-02-17 12:35:00
C48,"[{'product_id': 'P37', 'price': 1695}]",2019-02-17 20:06:00
C60,"[{'product_id': 'P07', 'price': 571}, {'product_id': 'P01', 'price': 1680}, {'product_id': 'P09', 'price': 1013}]",2019-02-17 15:55:00
C71,"[{'product_id': 'P06', 'price': 862}]",2019-02-17 03:59:00
C81,"[{'product_id': 'P17', 'price': 1465}, {'product_id': 'P14', 'price': 1103}, {'product_id': 'P13', 'price': 1962}]",2019-02-17 16:12:00
C101,"[{'product_id': 'P64', 'price': 330}, {'product_id': 'P64', 'price': 1110}, {'product_id': 'P62', 'price': 715}]",2019-02-17 12:59:00
C103,"[{'product_id': 'P12', 'price': 1525}]",2019-02-17 06:20:00
C120,"[{'product_id': 'P40', 'price': 1833}, {'product_id': 'P40', 'price': 1925}]",2019-02-17 10:40:00
C122,"[{'product_id': 'P31', 'price': 702}, {'product_id': 'P22', 'price': 669}]",2019-02-17 07:51:00
C131,"[{'product_id': 'P27', 'price': 188}]",2019-02-17 03:24:00
C135,"[{'product_id': 'P36', 'price': 1936}, {'product_id': 'P35', 'price': 1169}]",2019-02-17 15:10:00
