{"customer_id": "C3", "basket": [{"product_id": "P30", "price": 1782}, {"product_id": "P27", "price": 729}, {"product_id": "P33", "price": 1786}], "date_of_purchase": "2019-02-17 04:16:00"}
{"customer_id": "C8", "basket": [{"product_id": "P61", "price": 724}, {"product_id": "P62", "price": 438}], "date_of_purchase": "2019-02-17 13:51:00"}
{"customer_id": "C19", "basket": [{"product_id": "P26", "price": 285}], "date_of_purchase": "2019-02-17 14:05:00"}
{"customer_id": "C20", "basket": [{"product_id": "P54", "price": 632}, {"product_id": "P41", "price": 38}, {"product_id": "P46", "price": 1261}], "date_of_purchase": "2019-02-17 23:20:00"}
{"customer_id": "C26", "basket": [{"product_id": "P60", "price": 788}, {"product_id": "P46", "price": 796}], "date_of_purchase": "2019-02-17 18:17:00"}
{"customer_id": "C30", "basket": [{"product_id": "P24", "price": 1067}], "date_of_purchase": "2019-02-17 14:51:00"}
{"customer_id": "C32", "basket": [{"product_id": "P54", "price": 1483}, {"product_id": "P54", "price": 161}, {"product_id": "P49", "price": 743}], "date_of_purchase": "2019-02-17 14:28:00"}
{"customer_id": "C33", "basket": [{"product_id": "P11", "price": 718}], "date_of_purchase": "2019-02-17 11:54:00"}
{"customer_id": "C42", "basket": [{"product_id": "P34", "price": 834}, {"product_id": "P31", "price": 236}, {"product_id": "P29", "price": 1223}], "date_of_purchase": "2019-02-17 12:46:00"}
{"customer_id": "C43", "basket": [{"product_id": "P38", "price": 288}], "date_of_purchase": "2019-02-17 17:25:00"}
{"customer_id": "C45", "basket": [{"product_id": "P29", "price": 563}, {"product_id": "P29", "price": 90}, {"product_id": "P33", "price": 610}], "date_of_purchase": "2019-02-17 12:35:00"}
{"customer_id": "C48", "basket": [{"product_id": "P37", "price": 1695}], "date_of_purchase": "2019-02-17 20:06:00"}
{"customer_id": "C60", "basket": [{"product_id": "P07", "price": 571}, {"product_id": "P01", "price": 1680}, {"product_id": "P09", "price": 1013}], "date_of_purchase": "2019-02-17 15:55:00"}
{"customer_id": "C71", "basket": [{"product_id": "P06", "price": 862}], "date_of_purchase": "2019-02-17 03:59:00"}
{"customer_id": "C81", "basket": [{"product_id": "P17", "price": 1465}, {"product_id": "P14", "price": 1103}, {"product_id": "P13", "price": 1962}], "date_of_purchase": "2019-02-17 16:12:00"}
{"customer_id": "C101", "basket": [{"product_id": "P64", "price": 330}, {"product_id": "P64", "price": 1110}, {"product_id": "P62", "price": 715}], "date_of_purchase": "2019-02-17 12:59:00"}
{"customer_id": "C103", "basket": [{"product_id": "P12", "price": 1525}], "date_of_purchase": "2019-02-17 06:20:00"}
{"customer_id": "C120", "basket": [{"product_id": "P40", "price": 1833}, {"product_id": "P40", "price": 1925}], "date_of_purchase": "2019-02-17 10:40:00"}
{"customer_id": "C122", "basket": [{"product_id": "P31", "price": 702}, {"product_id": "P22", "price": 669}], "date_of_purchase": "2019-02-17 07:51:00"}
{"customer_id": "C131", "basket": [{"product_id": "P27", "price": 188}], "date_of_purchase": "2019-02-17 03:24:00"}
{"customer_id": "C135", "basket": [{"product_id": "P36", "price": 1936}, {"product_id": "P35", "price": 1169}], "date_of_purchase": "2019-02-17 15:10:00"}
