{"customer_id": "C2", "basket": [{"product_id": "P44", "price": 645}, {"product_id": "P58", "price": 586}, {"product_id": "P58", "price": 1089}], "date_of_purchase": "2019-01-08 09:05:00"}
{"customer_id": "C10", "basket": [{"product_id": "P64", "price": 994}], "date_of_purchase": "2019-01-08 16:09:00"}
{"customer_id": "C16", "basket": [{"product_id": "P36", "price": 1892}], "date_of_purchase": "2019-01-08 06:12:00"}
{"customer_id": "C30", "basket": [{"product_id": "P30", "price": 1741}, {"product_id": "P30", "price": 291}, {"product_id": "P31", "price": 689}], "date_of_purchase": "2019-01-08 09:34:00"}
{"customer_id": "C31", "basket": [{"product_id": "P37", "price": 1810}, {"product_id": "P36", "price": 758}, {"product_id": "P35", "price": 417}], "date_of_purchase": "2019-01-08 10:34:00"}
{"customer_id": "C41", "basket": [{"product_id": "P06", "price": 2}, {"product_id": "P10", "price": 1342}, {"product_id": "P09", "price": 1450}], "date_of_purchase": "2019-01-08 15:16:00"}
{"customer_id": "C42", "basket": [{"product_id": "P33", "price": 1591}, {"product_id": "P22", "price": 525}, {"product_id": "P27", "price": 1827}], "date_of_purchase": "2019-01-08 08:29:00"}
{"customer_id": "C43", "basket": [{"product_id": "P38", "price": 1112}], "date_of_purchase": "2019-01-08 23:07:00"}
{"customer_id": "C58", "basket": [{"product_id": "P37", "price": 1796}, {"product_id": "P40", "price": 1430}, {"product_id": "P37", "price": 288}], "date_of_purchase": "2019-01-08 15:27:00"}
{"customer_id": "C64", "basket": [{"product_id": "P29", "price": 976}, {"product_id": "P29", "price": 141}], "date_of_purchase": "2019-01-08 06:41:00"}
{"customer_id": "C65", "basket": [{"product_id": "P63", "price": 276}, {"product_id": "P63", "price": 236}], "date_of_purchase": "2019-01-08 23:17:00"}
{"customer_id": "C92", "basket": [{"product_id": "P61", "price": 1856}, {"product_id": "P63", "price": 1080}], "date_of_purchase": "2019-01-08 09:10:00"}
{"customer_id": "C93", "basket": [{"product_id": "P59", "price": 1657}], "date_of_purchase": "2019-01-08 15:34:00"}
{"customer_id": "C99", "basket": [{"product_id": "P37", "price": 644}], "date_of_purchase": "2019-01-08 06:01:00"}
{"customer_id": "C100", "basket": [{"product_id": "P29", "price": 1931}, {"product_id": "P28", "price": 1277}], "date_of_purchase": "2019-01-08 03:39:00"}
{"customer_id": "C101", "basket": [{"product_id": "P09", "price": 522}, {"product_id": "P01", "price": 689}], "date_of_purchase": "2019-01-08 23:09:00"}
{"customer_id": "C121", "basket": [{"product_id": "P11", "price": 1306}, {"product_id": "P08", "price": 1168}, {"product_id": "P09", "price": 383}], "date_of_purchase": "2019-01-08 03:37:00"}
