customer_id,basket,date_of_purchase
C2,"[{'product_id': 'P44', 'price': 645}, {'product_id': 'P58', 'price': 586}, {'product_id': 'P58', 'price': 1089}]",2019-01-08 09:05:00
C10,"[{'product_id': 'P64', 'price': 994}]",2019-01-08 16:09:00
C16,"[{'product_id': 'P36', 'price': 1892}]",2019-01-08 06:12:00
C30,"[{'product_id': 'P30', 'price': 1741}, {'product_id': 'P30', 'price': 291}, {'product_id': 'P31', 'price': 689}]",2019-01-08 09:34:00
C31,"[{'product_id': 'P37', 'price': 1810}, {'product_id': 'P36', 'price': 758}, {'product_id': 'P35', 'price': 417}]",2019-01-08 10:34:00
C41,"[{'product_id': 'P06', 'price': 2}, {'product_id': 'P10', 'price': 1342}, {'product_id': 'P09', 'price': 1450}]",2019-01-08 15:16:00
C42,"[{'product_id': 'P33', 'price': 1591}, {'product_id': 'P22', 'price': 525}, {'product_id': 'P27', 'price': 1827}]",2019-01-08 08:29:00
C43,"[{'product_id': 'P38', 'price': 1112}]",2019-01-08 23:07:00
C58,"[{'product_id': 'P37', 'price': 1796}, {'product_id': 'P40', 'price': 1430}, {'product_id': 'P37', 'price': 288}]",2019-01-08 15:27:00
C64,"[{'product_id': 'P29', 'price': 976}, {'product_id': 'P29', 'price': 141}]",2019-01-08 06:41:00
C65,"[{'product_id': 'P63', 'price': 276}, {'product_id': 'P63', 'price': 236}]",2019-01-08 23:17:00
C92,"[{'product_id': 'P61', 'price': 1856}, {'product_id': 'P63', 'price': 1080}]",2019-01-08 09:10:00
C93,"[{'product_id': 'P59', 'price': 1657}]",2019-01-08 15:34:00
C99,"[{'product_id': 'P37', 'price': 644}]",2019-01-08 06:01:00
C100,"[{'product_id': 'P29', 'price': 1931}, {'product_id': 'P28', 'price': 1277}]",2019-01-08 03:39:00
C101,"[{'product_id': 'P09', 'price': 522}, {'product_id': 'P01', 'price': 689}]",2019-01-08 23:09:00
C121,"[{'product_id': 'P11', 'price': 1306}, {'product_id': 'P08', 'price': 1168}, {'product_id': 'P09', 'price': 383}]",2019-01-08 03:37:00
