{"customer_id": "C5", "basket": [{"product_id": "P12", "price": 916}, {"product_id": "P07", "price": 1998}, {"product_id": "P10", "price": 1187}], "date_of_purchase": "2018-12-07 03:28:00"}
{"customer_id": "C8", "basket": [{"product_id": "P57", "price": 463}, {"product_id": "P55", "price": 1038}], "date_of_purchase": "2018-12-07 15:11:00"}
{"customer_id": "C19", "basket": [{"product_id": "P24", "price": 1202}, {"product_id": "P27", "price": 292}], "date_of_purchase": "2018-12-07 23:09:00"}
{"customer_id": "C20", "basket": [{"product_id": "P47", "price": 322}, {"product_id": "P55", "price": 1839}], "date_of_purchase": "2018-12-07 13:50:00"}
{"customer_id": "C21", "basket": [{"product_id": "P28", "price": 1653}, {"product_id": "P27", "price": 1691}, {"product_id": "P25", "price": 1304}], "date_of_purchase": "2018-12-07 17:21:00"}
{"customer_id": "C31", "basket": [{"product_id": "P25", "price": 1350}, {"product_id": "P31", "price": 1651}], "date_of_purchase": "2018-12-07 10:14:00"}
{"customer_id": "C36", "basket": [{"product_id": "P17", "price": 1665}], "date_of_purchase": "2018-12-07 10:16:00"}
{"customer_id": "C41", "basket": [{"product_id": "P51", "price": 27}, {"product_id": "P55", "price": 1225}, {"product_id": "P47", "price": 1723}], "date_of_purchase": "2018-12-07 16:14:00"}
{"customer_id": "C45", "basket": [{"product_id": "P31", "price": 1230}, {"product_id": "P31", "price": 1353}, {"product_id": "P27", "price": 946}], "date_of_purchase": "2018-12-07 14:33:00"}
{"customer_id": "C46", "basket": [{"product_id": "P31", "price": 758}], "date_of_purchase": "2018-12-07 18:08:00"}
{"customer_id": "C47", "basket": [{"product_id": "P38", "price": 1553}, {"product_id": "P38", "price": 1106}], "date_of_purchase": "2018-12-07 13:03:00"}
{"customer_id": "C51", "basket": [{"product_id": "P60", "price": 1435}, {"product_id": "P55", "price": 1906}], "date_of_purchase": "2018-12-07 14:53:00"}
{"customer_id": "C60", "basket": [{"product_id": "P64", "price": 1087}], "date_of_purchase": "2018-12-07 19:20:00"}
{"customer_id": "C66", "basket": [{"product_id": "P24", "price": 1661}, {"product_id": "P22", "price": 1667}], "date_of_purchase": "2018-12-07 14:04:00"}
{"customer_id": "C78", "basket": [{"product_id": "P57", "price": 1430}, {"product_id": "P51", "price": 181}], "date_of_purchase": "2018-12-07 23:56:00"}
{"customer_id": "C86", "basket": [{"product_id": "P39", "price": 1990}, {"product_id": "P37", "price": 6}], "date_of_purchase": "2018-12-07 15:15:00"}
{"customer_id": "C92", "basket": [{"product_id": "P62", "price": 1458}, {"product_id": "P64", "price": 1682}, {"product_id": "P61", "price": 1280}], "date_of_purchase": "2018-12-07 04:20:00"}
{"customer_id": "C93", "basket": [{"product_id": "P58", "price": 1981}], "date_of_purchase": "2018-12-07 15:34:00"}
{"customer_id": "C95", "basket": [{"product_id": "P35", "price": 1108}, {"product_id": "P35", "price": 1503}, {"product_id": "P40", "price": 952}], "date_of_purchase": "2018-12-07 11:37:00"}
{"customer_id": "C97", "basket": [{"product_id": "P35", "price": 792}, {"product_id": "P35", "price": 1692}, {"product_id": "P37", "price": 407}], "date_of_purchase": "2018-12-07 17:19:00"}
{"customer_id": "C100", "basket": [{"product_id": "P28", "price": 1408}], "date_of_purchase": "2018-12-07 12:14:00"}
{"customer_id": "C118", "basket": [{"product_id": "P32", "price": 1916}], "date_of_purchase": "2018-12-07 18:52:00"}
{"customer_id": "C122", "basket": [{"product_id": "P51", "price": 263}, {"product_id": "P56", "price": 644}], "date_of_purchase": "2018-12-07 03:33:00"}
{"customer_id": "C124", "basket": [{"product_id": "P64", "price": 1426}, {"product_id": "P63", "price": 782}], "date_of_purchase": "2018-12-07 08:16:00"}
{"customer_id": "C128", "basket": [{"product_id": "P36", "price": 1524}], "date_of_purchase": "2018-12-07 23:32:00"}
{"customer_id": "C129", "basket": [{"product_id": "P30", "price": 1346}], "date_of_purchase": "2018-12-07 23:48:00"}
{"customer_id": "C131", "basket": [{"product_id": "P26", "price": 1135}], "date_of_purchase": "2018-12-07 16:43:00"}
