customer_id,basket,date_of_purchase
C5,"[{'product_id': 'P12', 'price': 916}, {'product_id': 'P07', 'price': 1998}, {'product_id': 'P10', 'price': 1187}]",2018-12-07 03:28:00
C8,"[{'product_id': 'P57', 'price': 463}, {'product_id': 'P55', 'price': 1038}]",2018-12-07 15:11:00
C19,"[{'product_id': 'P24', 'price': 1202}, {'product_id': 'P27', 'price': 292}]",2018-12-07 23:09:00
C20,"[{'product_id': 'P47', 'price': 322}, {'product_id': 'P55', 'price': 1839}]",2018-12-07 13:50:00
C21,"[{'product_id': 'P28', 'price': 1653}, {'product_id': 'P27', 'price': 1691}, {'product_id': 'P25', 'price': 1304}]",2018-12-07 17:21:00
C31,"[{'product_id': 'P25', 'price': 1350}, {'product_id': 'P31', 'price': 1651}]",2018-12-07 10:14:00
C36,"[{'product_id': 'P17', 'price': 1665}]",2018-12-07 10:16:00
C41,"[{'product_id': 'P51', 'price': 27}, {'product_id': 'P55', 'price': 1225}, {'product_id': 'P47', 'price': 1723}]",2018-12-07 16:14:00
C45,"[{'product_id': 'P31', 'price': 1230}, {'product_id': 'P31', 'price': 1353}, {'product_id': 'P27', 'price': 946}]",2018-12-07 14:33:00
C46,"[{'product_id': 'P31', 'price': 758}]",2018-12-07 18:08:00
C47,"[{'product_id': 'P38', 'price': 1553}, {'product_id': 'P38', 'price': 1106}]",2018-12-07 13:03:00
C51,"[{'product_id': 'P60', 'price': 1435}, {'product_id': 'P55', 'price': 1906}]",2018-12-07 14:53:00
C60,"[{'product_id': 'P64', 'price': 1087}]",2018-12-07 19:20:00
C66,"[{'product_id': 'P24', 'price': 1661}, {'product_id': 'P22', 'price': 1667}]",2018-12-07 14:04:00
C78,"[{'product_id': 'P57', 'price': 1430}, {'product_id': 'P51', 'price': 181}]",2018-12-07 23:56:00
C86,"[{'product_id': 'P39', 'price': 1990}, {'product_id': 'P37', 'price': 6}]",2018-12-07 15:15:00
C92,"[{'product_id': 'P62', 'price': 1458}, {'product_id': 'P64', 'price': 1682}, {'product_id': 'P61', 'price': 1280}]",2018-12-07 04:20:00
C93,"[{'product_id': 'P58', 'price': 1981}]",2018-12-07 15:34:00
C95,"[{'product_id': 'P35', 'price': 1108}, {'product_id': 'P35', 'price': 1503}, {'product_id': 'P40', 'price': 952}]",2018-12-07 11:37:00
C97,"[{'product_id': 'P35', 'price': 792}, {'product_id': 'P35', 'price': 1692}, {'product_id': 'P37', 'price': 407}]",2018-12-07 17:19:00
C100,"[{'product_id': 'P28', 'price': 1408}]",2018-12-07 12:14:00
C118,"[{'product_id': 'P32', 'price': 1916}]",2018-12-07 18:52:00
C122,"[{'product_id': 'P51', 'price': 263}, {'product_id': 'P56', 'price': 644}]",2018-12-07 03:33:00
C124,"[{'product_id': 'P64', 'price': 1426}, {'product_id': 'P63', 'price': 782}]",2018-12-07 08:16:00
C128,"[{'product_id': 'P36', 'price': 1524}]",2018-12-07 23:32:00
C129,"[{'product_id': 'P30', 'price': 1346}]",2018-12-07 23:48:00
C131,"[{'product_id': 'P26', 'price': 1135}]",2018-12-07 16:43:00
