customer_id,basket,date_of_purchase
C2,"[{'product_id': 'P39', 'price': 1916}, {'product_id': 'P35', 'price': 1292}]",2019-02-16 11:45:00
C3,"[{'product_id': 'P12', 'price': 363}]",2019-02-16 16:50:00
C5,"[{'product_id': 'P23', 'price': 822}, {'product_id': 'P33', 'price': 649}]",2019-02-16 07:51:00
C10,"[{'product_id': 'P25', 'price': 1029}]",2019-02-16 04:26:00
C32,"[{'product_id': 'P33', 'price': 252}, {'product_id': 'P34', 'price': 298}, {'product_id': 'P31', 'price': 1758}]",2019-02-16 20:20:00
C35,"[{'product_id': 'P36', 'price': 359}]",2019-02-16 04:02:00
C42,"[{'product_id': 'P27', 'price': 1319}, {'product_id': 'P31', 'price': 1883}]",2019-02-16 17:44:00
C61,"[{'product_id': 'P38', 'price': 877}]",2019-02-16 09:59:00
C62,"[{'product_id': 'P34', 'price': 1203}, {'product_id': 'P30', 'price': 654}, {'product_id': 'P32', 'price': 1383}]",2019-02-16 13:22:00
C65,"[{'product_id': 'P61', 'price': 1897}, {'product_id': 'P64', 'price': 443}]",2019-02-16 22:08:00
C74,"[{'product_id': 'P58', 'price': 1556}, {'product_id': 'P44', 'price': 1330}]",2019-02-16 12:12:00
C76,"[{'product_id': 'P64', 'price': 307}, {'product_id': 'P62', 'price': 1272}]",2019-02-16 07:16:00
C80,"[{'product_id': 'P39', 'price': 712}]",2019-02-16 09:55:00
C81,"[{'product_id': 'P14', 'price': 1994}, {'product_id': 'P21', 'price': 1506}]",2019-02-16 04:11:00
C86,"[{'product_id': 'P35', 'price': 571}, {'product_id': 'P35', 'price': 304}]",2019-02-16 09:59:00
C93,"[{'product_id': 'P60', 'price': 1797}, {'product_id': 'P58', 'price': 1949}, {'product_id': 'P43', 'price': 29}]",2019-02-16 05:14:00
C98,"[{'product_id': 'P34', 'price': 903}]",2019-02-16 21:14:00
C103,"[{'product_id': 'P11', 'price': 1843}, {'product_id': 'P12', 'price': 1516}]",2019-02-16 11:08:00
C106,"[{'product_id': 'P24', 'price': 1472}, {'product_id': 'P29', 'price': 579}, {'product_id': 'P32', 'price': 1385}]",2019-02-16 10:57:00
C107,"[{'product_id': 'P51', 'price': 1978}, {'product_id': 'P54', 'price': 1180}]",2019-02-16 14:02:00
C110,"[{'product_id': 'P64', 'price': 408}, {'product_id': 'P61', 'price': 1073}, {'product_id': 'P62', 'price': 1188}]",2019-02-16 08:53:00
C120,"[{'product_id': 'P35', 'price': 842}, {'product_id': 'P36', 'price': 251}, {'product_id': 'P40', 'price': 966}]",2019-02-16 04:18:00
C127,"[{'product_id': 'P02', 'price': 1724}]",2019-02-16 09:36:00
C129,"[{'product_id': 'P61', 'price': 242}, {'product_id': 'P63', 'price': 1191}]",2019-02-16 06:34:00
C133,"[{'product_id': 'P57', 'price': 1544}, {'product_id': 'P43', 'price': 1758}, {'product_id': 'P59', 'price': 1645}]",2019-02-16 12:42:00
