{"customer_id": "C2", "basket": [{"product_id": "P39", "price": 1916}, {"product_id": "P35", "price": 1292}], "date_of_purchase": "2019-02-16 11:45:00"}
{"customer_id": "C3", "basket": [{"product_id": "P12", "price": 363}], "date_of_purchase": "2019-02-16 16:50:00"}
{"customer_id": "C5", "basket": [{"product_id": "P23", "price": 822}, {"product_id": "P33", "price": 649}], "date_of_purchase": "2019-02-16 07:51:00"}
{"customer_id": "C10", "basket": [{"product_id": "P25", "price": 1029}], "date_of_purchase": "2019-02-16 04:26:00"}
{"customer_id": "C32", "basket": [{"product_id": "P33", "price": 252}, {"product_id": "P34", "price": 298}, {"product_id": "P31", "price": 1758}], "date_of_purchase": "2019-02-16 20:20:00"}
{"customer_id": "C35", "basket": [{"product_id": "P36", "price": 359}], "date_of_purchase": "2019-02-16 04:02:00"}
{"customer_id": "C42", "basket": [{"product_id": "P27", "price": 1319}, {"product_id": "P31", "price": 1883}], "date_of_purchase": "2019-02-16 17:44:00"}
{"customer_id": "C61", "basket": [{"product_id": "P38", "price": 877}], "date_of_purchase": "2019-02-16 09:59:00"}
{"customer_id": "C62", "basket": [{"product_id": "P34", "price": 1203}, {"product_id": "P30", "price": 654}, {"product_id": "P32", "price": 1383}], "date_of_purchase": "2019-02-16 13:22:00"}
{"customer_id": "C65", "basket": [{"product_id": "P61", "price": 1897}, {"product_id": "P64", "price": 443}], "date_of_purchase": "2019-02-16 22:08:00"}
{"customer_id": "C74", "basket": [{"product_id": "P58", "price": 1556}, {"product_id": "P44", "price": 1330}], "date_of_purchase": "2019-02-16 12:12:00"}
{"customer_id": "C76", "basket": [{"product_id": "P64", "price": 307}, {"product_id": "P62", "price": 1272}], "date_of_purchase": "2019-02-16 07:16:00"}
{"customer_id": "C80", "basket": [{"product_id": "P39", "price": 712}], "date_of_purchase": "2019-02-16 09:55:00"}
{"customer_id": "C81", "basket": [{"product_id": "P14", "price": 1994}, {"product_id": "P21", "price": 1506}], "date_of_purchase": "2019-02-16 04:11:00"}
{"customer_id": "C86", "basket": [{"product_id": "P35", "price": 571}, {"product_id": "P35", "price": 304}], "date_of_purchase": "2019-02-16 09:59:00"}
{"customer_id": "C93", "basket": [{"product_id": "P60", "price": 1797}, {"product_id": "P58", "price": 1949}, {"product_id": "P43", "price": 29}], "date_of_purchase": "2019-02-16 05:14:00"}
{"customer_id": "C98", "basket": [{"product_id": "P34", "price": 903}], "date_of_purchase": "2019-02-16 21:14:00"}
{"customer_id": "C103", "basket": [{"product_id": "P11", "price": 1843}, {"product_id": "P12", "price": 1516}], "date_of_purchase": "2019-02-16 11:08:00"}
{"customer_id": "C106", "basket": [{"product_id": "P24", "price": 1472}, {"product_id": "P29", "price": 579}, {"product_id": "P32", "price": 1385}], "date_of_purchase": "2019-02-16 10:57:00"}
{"customer_id": "C107", "basket": [{"product_id": "P51", "price": 1978}, {"product_id": "P54", "price": 1180}], "date_of_purchase": "2019-02-16 14:02:00"}
{"customer_id": "C110", "basket": [{"product_id": "P64", "price": 408}, {"product_id": "P61", "price": 1073}, {"product_id": "P62", "price": 1188}], "date_of_purchase": "2019-02-16 08:53:00"}
{"customer_id": "C120", "basket": [{"product_id": "P35", "price": 842}, {"product_id": "P36", "price": 251}, {"product_id": "P40", "price": 966}], "date_of_purchase": "2019-02-16 04:18:00"}
{"customer_id": "C127", "basket": [{"product_id": "P02", "price": 1724}], "date_of_purchase": "2019-02-16 09:36:00"}
{"customer_id": "C129", "basket": [{"product_id": "P61", "price": 242}, {"product_id": "P63", "price": 1191}], "date_of_purchase": "2019-02-16 06:34:00"}
{"customer_id": "C133", "basket": [{"product_id": "P57", "price": 1544}, {"product_id": "P43", "price": 1758}, {"product_id": "P59", "price": 1645}], "date_of_purchase": "2019-02-16 12:42:00"}
