{"customer_id": "C2", "basket": [{"product_id": "P39", "price": 1692}, {"product_id": "P38", "price": 825}], "date_of_purchase": "2019-01-03 12:21:00"}
{"customer_id": "C4", "basket": [{"product_id": "P08", "price": 807}, {"product_id": "P05", "price": 1475}, {"product_id": "P05", "price": 857}], "date_of_purchase": "2019-01-03 13:28:00"}
{"customer_id": "C17", "basket": [{"product_id": "P07", "price": 236}, {"product_id": "P09", "price": 939}], "date_of_purchase": "2019-01-03 14:13:00"}
{"customer_id": "C19", "basket": [{"product_id": "P32", "price": 192}, {"product_id": "P28", "price": 216}], "date_of_purchase": "2019-01-03 17:40:00"}
{"customer_id": "C36", "basket": [{"product_id": "P62", "price": 31}, {"product_id": "P63", "price": 413}], "date_of_purchase": "2019-01-03 04:44:00"}
{"customer_id": "C40", "basket": [{"product_id": "P01", "price": 657}], "date_of_purchase": "2019-01-03 08:53:00"}
{"customer_id": "C44", "basket": [{"product_id": "P34", "price": 474}, {"product_id": "P31", "price": 174}], "date_of_purchase": "2019-01-03 20:08:00"}
{"customer_id": "C46", "basket": [{"product_id": "P30", "price": 1809}, {"product_id": "P27", "price": 123}], "date_of_purchase": "2019-01-03 03:38:00"}
{"customer_id": "C48", "basket": [{"product_id": "P40", "price": 990}, {"product_id": "P40", "price": 1986}], "date_of_purchase": "2019-01-03 08:35:00"}
{"customer_id": "C50", "basket": [{"product_id": "P11", "price": 399}, {"product_id": "P06", "price": 1235}, {"product_id": "P02", "price": 1991}], "date_of_purchase": "2019-01-03 03:21:00"}
{"customer_id": "C66", "basket": [{"product_id": "P45", "price": 1958}, {"product_id": "P43", "price": 764}], "date_of_purchase": "2019-01-03 18:41:00"}
{"customer_id": "C70", "basket": [{"product_id": "P36", "price": 580}, {"product_id": "P36", "price": 799}], "date_of_purchase": "2019-01-03 07:58:00"}
{"customer_id": "C73", "basket": [{"product_id": "P36", "price": 1598}], "date_of_purchase": "2019-01-03 10:32:00"}
{"customer_id": "C77", "basket": [{"product_id": "P12", "price": 184}, {"product_id": "P08", "price": 1000}], "date_of_purchase": "2019-01-03 12:32:00"}
{"customer_id": "C85", "basket": [{"product_id": "P26", "price": 1186}], "date_of_purchase": "2019-01-03 04:50:00"}
{"customer_id": "C89", "basket": [{"product_id": "P64", "price": 958}], "date_of_purchase": "2019-01-03 21:43:00"}
{"customer_id": "C95", "basket": [{"product_id": "P37", "price": 876}, {"product_id": "P38", "price": 1236}], "date_of_purchase": "2019-01-03 23:20:00"}
{"customer_id": "C100", "basket": [{"product_id": "P30", "price": 1813}], "date_of_purchase": "2019-01-03 16:09:00"}
{"customer_id": "C114", "basket": [{"product_id": "P40", "price": 18}, {"product_id": "P35", "price": 134}, {"product_id": "P35", "price": 1923}], "date_of_purchase": "2019-01-03 05:38:00"}
{"customer_id": "C118", "basket": [{"product_id": "P22", "price": 1961}], "date_of_purchase": "2019-01-03 16:50:00"}
{"customer_id": "C122", "basket": [{"product_id": "P32", "price": 162}], "date_of_purchase": "2019-01-03 03:56:00"}
{"customer_id": "C131", "basket": [{"product_id": "P63", "price": 190}], "date_of_purchase": "2019-01-03 18:51:00"}
{"customer_id": "C134", "basket": [{"product_id": "P29", "price": 888}, {"product_id": "P28", "price": 1829}], "date_of_purchase": "2019-01-03 22:50:00"}
