customer_id,basket,date_of_purchase
C2,"[{'product_id': 'P39', 'price': 1692}, {'product_id': 'P38', 'price': 825}]",2019-01-03 12:21:00
C4,"[{'product_id': 'P08', 'price': 807}, {'product_id': 'P05', 'price': 1475}, {'product_id': 'P05', 'price': 857}]",2019-01-03 13:28:00
C17,"[{'product_id': 'P07', 'price': 236}, {'product_id': 'P09', 'price': 939}]",2019-01-03 14:13:00
C19,"[{'product_id': 'P32', 'price': 192}, {'product_id': 'P28', 'price': 216}]",2019-01-03 17:40:00
C36,"[{'product_id': 'P62', 'price': 31}, {'product_id': 'P63', 'price': 413}]",2019-01-03 04:44:00
C40,"[{'product_id': 'P01', 'price': 657}]",2019-01-03 08:53:00
C44,"[{'product_id': 'P34', 'price': 474}, {'product_id': 'P31', 'price': 174}]",2019-01-03 20:08:00
C46,"[{'product_id': 'P30', 'price': 1809}, {'product_id': 'P27', 'price': 123}]",2019-01-03 03:38:00
C48,"[{'product_id': 'P40', 'price': 990}, {'product_id': 'P40', 'price': 1986}]",2019-01-03 08:35:00
C50,"[{'product_id': 'P11', 'price': 399}, {'product_id': 'P06', 'price': 1235}, {'product_id': 'P02', 'price': 1991}]",2019-01-03 03:21:00
C66,"[{'product_id': 'P45', 'price': 1958}, {'product_id': 'P43', 'price': 764}]",2019-01-03 18:41:00
C70,"[{'product_id': 'P36', 'price': 580}, {'product_id': 'P36', 'price': 799}]",2019-01-03 07:58:00
C73,"[{'product_id': 'P36', 'price': 1598}]",2019-01-03 10:32:00
C77,"[{'product_id': 'P12', 'price': 184}, {'product_id': 'P08', 'price': 1000}]",2019-01-03 12:32:00
C85,"[{'product_id': 'P26', 'price': 1186}]",2019-01-03 04:50:00
C89,"[{'product_id': 'P64', 'price': 958}]",2019-01-03 21:43:00
C95,"[{'product_id': 'P37', 'price': 876}, {'product_id': 'P38', 'price': 1236}]",2019-01-03 23:20:00
C100,"[{'product_id': 'P30', 'price': 1813}]",2019-01-03 16:09:00
C114,"[{'product_id': 'P40', 'price': 18}, {'product_id': 'P35', 'price': 134}, {'product_id': 'P35', 'price': 1923}]",2019-01-03 05:38:00
C118,"[{'product_id': 'P22', 'price': 1961}]",2019-01-03 16:50:00
C122,"[{'product_id': 'P32', 'price': 162}]",2019-01-03 03:56:00
C131,"[{'product_id': 'P63', 'price': 190}]",2019-01-03 18:51:00
C134,"[{'product_id': 'P29', 'price': 888}, {'product_id': 'P28', 'price': 1829}]",2019-01-03 22:50:00
