customer_id,basket,date_of_purchase
C2,"[{'product_id': 'P32', 'price': 959}, {'product_id': 'P24', 'price': 127}]",2019-02-24 21:56:00
C7,"[{'product_id': 'P27', 'price': 1910}, {'product_id': 'P31', 'price': 407}]",2019-02-24 22:59:00
C8,"[{'product_id': 'P45', 'price': 759}, {'product_id': 'P42', 'price': 260}, {'product_id': 'P41', 'price': 878}]",2019-02-24 17:40:00
C15,"[{'product_id': 'P37', 'price': 1726}]",2019-02-24 13:26:00
C19,"[{'product_id': 'P31', 'price': 1886}, {'product_id': 'P30', 'price': 273}]",2019-02-24 03:54:00
C25,"[{'product_id': 'P23', 'price': 339}, {'product_id': 'P30', 'price': 1470}]",2019-02-24 10:03:00
C31,"[{'product_id': 'P31', 'price': 781}, {'product_id': 'P23', 'price': 1707}, {'product_id': 'P31', 'price': 46}]",2019-02-24 05:58:00
C37,"[{'product_id': 'P37', 'price': 138}, {'product_id': 'P38', 'price': 622}]",2019-02-24 23:02:00
C42,"[{'product_id': 'P28', 'price': 951}, {'product_id': 'P22', 'price': 1615}, {'product_id': 'P26', 'price': 1405}]",2019-02-24 06:26:00
C47,"[{'product_id': 'P38', 'price': 592}, {'product_id': 'P40', 'price': 1969}]",2019-02-24 07:02:00
C52,"[{'product_id': 'P12', 'price': 1294}]",2019-02-24 14:24:00
C65,"[{'product_id': 'P63', 'price': 1885}, {'product_id': 'P62', 'price': 1756}, {'product_id': 'P62', 'price': 1944}]",2019-02-24 03:29:00
C71,"[{'product_id': 'P61', 'price': 1902}, {'product_id': 'P61', 'price': 1587}]",2019-02-24 11:06:00
C74,"[{'product_id': 'P46', 'price': 751}, {'product_id': 'P47', 'price': 518}]",2019-02-24 07:09:00
C80,"[{'product_id': 'P06', 'price': 479}]",2019-02-24 20:23:00
C82,"[{'product_id': 'P40', 'price': 911}, {'product_id': 'P38', 'price': 1208}, {'product_id': 'P39', 'price': 1985}]",2019-02-24 13:30:00
C84,"[{'product_id': 'P58', 'price': 1309}, {'product_id': 'P52', 'price': 326}]",2019-02-24 03:00:00
C85,"[{'product_id': 'P26', 'price': 1582}, {'product_id': 'P23', 'price': 1163}, {'product_id': 'P32', 'price': 1161}]",2019-02-24 13:51:00
C87,"[{'product_id': 'P38', 'price': 1241}, {'product_id': 'P40', 'price': 1837}]",2019-02-24 06:21:00
C99,"[{'product_id': 'P11', 'price': 1934}]",2019-02-24 09:30:00
C110,"[{'product_id': 'P62', 'price': 512}, {'product_id': 'P61', 'price': 1172}]",2019-02-24 13:11:00
C127,"[{'product_id': 'P01', 'price': 451}, {'product_id': 'P01', 'price': 357}, {'product_id': 'P05', 'price': 1566}]",2019-02-24 18:46:00
C128,"[{'product_id': 'P38', 'price': 66}, {'product_id': 'P39', 'price': 434}]",2019-02-24 20:02:00
C131,"[{'product_id': 'P58', 'price': 930}]",2019-02-24 14:19:00
C133,"[{'product_id': 'P38', 'price': 461}]",2019-02-24 21:50:00
