{"customer_id": "C2", "basket": [{"product_id": "P32", "price": 959}, {"product_id": "P24", "price": 127}], "date_of_purchase": "2019-02-24 21:56:00"}
{"customer_id": "C7", "basket": [{"product_id": "P27", "price": 1910}, {"product_id": "P31", "price": 407}], "date_of_purchase": "2019-02-24 22:59:00"}
{"customer_id": "C8", "basket": [{"product_id": "P45", "price": 759}, {"product_id": "P42", "price": 260}, {"product_id": "P41", "price": 878}], "date_of_purchase": "2019-02-24 17:40:00"}
{"customer_id": "C15", "basket": [{"product_id": "P37", "price": 1726}], "date_of_purchase": "2019-02-24 13:26:00"}
{"customer_id": "C19", "basket": [{"product_id": "P31", "price": 1886}, {"product_id": "P30", "price": 273}], "date_of_purchase": "2019-02-24 03:54:00"}
{"customer_id": "C25", "basket": [{"product_id": "P23", "price": 339}, {"product_id": "P30", "price": 1470}], "date_of_purchase": "2019-02-24 10:03:00"}
{"customer_id": "C31", "basket": [{"product_id": "P31", "price": 781}, {"product_id": "P23", "price": 1707}, {"product_id": "P31", "price": 46}], "date_of_purchase": "2019-02-24 05:58:00"}
{"customer_id": "C37", "basket": [{"product_id": "P37", "price": 138}, {"product_id": "P38", "price": 622}], "date_of_purchase": "2019-02-24 23:02:00"}
{"customer_id": "C42", "basket": [{"product_id": "P28", "price": 951}, {"product_id": "P22", "price": 1615}, {"product_id": "P26", "price": 1405}], "date_of_purchase": "2019-02-24 06:26:00"}
{"customer_id": "C47", "basket": [{"product_id": "P38", "price": 592}, {"product_id": "P40", "price": 1969}], "date_of_purchase": "2019-02-24 07:02:00"}
{"customer_id": "C52", "basket": [{"product_id": "P12", "price": 1294}], "date_of_purchase": "2019-02-24 14:24:00"}
{"customer_id": "C65", "basket": [{"product_id": "P63", "price": 1885}, {"product_id": "P62", "price": 1756}, {"product_id": "P62", "price": 1944}], "date_of_purchase": "2019-02-24 03:29:00"}
{"customer_id": "C71", "basket": [{"product_id": "P61", "price": 1902}, {"product_id": "P61", "price": 1587}], "date_of_purchase": "2019-02-24 11:06:00"}
{"customer_id": "C74", "basket": [{"product_id": "P46", "price": 751}, {"product_id": "P47", "price": 518}], "date_of_purchase": "2019-02-24 07:09:00"}
{"customer_id": "C80", "basket": [{"product_id": "P06", "price": 479}], "date_of_purchase": "2019-02-24 20:23:00"}
{"customer_id": "C82", "basket": [{"product_id": "P40", "price": 911}, {"product_id": "P38", "price": 1208}, {"product_id": "P39", "price": 1985}], "date_of_purchase": "2019-02-24 13:30:00"}
{"customer_id": "C84", "basket": [{"product_id": "P58", "price": 1309}, {"product_id": "P52", "price": 326}], "date_of_purchase": "2019-02-24 03:00:00"}
{"customer_id": "C85", "basket": [{"product_id": "P26", "price": 1582}, {"product_id": "P23", "price": 1163}, {"product_id": "P32", "price": 1161}], "date_of_purchase": "2019-02-24 13:51:00"}
{"customer_id": "C87", "basket": [{"product_id": "P38", "price": 1241}, {"product_id": "P40", "price": 1837}], "date_of_purchase": "2019-02-24 06:21:00"}
{"customer_id": "C99", "basket": [{"product_id": "P11", "price": 1934}], "date_of_purchase": "2019-02-24 09:30:00"}
{"customer_id": "C110", "basket": [{"product_id": "P62", "price": 512}, {"product_id": "P61", "price": 1172}], "date_of_purchase": "2019-02-24 13:11:00"}
{"customer_id": "C127", "basket": [{"product_id": "P01", "price": 451}, {"product_id": "P01", "price": 357}, {"product_id": "P05", "price": 1566}], "date_of_purchase": "2019-02-24 18:46:00"}
{"customer_id": "C128", "basket": [{"product_id": "P38", "price": 66}, {"product_id": "P39", "price": 434}], "date_of_purchase": "2019-02-24 20:02:00"}
{"customer_id": "C131", "basket": [{"product_id": "P58", "price": 930}], "date_of_purchase": "2019-02-24 14:19:00"}
{"customer_id": "C133", "basket": [{"product_id": "P38", "price": 461}], "date_of_purchase": "2019-02-24 21:50:00"}
