{"customer_id": "C7", "basket": [{"product_id": "P27", "price": 1021}, {"product_id": "P23", "price": 1919}, {"product_id": "P27", "price": 120}], "date_of_purchase": "2019-02-03 16:37:00"}
{"customer_id": "C21", "basket": [{"product_id": "P32", "price": 125}], "date_of_purchase": "2019-02-03 03:20:00"}
{"customer_id": "C30", "basket": [{"product_id": "P30", "price": 1533}, {"product_id": "P33", "price": 791}, {"product_id": "P34", "price": 377}], "date_of_purchase": "2019-02-03 03:17:00"}
{"customer_id": "C35", "basket": [{"product_id": "P36", "price": 682}, {"product_id": "P36", "price": 951}, {"product_id": "P37", "price": 1091}], "date_of_purchase": "2019-02-03 04:12:00"}
{"customer_id": "C41", "basket": [{"product_id": "P56", "price": 632}], "date_of_purchase": "2019-02-03 08:07:00"}
{"customer_id": "C43", "basket": [{"product_id": "P12", "price": 127}], "date_of_purchase": "2019-02-03 18:07:00"}
{"customer_id": "C47", "basket": [{"product_id": "P36", "price": 1048}, {"product_id": "P40", "price": 228}], "date_of_purchase": "2019-02-03 18:10:00"}
{"customer_id": "C54", "basket": [{"product_id": "P56", "price": 456}, {"product_id": "P46", "price": 184}, {"product_id": "P49", "price": 602}], "date_of_purchase": "2019-02-03 12:06:00"}
{"customer_id": "C77", "basket": [{"product_id": "P06", "price": 911}, {"product_id": "P11", "price": 740}], "date_of_purchase": "2019-02-03 06:00:00"}
{"customer_id": "C81", "basket": [{"product_id": "P52", "price": 42}, {"product_id": "P46", "price": 1594}, {"product_id": "P43", "price": 1562}], "date_of_purchase": "2019-02-03 08:57:00"}
{"customer_id": "C83", "basket": [{"product_id": "P24", "price": 1752}, {"product_id": "P31", "price": 1434}, {"product_id": "P27", "price": 1499}], "date_of_purchase": "2019-02-03 18:14:00"}
{"customer_id": "C92", "basket": [{"product_id": "P61", "price": 1263}], "date_of_purchase": "2019-02-03 22:55:00"}
{"customer_id": "C101", "basket": [{"product_id": "P62", "price": 375}], "date_of_purchase": "2019-02-03 09:37:00"}
{"customer_id": "C102", "basket": [{"product_id": "P24", "price": 691}, {"product_id": "P24", "price": 1119}, {"product_id": "P27", "price": 195}], "date_of_purchase": "2019-02-03 21:03:00"}
{"customer_id": "C106", "basket": [{"product_id": "P33", "price": 1522}], "date_of_purchase": "2019-02-03 14:21:00"}
{"customer_id": "C121", "basket": [{"product_id": "P07", "price": 1017}, {"product_id": "P10", "price": 776}], "date_of_purchase": "2019-02-03 04:51:00"}
{"customer_id": "C125", "basket": [{"product_id": "P22", "price": 1755}, {"product_id": "P28", "price": 1388}, {"product_id": "P31", "price": 1732}], "date_of_purchase": "2019-02-03 20:39:00"}
{"customer_id": "C130", "basket": [{"product_id": "P06", "price": 1505}], "date_of_purchase": "2019-02-03 21:28:00"}
{"customer_id": "C134", "basket": [{"product_id": "P32", "price": 702}, {"product_id": "P33", "price": 764}], "date_of_purchase": "2019-02-03 04:08:00"}
