customer_id,basket,date_of_purchase
C7,"[{'product_id': 'P27', 'price': 1021}, {'product_id': 'P23', 'price': 1919}, {'product_id': 'P27', 'price': 120}]",2019-02-03 16:37:00
C21,"[{'product_id': 'P32', 'price': 125}]",2019-02-03 03:20:00
C30,"[{'product_id': 'P30', 'price': 1533}, {'product_id': 'P33', 'price': 791}, {'product_id': 'P34', 'price': 377}]",2019-02-03 03:17:00
C35,"[{'product_id': 'P36', 'price': 682}, {'product_id': 'P36', 'price': 951}, {'product_id': 'P37', 'price': 1091}]",2019-02-03 04:12:00
C41,"[{'product_id': 'P56', 'price': 632}]",2019-02-03 08:07:00
C43,"[{'product_id': 'P12', 'price': 127}]",2019-02-03 18:07:00
C47,"[{'product_id': 'P36', 'price': 1048}, {'product_id': 'P40', 'price': 228}]",2019-02-03 18:10:00
C54,"[{'product_id': 'P56', 'price': 456}, {'product_id': 'P46', 'price': 184}, {'product_id': 'P49', 'price': 602}]",2019-02-03 12:06:00
C77,"[{'product_id': 'P06', 'price': 911}, {'product_id': 'P11', 'price': 740}]",2019-02-03 06:00:00
C81,"[{'product_id': 'P52', 'price': 42}, {'product_id': 'P46', 'price': 1594}, {'product_id': 'P43', 'price': 1562}]",2019-02-03 08:57:00
C83,"[{'product_id': 'P24', 'price': 1752}, {'product_id': 'P31', 'price': 1434}, {'product_id': 'P27', 'price': 1499}]",2019-02-03 18:14:00
C92,"[{'product_id': 'P61', 'price': 1263}]",2019-02-03 22:55:00
C101,"[{'product_id': 'P62', 'price': 375}]",2019-02-03 09:37:00
C102,"[{'product_id': 'P24', 'price': 691}, {'product_id': 'P24', 'price': 1119}, {'product_id': 'P27', 'price': 195}]",2019-02-03 21:03:00
C106,"[{'product_id': 'P33', 'price': 1522}]",2019-02-03 14:21:00
C121,"[{'product_id': 'P07', 'price': 1017}, {'product_id': 'P10', 'price': 776}]",2019-02-03 04:51:00
C125,"[{'product_id': 'P22', 'price': 1755}, {'product_id': 'P28', 'price': 1388}, {'product_id': 'P31', 'price': 1732}]",2019-02-03 20:39:00
C130,"[{'product_id': 'P06', 'price': 1505}]",2019-02-03 21:28:00
C134,"[{'product_id': 'P32', 'price': 702}, {'product_id': 'P33', 'price': 764}]",2019-02-03 04:08:00
