{"customer_id": "C2", "basket": [{"product_id": "P53", "price": 1085}, {"product_id": "P56", "price": 446}], "date_of_purchase": "2018-12-24 11:28:00"}
{"customer_id": "C4", "basket": [{"product_id": "P62", "price": 1997}], "date_of_purchase": "2018-12-24 22:29:00"}
{"customer_id": "C8", "basket": [{"product_id": "P45", "price": 1203}, {"product_id": "P50", "price": 103}, {"product_id": "P60", "price": 153}], "date_of_purchase": "2018-12-24 14:47:00"}
{"customer_id": "C25", "basket": [{"product_id": "P60", "price": 953}, {"product_id": "P43", "price": 361}], "date_of_purchase": "2018-12-24 05:42:00"}
{"customer_id": "C27", "basket": [{"product_id": "P30", "price": 407}], "date_of_purchase": "2018-12-24 15:45:00"}
{"customer_id": "C29", "basket": [{"product_id": "P17", "price": 621}, {"product_id": "P18", "price": 1870}, {"product_id": "P21", "price": 1853}], "date_of_purchase": "2018-12-24 09:25:00"}
{"customer_id": "C30", "basket": [{"product_id": "P25", "price": 274}, {"product_id": "P24", "price": 1657}, {"product_id": "P29", "price": 1961}], "date_of_purchase": "2018-12-24 23:40:00"}
{"customer_id": "C40", "basket": [{"product_id": "P12", "price": 530}, {"product_id": "P09", "price": 1791}], "date_of_purchase": "2018-12-24 18:38:00"}
{"customer_id": "C48", "basket": [{"product_id": "P59", "price": 255}], "date_of_purchase": "2018-12-24 04:04:00"}
{"customer_id": "C50", "basket": [{"product_id": "P58", "price": 1241}, {"product_id": "P46", "price": 1983}], "date_of_purchase": "2018-12-24 17:13:00"}
{"customer_id": "C57", "basket": [{"product_id": "P64", "price": 140}, {"product_id": "P63", "price": 1218}], "date_of_purchase": "2018-12-24 06:53:00"}
{"customer_id": "C58", "basket": [{"product_id": "P30", "price": 1730}, {"product_id": "P30", "price": 1229}], "date_of_purchase": "2018-12-24 18:52:00"}
{"customer_id": "C65", "basket": [{"product_id": "P62", "price": 1414}, {"product_id": "P63", "price": 917}, {"product_id": "P64", "price": 178}], "date_of_purchase": "2018-12-24 18:32:00"}
{"customer_id": "C74", "basket": [{"product_id": "P44", "price": 1369}], "date_of_purchase": "2018-12-24 05:43:00"}
{"customer_id": "C75", "basket": [{"product_id": "P55", "price": 593}, {"product_id": "P48", "price": 608}], "date_of_purchase": "2018-12-24 08:32:00"}
{"customer_id": "C76", "basket": [{"product_id": "P63", "price": 249}, {"product_id": "P63", "price": 1363}, {"product_id": "P64", "price": 28}], "date_of_purchase": "2018-12-24 08:12:00"}
{"customer_id": "C77", "basket": [{"product_id": "P62", "price": 739}, {"product_id": "P61", "price": 495}, {"product_id": "P63", "price": 909}], "date_of_purchase": "2018-12-24 08:53:00"}
{"customer_id": "C82", "basket": [{"product_id": "P40", "price": 1856}], "date_of_purchase": "2018-12-24 10:34:00"}
{"customer_id": "C83", "basket": [{"product_id": "P29", "price": 1604}, {"product_id": "P33", "price": 146}], "date_of_purchase": "2018-12-24 10:37:00"}
{"customer_id": "C91", "basket": [{"product_id": "P22", "price": 1783}], "date_of_purchase": "2018-12-24 04:16:00"}
{"customer_id": "C99", "basket": [{"product_id": "P04", "price": 278}, {"product_id": "P03", "price": 865}], "date_of_purchase": "2018-12-24 19:13:00"}
{"customer_id": "C105", "basket": [{"product_id": "P04", "price": 1068}], "date_of_purchase": "2018-12-24 11:15:00"}
{"customer_id": "C110", "basket": [{"product_id": "P64", "price": 1031}, {"product_id": "P64", "price": 1083}, {"product_id": "P63", "price": 38}], "date_of_purchase": "2018-12-24 14:31:00"}
{"customer_id": "C129", "basket": [{"product_id": "P64", "price": 230}, {"product_id": "P63", "price": 1887}], "date_of_purchase": "2018-12-24 10:34:00"}
