customer_id,basket,date_of_purchase
C2,"[{'product_id': 'P53', 'price': 1085}, {'product_id': 'P56', 'price': 446}]",2018-12-24 11:28:00
C4,"[{'product_id': 'P62', 'price': 1997}]",2018-12-24 22:29:00
C8,"[{'product_id': 'P45', 'price': 1203}, {'product_id': 'P50', 'price': 103}, {'product_id': 'P60', 'price': 153}]",2018-12-24 14:47:00
C25,"[{'product_id': 'P60', 'price': 953}, {'product_id': 'P43', 'price': 361}]",2018-12-24 05:42:00
C27,"[{'product_id': 'P30', 'price': 407}]",2018-12-24 15:45:00
C29,"[{'product_id': 'P17', 'price': 621}, {'product_id': 'P18', 'price': 1870}, {'product_id': 'P21', 'price': 1853}]",2018-12-24 09:25:00
C30,"[{'product_id': 'P25', 'price': 274}, {'product_id': 'P24', 'price': 1657}, {'product_id': 'P29', 'price': 1961}]",2018-12-24 23:40:00
C40,"[{'product_id': 'P12', 'price': 530}, {'product_id': 'P09', 'price': 1791}]",2018-12-24 18:38:00
C48,"[{'product_id': 'P59', 'price': 255}]",2018-12-24 04:04:00
C50,"[{'product_id': 'P58', 'price': 1241}, {'product_id': 'P46', 'price': 1983}]",2018-12-24 17:13:00
C57,"[{'product_id': 'P64', 'price': 140}, {'product_id': 'P63', 'price': 1218}]",2018-12-24 06:53:00
C58,"[{'product_id': 'P30', 'price': 1730}, {'product_id': 'P30', 'price': 1229}]",2018-12-24 18:52:00
C65,"[{'product_id': 'P62', 'price': 1414}, {'product_id': 'P63', 'price': 917}, {'product_id': 'P64', 'price': 178}]",2018-12-24 18:32:00
C74,"[{'product_id': 'P44', 'price': 1369}]",2018-12-24 05:43:00
C75,"[{'product_id': 'P55', 'price': 593}, {'product_id': 'P48', 'price': 608}]",2018-12-24 08:32:00
C76,"[{'product_id': 'P63', 'price': 249}, {'product_id': 'P63', 'price': 1363}, {'product_id': 'P64', 'price': 28}]",2018-12-24 08:12:00
C77,"[{'product_id': 'P62', 'price': 739}, {'product_id': 'P61', 'price': 495}, {'product_id': 'P63', 'price': 909}]",2018-12-24 08:53:00
C82,"[{'product_id': 'P40', 'price': 1856}]",2018-12-24 10:34:00
C83,"[{'product_id': 'P29', 'price': 1604}, {'product_id': 'P33', 'price': 146}]",2018-12-24 10:37:00
C91,"[{'product_id': 'P22', 'price': 1783}]",2018-12-24 04:16:00
C99,"[{'product_id': 'P04', 'price': 278}, {'product_id': 'P03', 'price': 865}]",2018-12-24 19:13:00
C105,"[{'product_id': 'P04', 'price': 1068}]",2018-12-24 11:15:00
C110,"[{'product_id': 'P64', 'price': 1031}, {'product_id': 'P64', 'price': 1083}, {'product_id': 'P63', 'price': 38}]",2018-12-24 14:31:00
C129,"[{'product_id': 'P64', 'price': 230}, {'product_id': 'P63', 'price': 1887}]",2018-12-24 10:34:00
