customer_id,basket,date_of_purchase
C9,"[{'product_id': 'P38', 'price': 376}, {'product_id': 'P39', 'price': 710}, {'product_id': 'P39', 'price': 1613}]",2019-02-28 20:17:00
C31,"[{'product_id': 'P40', 'price': 1761}]",2019-02-28 14:53:00
C32,"[{'product_id': 'P23', 'price': 1018}]",2019-02-28 14:20:00
C33,"[{'product_id': 'P09', 'price': 1812}, {'product_id': 'P06', 'price': 1969}, {'product_id': 'P09', 'price': 1540}]",2019-02-28 21:44:00
C49,"[{'product_id': 'P25', 'price': 1028}, {'product_id': 'P26', 'price': 1209}]",2019-02-28 06:01:00
C59,"[{'product_id': 'P60', 'price': 755}, {'product_id': 'P51', 'price': 1785}]",2019-02-28 04:56:00
C65,"[{'product_id': 'P49', 'price': 181}, {'product_id': 'P56', 'price': 1255}]",2019-02-28 21:28:00
C70,"[{'product_id': 'P31', 'price': 671}, {'product_id': 'P26', 'price': 1729}, {'product_id': 'P32', 'price': 351}]",2019-02-28 11:45:00
C79,"[{'product_id': 'P01', 'price': 1818}, {'product_id': 'P02', 'price': 441}]",2019-02-28 05:27:00
C81,"[{'product_id': 'P38', 'price': 1122}, {'product_id': 'P35', 'price': 1836}, {'product_id': 'P39', 'price': 1303}]",2019-02-28 10:29:00
C82,"[{'product_id': 'P39', 'price': 1723}, {'product_id': 'P36', 'price': 624}, {'product_id': 'P37', 'price': 659}]",2019-02-28 15:21:00
C86,"[{'product_id': 'P38', 'price': 1149}, {'product_id': 'P37', 'price': 966}]",2019-02-28 21:28:00
C88,"[{'product_id': 'P54', 'price': 678}]",2019-02-28 20:51:00
C101,"[{'product_id': 'P64', 'price': 1507}, {'product_id': 'P62', 'price': 24}]",2019-02-28 23:46:00
C106,"[{'product_id': 'P34', 'price': 698}]",2019-02-28 13:23:00
C115,"[{'product_id': 'P49', 'price': 907}]",2019-02-28 13:24:00
C117,"[{'product_id': 'P63', 'price': 1074}, {'product_id': 'P61', 'price': 700}]",2019-02-28 04:46:00
C118,"[{'product_id': 'P25', 'price': 756}, {'product_id': 'P23', 'price': 1499}, {'product_id': 'P31', 'price': 755}]",2019-02-28 03:15:00
C126,"[{'product_id': 'P09', 'price': 956}, {'product_id': 'P12', 'price': 380}, {'product_id': 'P01', 'price': 923}]",2019-02-28 04:02:00
C129,"[{'product_id': 'P28', 'price': 901}]",2019-02-28 17:47:00
