{"customer_id": "C9", "basket": [{"product_id": "P38", "price": 376}, {"product_id": "P39", "price": 710}, {"product_id": "P39", "price": 1613}], "date_of_purchase": "2019-02-28 20:17:00"}
{"customer_id": "C31", "basket": [{"product_id": "P40", "price": 1761}], "date_of_purchase": "2019-02-28 14:53:00"}
{"customer_id": "C32", "basket": [{"product_id": "P23", "price": 1018}], "date_of_purchase": "2019-02-28 14:20:00"}
{"customer_id": "C33", "basket": [{"product_id": "P09", "price": 1812}, {"product_id": "P06", "price": 1969}, {"product_id": "P09", "price": 1540}], "date_of_purchase": "2019-02-28 21:44:00"}
{"customer_id": "C49", "basket": [{"product_id": "P25", "price": 1028}, {"product_id": "P26", "price": 1209}], "date_of_purchase": "2019-02-28 06:01:00"}
{"customer_id": "C59", "basket": [{"product_id": "P60", "price": 755}, {"product_id": "P51", "price": 1785}], "date_of_purchase": "2019-02-28 04:56:00"}
{"customer_id": "C65", "basket": [{"product_id": "P49", "price": 181}, {"product_id": "P56", "price": 1255}], "date_of_purchase": "2019-02-28 21:28:00"}
{"customer_id": "C70", "basket": [{"product_id": "P31", "price": 671}, {"product_id": "P26", "price": 1729}, {"product_id": "P32", "price": 351}], "date_of_purchase": "2019-02-28 11:45:00"}
{"customer_id": "C79", "basket": [{"product_id": "P01", "price": 1818}, {"product_id": "P02", "price": 441}], "date_of_purchase": "2019-02-28 05:27:00"}
{"customer_id": "C81", "basket": [{"product_id": "P38", "price": 1122}, {"product_id": "P35", "price": 1836}, {"product_id": "P39", "price": 1303}], "date_of_purchase": "2019-02-28 10:29:00"}
{"customer_id": "C82", "basket": [{"product_id": "P39", "price": 1723}, {"product_id": "P36", "price": 624}, {"product_id": "P37", "price": 659}], "date_of_purchase": "2019-02-28 15:21:00"}
{"customer_id": "C86", "basket": [{"product_id": "P38", "price": 1149}, {"product_id": "P37", "price": 966}], "date_of_purchase": "2019-02-28 21:28:00"}
{"customer_id": "C88", "basket": [{"product_id": "P54", "price": 678}], "date_of_purchase": "2019-02-28 20:51:00"}
{"customer_id": "C101", "basket": [{"product_id": "P64", "price": 1507}, {"product_id": "P62", "price": 24}], "date_of_purchase": "2019-02-28 23:46:00"}
{"customer_id": "C106", "basket": [{"product_id": "P34", "price": 698}], "date_of_purchase": "2019-02-28 13:23:00"}
{"customer_id": "C115", "basket": [{"product_id": "P49", "price": 907}], "date_of_purchase": "2019-02-28 13:24:00"}
{"customer_id": "C117", "basket": [{"product_id": "P63", "price": 1074}, {"product_id": "P61", "price": 700}], "date_of_purchase": "2019-02-28 04:46:00"}
{"customer_id": "C118", "basket": [{"product_id": "P25", "price": 756}, {"product_id": "P23", "price": 1499}, {"product_id": "P31", "price": 755}], "date_of_purchase": "2019-02-28 03:15:00"}
{"customer_id": "C126", "basket": [{"product_id": "P09", "price": 956}, {"product_id": "P12", "price": 380}, {"product_id": "P01", "price": 923}], "date_of_purchase": "2019-02-28 04:02:00"}
{"customer_id": "C129", "basket": [{"product_id": "P28", "price": 901}], "date_of_purchase": "2019-02-28 17:47:00"}
