{"customer_id": "C3", "basket": [{"product_id": "P22", "price": 809}, {"product_id": "P34", "price": 501}], "date_of_purchase": "2019-01-19 06:35:00"}
{"customer_id": "C8", "basket": [{"product_id": "P50", "price": 1235}, {"product_id": "P49", "price": 1455}], "date_of_purchase": "2019-01-19 22:21:00"}
{"customer_id": "C19", "basket": [{"product_id": "P30", "price": 115}, {"product_id": "P27", "price": 1948}], "date_of_purchase": "2019-01-19 03:03:00"}
{"customer_id": "C22", "basket": [{"product_id": "P50", "price": 1804}, {"product_id": "P41", "price": 519}, {"product_id": "P45", "price": 1775}], "date_of_purchase": "2019-01-19 16:08:00"}
{"customer_id": "C29", "basket": [{"product_id": "P22", "price": 1736}, {"product_id": "P26", "price": 1178}, {"product_id": "P24", "price": 1344}], "date_of_purchase": "2019-01-19 20:53:00"}
{"customer_id": "C30", "basket": [{"product_id": "P07", "price": 963}, {"product_id": "P02", "price": 383}], "date_of_purchase": "2019-01-19 06:19:00"}
{"customer_id": "C36", "basket": [{"product_id": "P21", "price": 1791}, {"product_id": "P14", "price": 1612}], "date_of_purchase": "2019-01-19 07:24:00"}
{"customer_id": "C40", "basket": [{"product_id": "P09", "price": 992}, {"product_id": "P06", "price": 328}, {"product_id": "P05", "price": 1492}], "date_of_purchase": "2019-01-19 15:49:00"}
{"customer_id": "C44", "basket": [{"product_id": "P23", "price": 1795}, {"product_id": "P33", "price": 1893}], "date_of_purchase": "2019-01-19 16:27:00"}
{"customer_id": "C46", "basket": [{"product_id": "P27", "price": 1879}], "date_of_purchase": "2019-01-19 12:21:00"}
{"customer_id": "C48", "basket": [{"product_id": "P49", "price": 1675}], "date_of_purchase": "2019-01-19 22:03:00"}
{"customer_id": "C51", "basket": [{"product_id": "P09", "price": 900}], "date_of_purchase": "2019-01-19 08:53:00"}
{"customer_id": "C55", "basket": [{"product_id": "P11", "price": 154}], "date_of_purchase": "2019-01-19 04:17:00"}
{"customer_id": "C58", "basket": [{"product_id": "P22", "price": 1981}, {"product_id": "P33", "price": 786}], "date_of_purchase": "2019-01-19 03:33:00"}
{"customer_id": "C93", "basket": [{"product_id": "P52", "price": 1036}, {"product_id": "P57", "price": 1388}], "date_of_purchase": "2019-01-19 19:45:00"}
{"customer_id": "C108", "basket": [{"product_id": "P34", "price": 339}], "date_of_purchase": "2019-01-19 04:22:00"}
{"customer_id": "C116", "basket": [{"product_id": "P24", "price": 410}, {"product_id": "P28", "price": 1651}], "date_of_purchase": "2019-01-19 21:24:00"}
{"customer_id": "C127", "basket": [{"product_id": "P45", "price": 1935}, {"product_id": "P47", "price": 1048}], "date_of_purchase": "2019-01-19 17:14:00"}
{"customer_id": "C131", "basket": [{"product_id": "P64", "price": 1610}, {"product_id": "P62", "price": 1267}, {"product_id": "P63", "price": 1970}], "date_of_purchase": "2019-01-19 08:14:00"}
{"customer_id": "C133", "basket": [{"product_id": "P36", "price": 453}, {"product_id": "P37", "price": 1213}, {"product_id": "P40", "price": 1221}], "date_of_purchase": "2019-01-19 09:48:00"}
{"customer_id": "C135", "basket": [{"product_id": "P38", "price": 506}], "date_of_purchase": "2019-01-19 08:06:00"}
