customer_id,basket,date_of_purchase
C3,"[{'product_id': 'P22', 'price': 809}, {'product_id': 'P34', 'price': 501}]",2019-01-19 06:35:00
C8,"[{'product_id': 'P50', 'price': 1235}, {'product_id': 'P49', 'price': 1455}]",2019-01-19 22:21:00
C19,"[{'product_id': 'P30', 'price': 115}, {'product_id': 'P27', 'price': 1948}]",2019-01-19 03:03:00
C22,"[{'product_id': 'P50', 'price': 1804}, {'product_id': 'P41', 'price': 519}, {'product_id': 'P45', 'price': 1775}]",2019-01-19 16:08:00
C29,"[{'product_id': 'P22', 'price': 1736}, {'product_id': 'P26', 'price': 1178}, {'product_id': 'P24', 'price': 1344}]",2019-01-19 20:53:00
C30,"[{'product_id': 'P07', 'price': 963}, {'product_id': 'P02', 'price': 383}]",2019-01-19 06:19:00
C36,"[{'product_id': 'P21', 'price': 1791}, {'product_id': 'P14', 'price': 1612}]",2019-01-19 07:24:00
C40,"[{'product_id': 'P09', 'price': 992}, {'product_id': 'P06', 'price': 328}, {'product_id': 'P05', 'price': 1492}]",2019-01-19 15:49:00
C44,"[{'product_id': 'P23', 'price': 1795}, {'product_id': 'P33', 'price': 1893}]",2019-01-19 16:27:00
C46,"[{'product_id': 'P27', 'price': 1879}]",2019-01-19 12:21:00
C48,"[{'product_id': 'P49', 'price': 1675}]",2019-01-19 22:03:00
C51,"[{'product_id': 'P09', 'price': 900}]",2019-01-19 08:53:00
C55,"[{'product_id': 'P11', 'price': 154}]",2019-01-19 04:17:00
C58,"[{'product_id': 'P22', 'price': 1981}, {'product_id': 'P33', 'price': 786}]",2019-01-19 03:33:00
C93,"[{'product_id': 'P52', 'price': 1036}, {'product_id': 'P57', 'price': 1388}]",2019-01-19 19:45:00
C108,"[{'product_id': 'P34', 'price': 339}]",2019-01-19 04:22:00
C116,"[{'product_id': 'P24', 'price': 410}, {'product_id': 'P28', 'price': 1651}]",2019-01-19 21:24:00
C127,"[{'product_id': 'P45', 'price': 1935}, {'product_id': 'P47', 'price': 1048}]",2019-01-19 17:14:00
C131,"[{'product_id': 'P64', 'price': 1610}, {'product_id': 'P62', 'price': 1267}, {'product_id': 'P63', 'price': 1970}]",2019-01-19 08:14:00
C133,"[{'product_id': 'P36', 'price': 453}, {'product_id': 'P37', 'price': 1213}, {'product_id': 'P40', 'price': 1221}]",2019-01-19 09:48:00
C135,"[{'product_id': 'P38', 'price': 506}]",2019-01-19 08:06:00
