customer_id,basket,date_of_purchase
C9,"[{'product_id': 'P07', 'price': 1701}, {'product_id': 'P10', 'price': 568}]",2019-02-10 17:54:00
C19,"[{'product_id': 'P27', 'price': 1046}, {'product_id': 'P27', 'price': 2000}, {'product_id': 'P34', 'price': 1222}]",2019-02-10 15:50:00
C24,"[{'product_id': 'P41', 'price': 1613}]",2019-02-10 17:46:00
C40,"[{'product_id': 'P04', 'price': 880}]",2019-02-10 21:06:00
C44,"[{'product_id': 'P64', 'price': 1497}]",2019-02-10 23:51:00
C48,"[{'product_id': 'P46', 'price': 1586}]",2019-02-10 13:08:00
C61,"[{'product_id': 'P37', 'price': 837}]",2019-02-10 18:32:00
C64,"[{'product_id': 'P26', 'price': 1324}, {'product_id': 'P26', 'price': 1531}]",2019-02-10 15:23:00
C74,"[{'product_id': 'P45', 'price': 1259}, {'product_id': 'P42', 'price': 654}, {'product_id': 'P50', 'price': 1450}]",2019-02-10 11:38:00
C81,"[{'product_id': 'P03', 'price': 1030}, {'product_id': 'P01', 'price': 1521}, {'product_id': 'P04', 'price': 898}]",2019-02-10 12:06:00
C93,"[{'product_id': 'P51', 'price': 1772}, {'product_id': 'P41', 'price': 63}, {'product_id': 'P57', 'price': 723}]",2019-02-10 16:28:00
C95,"[{'product_id': 'P24', 'price': 749}, {'product_id': 'P25', 'price': 1472}, {'product_id': 'P23', 'price': 875}]",2019-02-10 08:55:00
C98,"[{'product_id': 'P28', 'price': 872}, {'product_id': 'P31', 'price': 1995}, {'product_id': 'P34', 'price': 208}]",2019-02-10 12:37:00
C100,"[{'product_id': 'P25', 'price': 718}]",2019-02-10 19:44:00
C107,"[{'product_id': 'P45', 'price': 143}, {'product_id': 'P58', 'price': 656}]",2019-02-10 08:00:00
C111,"[{'product_id': 'P58', 'price': 1541}, {'product_id': 'P53', 'price': 1382}, {'product_id': 'P54', 'price': 148}]",2019-02-10 14:03:00
C115,"[{'product_id': 'P31', 'price': 658}, {'product_id': 'P34', 'price': 867}]",2019-02-10 14:30:00
C128,"[{'product_id': 'P40', 'price': 1219}, {'product_id': 'P38', 'price': 750}]",2019-02-10 16:52:00
C129,"[{'product_id': 'P63', 'price': 906}, {'product_id': 'P61', 'price': 271}, {'product_id': 'P62', 'price': 1639}]",2019-02-10 21:49:00
C132,"[{'product_id': 'P03', 'price': 1030}, {'product_id': 'P10', 'price': 636}]",2019-02-10 09:45:00
C133,"[{'product_id': 'P35', 'price': 881}, {'product_id': 'P35', 'price': 1073}, {'product_id': 'P37', 'price': 679}]",2019-02-10 04:54:00
