{"customer_id": "C9", "basket": [{"product_id": "P07", "price": 1701}, {"product_id": "P10", "price": 568}], "date_of_purchase": "2019-02-10 17:54:00"}
{"customer_id": "C19", "basket": [{"product_id": "P27", "price": 1046}, {"product_id": "P27", "price": 2000}, {"product_id": "P34", "price": 1222}], "date_of_purchase": "2019-02-10 15:50:00"}
{"customer_id": "C24", "basket": [{"product_id": "P41", "price": 1613}], "date_of_purchase": "2019-02-10 17:46:00"}
{"customer_id": "C40", "basket": [{"product_id": "P04", "price": 880}], "date_of_purchase": "2019-02-10 21:06:00"}
{"customer_id": "C44", "basket": [{"product_id": "P64", "price": 1497}], "date_of_purchase": "2019-02-10 23:51:00"}
{"customer_id": "C48", "basket": [{"product_id": "P46", "price": 1586}], "date_of_purchase": "2019-02-10 13:08:00"}
{"customer_id": "C61", "basket": [{"product_id": "P37", "price": 837}], "date_of_purchase": "2019-02-10 18:32:00"}
{"customer_id": "C64", "basket": [{"product_id": "P26", "price": 1324}, {"product_id": "P26", "price": 1531}], "date_of_purchase": "2019-02-10 15:23:00"}
{"customer_id": "C74", "basket": [{"product_id": "P45", "price": 1259}, {"product_id": "P42", "price": 654}, {"product_id": "P50", "price": 1450}], "date_of_purchase": "2019-02-10 11:38:00"}
{"customer_id": "C81", "basket": [{"product_id": "P03", "price": 1030}, {"product_id": "P01", "price": 1521}, {"product_id": "P04", "price": 898}], "date_of_purchase": "2019-02-10 12:06:00"}
{"customer_id": "C93", "basket": [{"product_id": "P51", "price": 1772}, {"product_id": "P41", "price": 63}, {"product_id": "P57", "price": 723}], "date_of_purchase": "2019-02-10 16:28:00"}
{"customer_id": "C95", "basket": [{"product_id": "P24", "price": 749}, {"product_id": "P25", "price": 1472}, {"product_id": "P23", "price": 875}], "date_of_purchase": "2019-02-10 08:55:00"}
{"customer_id": "C98", "basket": [{"product_id": "P28", "price": 872}, {"product_id": "P31", "price": 1995}, {"product_id": "P34", "price": 208}], "date_of_purchase": "2019-02-10 12:37:00"}
{"customer_id": "C100", "basket": [{"product_id": "P25", "price": 718}], "date_of_purchase": "2019-02-10 19:44:00"}
{"customer_id": "C107", "basket": [{"product_id": "P45", "price": 143}, {"product_id": "P58", "price": 656}], "date_of_purchase": "2019-02-10 08:00:00"}
{"customer_id": "C111", "basket": [{"product_id": "P58", "price": 1541}, {"product_id": "P53", "price": 1382}, {"product_id": "P54", "price": 148}], "date_of_purchase": "2019-02-10 14:03:00"}
{"customer_id": "C115", "basket": [{"product_id": "P31", "price": 658}, {"product_id": "P34", "price": 867}], "date_of_purchase": "2019-02-10 14:30:00"}
{"customer_id": "C128", "basket": [{"product_id": "P40", "price": 1219}, {"product_id": "P38", "price": 750}], "date_of_purchase": "2019-02-10 16:52:00"}
{"customer_id": "C129", "basket": [{"product_id": "P63", "price": 906}, {"product_id": "P61", "price": 271}, {"product_id": "P62", "price": 1639}], "date_of_purchase": "2019-02-10 21:49:00"}
{"customer_id": "C132", "basket": [{"product_id": "P03", "price": 1030}, {"product_id": "P10", "price": 636}], "date_of_purchase": "2019-02-10 09:45:00"}
{"customer_id": "C133", "basket": [{"product_id": "P35", "price": 881}, {"product_id": "P35", "price": 1073}, {"product_id": "P37", "price": 679}], "date_of_purchase": "2019-02-10 04:54:00"}
