customer_id,loyalty_score,filename,product_id,product_description,product_category,basket,date_of_purchase
C1,7.0,customers.csv,,,,,
C2,4.0,customers.csv,,,,,
C3,8.0,customers.csv,,,,,
C4,5.0,customers.csv,,,,,
C5,7.0,customers.csv,,,,,
C6,10.0,customers.csv,,,,,
C7,3.0,customers.csv,,,,,
C8,7.0,customers.csv,,,,,
C9,8.0,customers.csv,,,,,
C10,5.0,customers.csv,,,,,
C11,4.0,customers.csv,,,,,
C12,8.0,customers.csv,,,,,
C13,8.0,customers.csv,,,,,
C14,3.0,customers.csv,,,,,
C15,6.0,customers.csv,,,,,
C16,5.0,customers.csv,,,,,
C17,2.0,customers.csv,,,,,
C18,8.0,customers.csv,,,,,
C19,6.0,customers.csv,,,,,
C20,2.0,customers.csv,,,,,
C21,5.0,customers.csv,,,,,
C22,1.0,customers.csv,,,,,
C23,10.0,customers.csv,,,,,
C24,6.0,customers.csv,,,,,
C25,9.0,customers.csv,,,,,
C26,1.0,customers.csv,,,,,
C27,10.0,customers.csv,,,,,
C28,3.0,customers.csv,,,,,
C29,7.0,customers.csv,,,,,
C30,4.0,customers.csv,,,,,
C31,9.0,customers.csv,,,,,
C32,3.0,customers.csv,,,,,
C33,5.0,customers.csv,,,,,
C34,3.0,customers.csv,,,,,
C35,7.0,customers.csv,,,,,
C36,5.0,customers.csv,,,,,
C37,9.0,customers.csv,,,,,
C38,7.0,customers.csv,,,,,
C39,2.0,customers.csv,,,,,
C40,4.0,customers.csv,,,,,
C41,9.0,customers.csv,,,,,
C42,2.0,customers.csv,,,,,
C43,10.0,customers.csv,,,,,
C44,9.0,customers.csv,,,,,
C45,10.0,customers.csv,,,,,
C46,5.0,customers.csv,,,,,
C47,2.0,customers.csv,,,,,
C48,4.0,customers.csv,,,,,
C49,7.0,customers.csv,,,,,
C50,8.0,customers.csv,,,,,
C51,3.0,customers.csv,,,,,
C52,1.0,customers.csv,,,,,
C53,4.0,customers.csv,,,,,
C54,2.0,customers.csv,,,,,
C55,8.0,customers.csv,,,,,
C56,4.0,customers.csv,,,,,
C57,2.0,customers.csv,,,,,
C58,6.0,customers.csv,,,,,
C59,6.0,customers.csv,,,,,
C60,10.0,customers.csv,,,,,
C61,4.0,customers.csv,,,,,
C62,6.0,customers.csv,,,,,
C63,2.0,customers.csv,,,,,
C64,10.0,customers.csv,,,,,
C65,2.0,customers.csv,,,,,
C66,10.0,customers.csv,,,,,
C67,4.0,customers.csv,,,,,
C68,8.0,customers.csv,,,,,
C69,7.0,customers.csv,,,,,
C70,9.0,customers.csv,,,,,
C71,8.0,customers.csv,,,,,
C72,5.0,customers.csv,,,,,
C73,2.0,customers.csv,,,,,
C74,5.0,customers.csv,,,,,
C75,8.0,customers.csv,,,,,
C76,10.0,customers.csv,,,,,
C77,9.0,customers.csv,,,,,
C78,9.0,customers.csv,,,,,
C79,1.0,customers.csv,,,,,
C80,9.0,customers.csv,,,,,
C81,7.0,customers.csv,,,,,
C82,9.0,customers.csv,,,,,
C83,8.0,customers.csv,,,,,
C84,1.0,customers.csv,,,,,
C85,8.0,customers.csv,,,,,
C86,8.0,customers.csv,,,,,
C87,3.0,customers.csv,,,,,
C88,1.0,customers.csv,,,,,
C89,8.0,customers.csv,,,,,
C90,3.0,customers.csv,,,,,
C91,3.0,customers.csv,,,,,
C92,1.0,customers.csv,,,,,
C93,5.0,customers.csv,,,,,
C94,10.0,customers.csv,,,,,
C95,7.0,customers.csv,,,,,
C96,10.0,customers.csv,,,,,
C97,9.0,customers.csv,,,,,
C98,7.0,customers.csv,,,,,
C99,9.0,customers.csv,,,,,
C100,8.0,customers.csv,,,,,
C101,2.0,customers.csv,,,,,
C102,1.0,customers.csv,,,,,
C103,7.0,customers.csv,,,,,
C104,7.0,customers.csv,,,,,
C105,8.0,customers.csv,,,,,
C106,5.0,customers.csv,,,,,
C107,3.0,customers.csv,,,,,
C108,8.0,customers.csv,,,,,
C109,6.0,customers.csv,,,,,
C110,3.0,customers.csv,,,,,
C111,1.0,customers.csv,,,,,
C112,3.0,customers.csv,,,,,
C113,5.0,customers.csv,,,,,
C114,3.0,customers.csv,,,,,
C115,1.0,customers.csv,,,,,
C116,5.0,customers.csv,,,,,
C117,10.0,customers.csv,,,,,
C118,7.0,customers.csv,,,,,
C119,7.0,customers.csv,,,,,
C120,9.0,customers.csv,,,,,
C121,10.0,customers.csv,,,,,
C122,10.0,customers.csv,,,,,
C123,3.0,customers.csv,,,,,
C124,7.0,customers.csv,,,,,
C125,1.0,customers.csv,,,,,
C126,4.0,customers.csv,,,,,
C127,4.0,customers.csv,,,,,
C128,5.0,customers.csv,,,,,
C129,7.0,customers.csv,,,,,
C130,7.0,customers.csv,,,,,
C131,4.0,customers.csv,,,,,
C132,7.0,customers.csv,,,,,
C133,3.0,customers.csv,,,,,
C134,6.0,customers.csv,,,,,
C135,2.0,customers.csv,,,,,
C136,10.0,customers.csv,,,,,
C137,9.0,customers.csv,,,,,
,,products.csv,P01,detergent,house,,
,,products.csv,P02,kitchen roll,house,,
,,products.csv,P03,bin liners,house,,
,,products.csv,P04,shower gel,house,,
,,products.csv,P05,scented candles,house,,
,,products.csv,P06,fabric softener,house,,
,,products.csv,P07,cling film,house,,
,,products.csv,P08,aluminium foil,house,,
,,products.csv,P09,toilet paper,house,,
,,products.csv,P10,kitchen knife,house,,
,,products.csv,P11,dishwasher tablets,house,,
,,products.csv,P12,ice pack,house,,
,,products.csv,P13,men's dark green trousers,clothes,,
,,products.csv,P14,women's shoes,clothes,,
,,products.csv,P15,jumper,clothes,,
,,products.csv,P16,men's belt,clothes,,
,,products.csv,P17,women's black socks,clothes,,
,,products.csv,P18,men's striped socks,clothes,,
,,products.csv,P19,men's trainers,clothes,,
,,products.csv,P20,women's blouse,clothes,,
,,products.csv,P21,women's red dress,clothes,,
,,products.csv,P22,avocado,fruit_veg,,
,,products.csv,P23,cherries,fruit_veg,,
,,products.csv,P24,scotch bonnets,fruit_veg,,
,,products.csv,P25,peppers,fruit_veg,,
,,products.csv,P26,broccoli,fruit_veg,,
,,products.csv,P27,potatoes,fruit_veg,,
,,products.csv,P28,grapes,fruit_veg,,
,,products.csv,P29,easy peeler,fruit_veg,,
,,products.csv,P30,mango,fruit_veg,,
,,products.csv,P31,lemon grass,fruit_veg,,
,,products.csv,P32,onions,fruit_veg,,
,,products.csv,P33,apples,fruit_veg,,
,,products.csv,P34,raspberries,fruit_veg,,
,,products.csv,P35,carrot cake,sweets,,
,,products.csv,P36,salted caramel dark chocolate,sweets,,
,,products.csv,P37,gummy bears,sweets,,
,,products.csv,P38,kombucha,sweets,,
,,products.csv,P39,ice cream,sweets,,
,,products.csv,P40,irn bru,sweets,,
,,products.csv,P41,steak,food,,
,,products.csv,P42,chicken,food,,
,,products.csv,P43,mince beef,food,,
,,products.csv,P44,milk,food,,
,,products.csv,P45,hummus,food,,
,,products.csv,P46,activated charcoal croissant,food,,
,,products.csv,P47,whole chicken,food,,
,,products.csv,P48,tuna,food,,
,,products.csv,P49,smoked salmon,food,,
,,products.csv,P50,camembert,food,,
,,products.csv,P51,pizza,food,,
,,products.csv,P52,oats,food,,
,,products.csv,P53,peanut butter,food,,
,,products.csv,P54,almond milk,food,,
,,products.csv,P55,lentil soup,food,,
,,products.csv,P56,greek yoghurt,food,,
,,products.csv,P57,parmesan,food,,
,,products.csv,P58,coconut water,food,,
,,products.csv,P59,chicken stock,food,,
,,products.csv,P60,water,food,,
,,products.csv,P61,red wine,bws,,
,,products.csv,P62,gin,bws,,
,,products.csv,P63,cognac,bws,,
,,products.csv,P64,cigarettes,bws,,
C7,,transactions.csv,,,,"[{'product_id': 'P22', 'price': 1923}]",2019-03-01 14:28:00
C8,,transactions.csv,,,,"[{'product_id': 'P54', 'price': 1648}, {'product_id': 'P47', 'price': 1307}]",2019-03-01 11:15:00
C15,,transactions.csv,,,,"[{'product_id': 'P39', 'price': 24}, {'product_id': 'P35', 'price': 1427}, {'product_id': 'P35', 'price': 449}]",2019-03-01 09:37:00
C16,,transactions.csv,,,,"[{'product_id': 'P35', 'price': 1268}, {'product_id': 'P40', 'price': 212}]",2019-03-01 08:52:00
C17,,transactions.csv,,,,"[{'product_id': 'P09', 'price': 1284}, {'product_id': 'P03', 'price': 737}]",2019-03-01 16:43:00
C19,,transactions.csv,,,,"[{'product_id': 'P23', 'price': 1531}]",2019-03-01 05:01:00
C20,,transactions.csv,,,,"[{'product_id': 'P46', 'price': 1283}]",2019-03-01 15:39:00
C27,,transactions.csv,,,,"[{'product_id': 'P37', 'price': 977}, {'product_id': 'P39', 'price': 71}, {'product_id': 'P38', 'price': 902}]",2019-03-01 09:26:00
C28,,transactions.csv,,,,"[{'product_id': 'P41', 'price': 1483}, {'product_id': 'P54', 'price': 1128}]",2019-03-01 03:46:00
C30,,transactions.csv,,,,"[{'product_id': 'P03', 'price': 739}, {'product_id': 'P06', 'price': 85}, {'product_id': 'P02', 'price': 444}]",2019-03-01 05:52:00
C32,,transactions.csv,,,,"[{'product_id': 'P56', 'price': 1442}, {'product_id': 'P47', 'price': 969}]",2019-03-01 04:23:00
C38,,transactions.csv,,,,"[{'product_id': 'P36', 'price': 498}, {'product_id': 'P37', 'price': 1237}]",2019-03-01 05:11:00
C43,,transactions.csv,,,,"[{'product_id': 'P06', 'price': 1143}, {'product_id': 'P02', 'price': 433}]",2019-03-01 16:19:00
C62,,transactions.csv,,,,"[{'product_id': 'P61', 'price': 1586}]",2019-03-01 20:34:00
C64,,transactions.csv,,,,"[{'product_id': 'P30', 'price': 632}]",2019-03-01 08:33:00
C65,,transactions.csv,,,,"[{'product_id': 'P54', 'price': 407}]",2019-03-01 11:52:00
C78,,transactions.csv,,,,"[{'product_id': 'P35', 'price': 213}]",2019-03-01 15:59:00
C81,,transactions.csv,,,,"[{'product_id': 'P31', 'price': 724}]",2019-03-01 06:06:00
C82,,transactions.csv,,,,"[{'product_id': 'P23', 'price': 363}]",2019-03-01 13:43:00
C85,,transactions.csv,,,,"[{'product_id': 'P48', 'price': 744}, {'product_id': 'P54', 'price': 1295}]",2019-03-01 23:20:00
C94,,transactions.csv,,,,"[{'product_id': 'P35', 'price': 1357}, {'product_id': 'P37', 'price': 654}, {'product_id': 'P39', 'price': 74}]",2019-03-01 06:09:00
C101,,transactions.csv,,,,"[{'product_id': 'P10', 'price': 207}, {'product_id': 'P03', 'price': 1043}, {'product_id': 'P02', 'price': 664}]",2019-03-01 17:23:00
C115,,transactions.csv,,,,"[{'product_id': 'P54', 'price': 658}, {'product_id': 'P49', 'price': 1836}]",2019-03-01 03:24:00
C121,,transactions.csv,,,,"[{'product_id': 'P03', 'price': 1079}, {'product_id': 'P11', 'price': 173}]",2019-03-01 14:23:00
C128,,transactions.csv,,,,"[{'product_id': 'P35', 'price': 279}, {'product_id': 'P40', 'price': 502}, {'product_id': 'P38', 'price': 1352}]",2019-03-01 15:41:00
C131,,transactions.csv,,,,"[{'product_id': 'P63', 'price': 1580}, {'product_id': 'P64', 'price': 1139}]",2019-03-01 14:42:00
