{"customer_id": "C3", "basket": [{"product_id": "P60", "price": 1501}, {"product_id": "P43", "price": 623}], "date_of_purchase": "2019-02-13 14:15:00"}
{"customer_id": "C7", "basket": [{"product_id": "P34", "price": 978}], "date_of_purchase": "2019-02-13 19:56:00"}
{"customer_id": "C11", "basket": [{"product_id": "P04", "price": 1748}, {"product_id": "P03", "price": 1810}], "date_of_purchase": "2019-02-13 05:20:00"}
{"customer_id": "C16", "basket": [{"product_id": "P38", "price": 1747}, {"product_id": "P37", "price": 483}, {"product_id": "P39", "price": 66}], "date_of_purchase": "2019-02-13 22:01:00"}
{"customer_id": "C19", "basket": [{"product_id": "P23", "price": 1488}, {"product_id": "P31", "price": 965}], "date_of_purchase": "2019-02-13 21:23:00"}
{"customer_id": "C30", "basket": [{"product_id": "P28", "price": 1181}, {"product_id": "P27", "price": 827}, {"product_id": "P28", "price": 1990}], "date_of_purchase": "2019-02-13 09:01:00"}
{"customer_id": "C31", "basket": [{"product_id": "P37", "price": 1561}, {"product_id": "P38", "price": 905}, {"product_id": "P36", "price": 1678}], "date_of_purchase": "2019-02-13 12:32:00"}
{"customer_id": "C35", "basket": [{"product_id": "P38", "price": 513}, {"product_id": "P37", "price": 748}, {"product_id": "P38", "price": 177}], "date_of_purchase": "2019-02-13 21:31:00"}
{"customer_id": "C37", "basket": [{"product_id": "P40", "price": 1249}, {"product_id": "P36", "price": 1038}], "date_of_purchase": "2019-02-13 03:18:00"}
{"customer_id": "C38", "basket": [{"product_id": "P54", "price": 1612}, {"product_id": "P48", "price": 1951}], "date_of_purchase": "2019-02-13 23:24:00"}
{"customer_id": "C41", "basket": [{"product_id": "P54", "price": 1587}, {"product_id": "P59", "price": 331}, {"product_id": "P49", "price": 536}], "date_of_purchase": "2019-02-13 23:44:00"}
{"customer_id": "C45", "basket": [{"product_id": "P23", "price": 1920}], "date_of_purchase": "2019-02-13 17:27:00"}
{"customer_id": "C46", "basket": [{"product_id": "P22", "price": 1779}, {"product_id": "P32", "price": 493}], "date_of_purchase": "2019-02-13 10:08:00"}
{"customer_id": "C65", "basket": [{"product_id": "P55", "price": 97}, {"product_id": "P54", "price": 681}], "date_of_purchase": "2019-02-13 20:50:00"}
{"customer_id": "C66", "basket": [{"product_id": "P37", "price": 1295}, {"product_id": "P35", "price": 790}, {"product_id": "P39", "price": 176}], "date_of_purchase": "2019-02-13 09:42:00"}
{"customer_id": "C70", "basket": [{"product_id": "P35", "price": 1407}, {"product_id": "P36", "price": 744}, {"product_id": "P38", "price": 321}], "date_of_purchase": "2019-02-13 23:23:00"}
{"customer_id": "C75", "basket": [{"product_id": "P51", "price": 1794}, {"product_id": "P43", "price": 1847}, {"product_id": "P52", "price": 121}], "date_of_purchase": "2019-02-13 13:10:00"}
{"customer_id": "C78", "basket": [{"product_id": "P16", "price": 1841}, {"product_id": "P13", "price": 1242}, {"product_id": "P19", "price": 372}], "date_of_purchase": "2019-02-13 03:34:00"}
{"customer_id": "C81", "basket": [{"product_id": "P53", "price": 1307}, {"product_id": "P42", "price": 555}, {"product_id": "P56", "price": 1907}], "date_of_purchase": "2019-02-13 09:34:00"}
{"customer_id": "C82", "basket": [{"product_id": "P39", "price": 1207}, {"product_id": "P40", "price": 337}], "date_of_purchase": "2019-02-13 20:16:00"}
{"customer_id": "C85", "basket": [{"product_id": "P07", "price": 661}], "date_of_purchase": "2019-02-13 23:00:00"}
{"customer_id": "C95", "basket": [{"product_id": "P24", "price": 231}, {"product_id": "P31", "price": 1040}], "date_of_purchase": "2019-02-13 14:53:00"}
{"customer_id": "C99", "basket": [{"product_id": "P36", "price": 518}], "date_of_purchase": "2019-02-13 11:49:00"}
{"customer_id": "C108", "basket": [{"product_id": "P36", "price": 816}, {"product_id": "P35", "price": 1311}, {"product_id": "P40", "price": 400}], "date_of_purchase": "2019-02-13 23:28:00"}
{"customer_id": "C111", "basket": [{"product_id": "P25", "price": 1188}, {"product_id": "P29", "price": 224}, {"product_id": "P33", "price": 1856}], "date_of_purchase": "2019-02-13 18:16:00"}
{"customer_id": "C127", "basket": [{"product_id": "P05", "price": 1033}, {"product_id": "P04", "price": 1517}], "date_of_purchase": "2019-02-13 15:22:00"}
{"customer_id": "C129", "basket": [{"product_id": "P27", "price": 151}, {"product_id": "P31", "price": 379}, {"product_id": "P32", "price": 1419}], "date_of_purchase": "2019-02-13 23:55:00"}
{"customer_id": "C131", "basket": [{"product_id": "P33", "price": 1015}, {"product_id": "P25", "price": 1922}, {"product_id": "P28", "price": 32}], "date_of_purchase": "2019-02-13 14:47:00"}
