customer_id,basket,date_of_purchase
C3,"[{'product_id': 'P60', 'price': 1501}, {'product_id': 'P43', 'price': 623}]",2019-02-13 14:15:00
C7,"[{'product_id': 'P34', 'price': 978}]",2019-02-13 19:56:00
C11,"[{'product_id': 'P04', 'price': 1748}, {'product_id': 'P03', 'price': 1810}]",2019-02-13 05:20:00
C16,"[{'product_id': 'P38', 'price': 1747}, {'product_id': 'P37', 'price': 483}, {'product_id': 'P39', 'price': 66}]",2019-02-13 22:01:00
C19,"[{'product_id': 'P23', 'price': 1488}, {'product_id': 'P31', 'price': 965}]",2019-02-13 21:23:00
C30,"[{'product_id': 'P28', 'price': 1181}, {'product_id': 'P27', 'price': 827}, {'product_id': 'P28', 'price': 1990}]",2019-02-13 09:01:00
C31,"[{'product_id': 'P37', 'price': 1561}, {'product_id': 'P38', 'price': 905}, {'product_id': 'P36', 'price': 1678}]",2019-02-13 12:32:00
C35,"[{'product_id': 'P38', 'price': 513}, {'product_id': 'P37', 'price': 748}, {'product_id': 'P38', 'price': 177}]",2019-02-13 21:31:00
C37,"[{'product_id': 'P40', 'price': 1249}, {'product_id': 'P36', 'price': 1038}]",2019-02-13 03:18:00
C38,"[{'product_id': 'P54', 'price': 1612}, {'product_id': 'P48', 'price': 1951}]",2019-02-13 23:24:00
C41,"[{'product_id': 'P54', 'price': 1587}, {'product_id': 'P59', 'price': 331}, {'product_id': 'P49', 'price': 536}]",2019-02-13 23:44:00
C45,"[{'product_id': 'P23', 'price': 1920}]",2019-02-13 17:27:00
C46,"[{'product_id': 'P22', 'price': 1779}, {'product_id': 'P32', 'price': 493}]",2019-02-13 10:08:00
C65,"[{'product_id': 'P55', 'price': 97}, {'product_id': 'P54', 'price': 681}]",2019-02-13 20:50:00
C66,"[{'product_id': 'P37', 'price': 1295}, {'product_id': 'P35', 'price': 790}, {'product_id': 'P39', 'price': 176}]",2019-02-13 09:42:00
C70,"[{'product_id': 'P35', 'price': 1407}, {'product_id': 'P36', 'price': 744}, {'product_id': 'P38', 'price': 321}]",2019-02-13 23:23:00
C75,"[{'product_id': 'P51', 'price': 1794}, {'product_id': 'P43', 'price': 1847}, {'product_id': 'P52', 'price': 121}]",2019-02-13 13:10:00
C78,"[{'product_id': 'P16', 'price': 1841}, {'product_id': 'P13', 'price': 1242}, {'product_id': 'P19', 'price': 372}]",2019-02-13 03:34:00
C81,"[{'product_id': 'P53', 'price': 1307}, {'product_id': 'P42', 'price': 555}, {'product_id': 'P56', 'price': 1907}]",2019-02-13 09:34:00
C82,"[{'product_id': 'P39', 'price': 1207}, {'product_id': 'P40', 'price': 337}]",2019-02-13 20:16:00
C85,"[{'product_id': 'P07', 'price': 661}]",2019-02-13 23:00:00
C95,"[{'product_id': 'P24', 'price': 231}, {'product_id': 'P31', 'price': 1040}]",2019-02-13 14:53:00
C99,"[{'product_id': 'P36', 'price': 518}]",2019-02-13 11:49:00
C108,"[{'product_id': 'P36', 'price': 816}, {'product_id': 'P35', 'price': 1311}, {'product_id': 'P40', 'price': 400}]",2019-02-13 23:28:00
C111,"[{'product_id': 'P25', 'price': 1188}, {'product_id': 'P29', 'price': 224}, {'product_id': 'P33', 'price': 1856}]",2019-02-13 18:16:00
C127,"[{'product_id': 'P05', 'price': 1033}, {'product_id': 'P04', 'price': 1517}]",2019-02-13 15:22:00
C129,"[{'product_id': 'P27', 'price': 151}, {'product_id': 'P31', 'price': 379}, {'product_id': 'P32', 'price': 1419}]",2019-02-13 23:55:00
C131,"[{'product_id': 'P33', 'price': 1015}, {'product_id': 'P25', 'price': 1922}, {'product_id': 'P28', 'price': 32}]",2019-02-13 14:47:00
