customer_id,basket,date_of_purchase
C2,"[{'product_id': 'P57', 'price': 970}, {'product_id': 'P52', 'price': 1890}, {'product_id': 'P57', 'price': 1565}]",2019-02-14 07:03:00
C7,"[{'product_id': 'P32', 'price': 22}, {'product_id': 'P26', 'price': 714}]",2019-02-14 21:01:00
C12,"[{'product_id': 'P52', 'price': 1946}, {'product_id': 'P58', 'price': 153}, {'product_id': 'P51', 'price': 1157}]",2019-02-14 09:39:00
C19,"[{'product_id': 'P27', 'price': 1649}]",2019-02-14 16:47:00
C20,"[{'product_id': 'P02', 'price': 748}, {'product_id': 'P11', 'price': 1525}, {'product_id': 'P07', 'price': 1796}]",2019-02-14 08:28:00
C27,"[{'product_id': 'P40', 'price': 430}]",2019-02-14 17:39:00
C30,"[{'product_id': 'P01', 'price': 1674}]",2019-02-14 15:31:00
C33,"[{'product_id': 'P12', 'price': 741}]",2019-02-14 09:50:00
C36,"[{'product_id': 'P18', 'price': 1184}]",2019-02-14 18:18:00
C41,"[{'product_id': 'P03', 'price': 1942}, {'product_id': 'P02', 'price': 1739}]",2019-02-14 02:49:00
C54,"[{'product_id': 'P08', 'price': 969}]",2019-02-14 08:12:00
C57,"[{'product_id': 'P62', 'price': 1288}, {'product_id': 'P61', 'price': 1777}]",2019-02-14 11:32:00
C66,"[{'product_id': 'P54', 'price': 1773}, {'product_id': 'P48', 'price': 55}]",2019-02-14 09:39:00
C70,"[{'product_id': 'P30', 'price': 903}, {'product_id': 'P28', 'price': 1276}, {'product_id': 'P29', 'price': 384}]",2019-02-14 08:07:00
C80,"[{'product_id': 'P36', 'price': 346}]",2019-02-14 02:57:00
C96,"[{'product_id': 'P40', 'price': 1473}, {'product_id': 'P35', 'price': 1152}]",2019-02-14 14:12:00
C101,"[{'product_id': 'P09', 'price': 1589}, {'product_id': 'P09', 'price': 1278}]",2019-02-14 22:44:00
C106,"[{'product_id': 'P33', 'price': 1371}]",2019-02-14 20:50:00
C112,"[{'product_id': 'P27', 'price': 890}, {'product_id': 'P25', 'price': 555}]",2019-02-14 08:24:00
C118,"[{'product_id': 'P23', 'price': 1703}, {'product_id': 'P29', 'price': 996}, {'product_id': 'P24', 'price': 997}]",2019-02-14 08:12:00
C121,"[{'product_id': 'P06', 'price': 201}]",2019-02-14 16:30:00
C122,"[{'product_id': 'P17', 'price': 1067}, {'product_id': 'P18', 'price': 567}]",2019-02-14 20:33:00
C126,"[{'product_id': 'P09', 'price': 524}, {'product_id': 'P06', 'price': 996}]",2019-02-14 02:58:00
C128,"[{'product_id': 'P36', 'price': 1648}, {'product_id': 'P36', 'price': 1302}, {'product_id': 'P40', 'price': 1914}]",2019-02-14 04:57:00
