{"customer_id": "C2", "basket": [{"product_id": "P57", "price": 970}, {"product_id": "P52", "price": 1890}, {"product_id": "P57", "price": 1565}], "date_of_purchase": "2019-02-14 07:03:00"}
{"customer_id": "C7", "basket": [{"product_id": "P32", "price": 22}, {"product_id": "P26", "price": 714}], "date_of_purchase": "2019-02-14 21:01:00"}
{"customer_id": "C12", "basket": [{"product_id": "P52", "price": 1946}, {"product_id": "P58", "price": 153}, {"product_id": "P51", "price": 1157}], "date_of_purchase": "2019-02-14 09:39:00"}
{"customer_id": "C19", "basket": [{"product_id": "P27", "price": 1649}], "date_of_purchase": "2019-02-14 16:47:00"}
{"customer_id": "C20", "basket": [{"product_id": "P02", "price": 748}, {"product_id": "P11", "price": 1525}, {"product_id": "P07", "price": 1796}], "date_of_purchase": "2019-02-14 08:28:00"}
{"customer_id": "C27", "basket": [{"product_id": "P40", "price": 430}], "date_of_purchase": "2019-02-14 17:39:00"}
{"customer_id": "C30", "basket": [{"product_id": "P01", "price": 1674}], "date_of_purchase": "2019-02-14 15:31:00"}
{"customer_id": "C33", "basket": [{"product_id": "P12", "price": 741}], "date_of_purchase": "2019-02-14 09:50:00"}
{"customer_id": "C36", "basket": [{"product_id": "P18", "price": 1184}], "date_of_purchase": "2019-02-14 18:18:00"}
{"customer_id": "C41", "basket": [{"product_id": "P03", "price": 1942}, {"product_id": "P02", "price": 1739}], "date_of_purchase": "2019-02-14 02:49:00"}
{"customer_id": "C54", "basket": [{"product_id": "P08", "price": 969}], "date_of_purchase": "2019-02-14 08:12:00"}
{"customer_id": "C57", "basket": [{"product_id": "P62", "price": 1288}, {"product_id": "P61", "price": 1777}], "date_of_purchase": "2019-02-14 11:32:00"}
{"customer_id": "C66", "basket": [{"product_id": "P54", "price": 1773}, {"product_id": "P48", "price": 55}], "date_of_purchase": "2019-02-14 09:39:00"}
{"customer_id": "C70", "basket": [{"product_id": "P30", "price": 903}, {"product_id": "P28", "price": 1276}, {"product_id": "P29", "price": 384}], "date_of_purchase": "2019-02-14 08:07:00"}
{"customer_id": "C80", "basket": [{"product_id": "P36", "price": 346}], "date_of_purchase": "2019-02-14 02:57:00"}
{"customer_id": "C96", "basket": [{"product_id": "P40", "price": 1473}, {"product_id": "P35", "price": 1152}], "date_of_purchase": "2019-02-14 14:12:00"}
{"customer_id": "C101", "basket": [{"product_id": "P09", "price": 1589}, {"product_id": "P09", "price": 1278}], "date_of_purchase": "2019-02-14 22:44:00"}
{"customer_id": "C106", "basket": [{"product_id": "P33", "price": 1371}], "date_of_purchase": "2019-02-14 20:50:00"}
{"customer_id": "C112", "basket": [{"product_id": "P27", "price": 890}, {"product_id": "P25", "price": 555}], "date_of_purchase": "2019-02-14 08:24:00"}
{"customer_id": "C118", "basket": [{"product_id": "P23", "price": 1703}, {"product_id": "P29", "price": 996}, {"product_id": "P24", "price": 997}], "date_of_purchase": "2019-02-14 08:12:00"}
{"customer_id": "C121", "basket": [{"product_id": "P06", "price": 201}], "date_of_purchase": "2019-02-14 16:30:00"}
{"customer_id": "C122", "basket": [{"product_id": "P17", "price": 1067}, {"product_id": "P18", "price": 567}], "date_of_purchase": "2019-02-14 20:33:00"}
{"customer_id": "C126", "basket": [{"product_id": "P09", "price": 524}, {"product_id": "P06", "price": 996}], "date_of_purchase": "2019-02-14 02:58:00"}
{"customer_id": "C128", "basket": [{"product_id": "P36", "price": 1648}, {"product_id": "P36", "price": 1302}, {"product_id": "P40", "price": 1914}], "date_of_purchase": "2019-02-14 04:57:00"}
