customer_id,basket,date_of_purchase
C2,"[{'product_id': 'P55', 'price': 1723}, {'product_id': 'P46', 'price': 1861}, {'product_id': 'P41', 'price': 684}]",2019-02-09 23:26:00
C14,"[{'product_id': 'P41', 'price': 163}, {'product_id': 'P53', 'price': 37}, {'product_id': 'P55', 'price': 292}]",2019-02-09 08:30:00
C27,"[{'product_id': 'P39', 'price': 761}, {'product_id': 'P36', 'price': 1511}, {'product_id': 'P40', 'price': 1086}]",2019-02-09 04:09:00
C30,"[{'product_id': 'P23', 'price': 1469}, {'product_id': 'P27', 'price': 1216}]",2019-02-09 14:12:00
C31,"[{'product_id': 'P35', 'price': 297}, {'product_id': 'P38', 'price': 902}]",2019-02-09 05:31:00
C35,"[{'product_id': 'P36', 'price': 41}, {'product_id': 'P35', 'price': 184}, {'product_id': 'P39', 'price': 392}]",2019-02-09 04:28:00
C40,"[{'product_id': 'P11', 'price': 1036}, {'product_id': 'P07', 'price': 823}]",2019-02-09 09:14:00
C43,"[{'product_id': 'P35', 'price': 1707}]",2019-02-09 10:55:00
C44,"[{'product_id': 'P27', 'price': 688}, {'product_id': 'P27', 'price': 548}]",2019-02-09 05:21:00
C46,"[{'product_id': 'P29', 'price': 1628}, {'product_id': 'P24', 'price': 1316}]",2019-02-09 06:00:00
C58,"[{'product_id': 'P37', 'price': 793}, {'product_id': 'P40', 'price': 1335}, {'product_id': 'P36', 'price': 381}]",2019-02-09 23:09:00
C62,"[{'product_id': 'P37', 'price': 803}]",2019-02-09 19:34:00
C65,"[{'product_id': 'P63', 'price': 743}, {'product_id': 'P62', 'price': 1586}, {'product_id': 'P63', 'price': 1296}]",2019-02-09 05:04:00
C69,"[{'product_id': 'P07', 'price': 1233}, {'product_id': 'P01', 'price': 1068}]",2019-02-09 21:38:00
C70,"[{'product_id': 'P21', 'price': 1095}, {'product_id': 'P15', 'price': 1389}, {'product_id': 'P20', 'price': 1325}]",2019-02-09 11:21:00
C71,"[{'product_id': 'P09', 'price': 1357}]",2019-02-09 09:46:00
C77,"[{'product_id': 'P64', 'price': 674}, {'product_id': 'P63', 'price': 968}]",2019-02-09 18:55:00
C84,"[{'product_id': 'P51', 'price': 868}]",2019-02-09 12:08:00
C92,"[{'product_id': 'P61', 'price': 1116}, {'product_id': 'P63', 'price': 1130}, {'product_id': 'P64', 'price': 873}]",2019-02-09 12:27:00
C100,"[{'product_id': 'P28', 'price': 1245}, {'product_id': 'P28', 'price': 1157}, {'product_id': 'P22', 'price': 1758}]",2019-02-09 07:49:00
C106,"[{'product_id': 'P23', 'price': 536}, {'product_id': 'P25', 'price': 950}, {'product_id': 'P33', 'price': 617}]",2019-02-09 15:25:00
C111,"[{'product_id': 'P47', 'price': 750}, {'product_id': 'P60', 'price': 215}]",2019-02-09 16:13:00
C114,"[{'product_id': 'P58', 'price': 1327}, {'product_id': 'P50', 'price': 1229}]",2019-02-09 16:52:00
C121,"[{'product_id': 'P11', 'price': 1299}]",2019-02-09 04:52:00
C134,"[{'product_id': 'P26', 'price': 1148}]",2019-02-09 07:56:00
