{"customer_id": "C2", "basket": [{"product_id": "P55", "price": 1723}, {"product_id": "P46", "price": 1861}, {"product_id": "P41", "price": 684}], "date_of_purchase": "2019-02-09 23:26:00"}
{"customer_id": "C14", "basket": [{"product_id": "P41", "price": 163}, {"product_id": "P53", "price": 37}, {"product_id": "P55", "price": 292}], "date_of_purchase": "2019-02-09 08:30:00"}
{"customer_id": "C27", "basket": [{"product_id": "P39", "price": 761}, {"product_id": "P36", "price": 1511}, {"product_id": "P40", "price": 1086}], "date_of_purchase": "2019-02-09 04:09:00"}
{"customer_id": "C30", "basket": [{"product_id": "P23", "price": 1469}, {"product_id": "P27", "price": 1216}], "date_of_purchase": "2019-02-09 14:12:00"}
{"customer_id": "C31", "basket": [{"product_id": "P35", "price": 297}, {"product_id": "P38", "price": 902}], "date_of_purchase": "2019-02-09 05:31:00"}
{"customer_id": "C35", "basket": [{"product_id": "P36", "price": 41}, {"product_id": "P35", "price": 184}, {"product_id": "P39", "price": 392}], "date_of_purchase": "2019-02-09 04:28:00"}
{"customer_id": "C40", "basket": [{"product_id": "P11", "price": 1036}, {"product_id": "P07", "price": 823}], "date_of_purchase": "2019-02-09 09:14:00"}
{"customer_id": "C43", "basket": [{"product_id": "P35", "price": 1707}], "date_of_purchase": "2019-02-09 10:55:00"}
{"customer_id": "C44", "basket": [{"product_id": "P27", "price": 688}, {"product_id": "P27", "price": 548}], "date_of_purchase": "2019-02-09 05:21:00"}
{"customer_id": "C46", "basket": [{"product_id": "P29", "price": 1628}, {"product_id": "P24", "price": 1316}], "date_of_purchase": "2019-02-09 06:00:00"}
{"customer_id": "C58", "basket": [{"product_id": "P37", "price": 793}, {"product_id": "P40", "price": 1335}, {"product_id": "P36", "price": 381}], "date_of_purchase": "2019-02-09 23:09:00"}
{"customer_id": "C62", "basket": [{"product_id": "P37", "price": 803}], "date_of_purchase": "2019-02-09 19:34:00"}
{"customer_id": "C65", "basket": [{"product_id": "P63", "price": 743}, {"product_id": "P62", "price": 1586}, {"product_id": "P63", "price": 1296}], "date_of_purchase": "2019-02-09 05:04:00"}
{"customer_id": "C69", "basket": [{"product_id": "P07", "price": 1233}, {"product_id": "P01", "price": 1068}], "date_of_purchase": "2019-02-09 21:38:00"}
{"customer_id": "C70", "basket": [{"product_id": "P21", "price": 1095}, {"product_id": "P15", "price": 1389}, {"product_id": "P20", "price": 1325}], "date_of_purchase": "2019-02-09 11:21:00"}
{"customer_id": "C71", "basket": [{"product_id": "P09", "price": 1357}], "date_of_purchase": "2019-02-09 09:46:00"}
{"customer_id": "C77", "basket": [{"product_id": "P64", "price": 674}, {"product_id": "P63", "price": 968}], "date_of_purchase": "2019-02-09 18:55:00"}
{"customer_id": "C84", "basket": [{"product_id": "P51", "price": 868}], "date_of_purchase": "2019-02-09 12:08:00"}
{"customer_id": "C92", "basket": [{"product_id": "P61", "price": 1116}, {"product_id": "P63", "price": 1130}, {"product_id": "P64", "price": 873}], "date_of_purchase": "2019-02-09 12:27:00"}
{"customer_id": "C100", "basket": [{"product_id": "P28", "price": 1245}, {"product_id": "P28", "price": 1157}, {"product_id": "P22", "price": 1758}], "date_of_purchase": "2019-02-09 07:49:00"}
{"customer_id": "C106", "basket": [{"product_id": "P23", "price": 536}, {"product_id": "P25", "price": 950}, {"product_id": "P33", "price": 617}], "date_of_purchase": "2019-02-09 15:25:00"}
{"customer_id": "C111", "basket": [{"product_id": "P47", "price": 750}, {"product_id": "P60", "price": 215}], "date_of_purchase": "2019-02-09 16:13:00"}
{"customer_id": "C114", "basket": [{"product_id": "P58", "price": 1327}, {"product_id": "P50", "price": 1229}], "date_of_purchase": "2019-02-09 16:52:00"}
{"customer_id": "C121", "basket": [{"product_id": "P11", "price": 1299}], "date_of_purchase": "2019-02-09 04:52:00"}
{"customer_id": "C134", "basket": [{"product_id": "P26", "price": 1148}], "date_of_purchase": "2019-02-09 07:56:00"}
