{"customer_id": "C1", "basket": [{"product_id": "P37", "price": 1832}], "date_of_purchase": "2019-01-01 21:27:00"}
{"customer_id": "C2", "basket": [{"product_id": "P44", "price": 956}, {"product_id": "P59", "price": 603}, {"product_id": "P53", "price": 1295}], "date_of_purchase": "2019-01-01 13:38:00"}
{"customer_id": "C3", "basket": [{"product_id": "P54", "price": 1891}, {"product_id": "P57", "price": 1162}, {"product_id": "P58", "price": 1635}], "date_of_purchase": "2019-01-01 12:38:00"}
{"customer_id": "C10", "basket": [{"product_id": "P30", "price": 1480}], "date_of_purchase": "2019-01-01 09:14:00"}
{"customer_id": "C19", "basket": [{"product_id": "P27", "price": 613}], "date_of_purchase": "2019-01-01 05:02:00"}
{"customer_id": "C21", "basket": [{"product_id": "P36", "price": 1448}, {"product_id": "P37", "price": 1532}, {"product_id": "P40", "price": 513}], "date_of_purchase": "2019-01-01 07:04:00"}
{"customer_id": "C22", "basket": [{"product_id": "P39", "price": 1169}, {"product_id": "P37", "price": 1853}], "date_of_purchase": "2019-01-01 13:18:00"}
{"customer_id": "C30", "basket": [{"product_id": "P62", "price": 508}], "date_of_purchase": "2019-01-01 05:51:00"}
{"customer_id": "C44", "basket": [{"product_id": "P33", "price": 374}], "date_of_purchase": "2019-01-01 11:52:00"}
{"customer_id": "C45", "basket": [{"product_id": "P34", "price": 867}], "date_of_purchase": "2019-01-01 11:23:00"}
{"customer_id": "C47", "basket": [{"product_id": "P37", "price": 1015}], "date_of_purchase": "2019-01-01 08:23:00"}
{"customer_id": "C48", "basket": [{"product_id": "P30", "price": 236}, {"product_id": "P33", "price": 111}, {"product_id": "P22", "price": 1876}], "date_of_purchase": "2019-01-01 06:40:00"}
{"customer_id": "C70", "basket": [{"product_id": "P33", "price": 288}], "date_of_purchase": "2019-01-01 08:12:00"}
{"customer_id": "C81", "basket": [{"product_id": "P14", "price": 1902}], "date_of_purchase": "2019-01-01 11:11:00"}
{"customer_id": "C82", "basket": [{"product_id": "P40", "price": 307}], "date_of_purchase": "2019-01-01 21:51:00"}
{"customer_id": "C91", "basket": [{"product_id": "P41", "price": 1751}], "date_of_purchase": "2019-01-01 09:51:00"}
{"customer_id": "C105", "basket": [{"product_id": "P08", "price": 1719}, {"product_id": "P08", "price": 164}, {"product_id": "P08", "price": 1365}], "date_of_purchase": "2019-01-01 21:19:00"}
{"customer_id": "C115", "basket": [{"product_id": "P14", "price": 341}], "date_of_purchase": "2019-01-01 15:55:00"}
{"customer_id": "C118", "basket": [{"product_id": "P30", "price": 777}, {"product_id": "P31", "price": 1946}], "date_of_purchase": "2019-01-01 04:28:00"}
{"customer_id": "C128", "basket": [{"product_id": "P39", "price": 20}], "date_of_purchase": "2019-01-01 20:33:00"}
{"customer_id": "C129", "basket": [{"product_id": "P31", "price": 1383}, {"product_id": "P32", "price": 630}, {"product_id": "P31", "price": 754}], "date_of_purchase": "2019-01-01 13:32:00"}
{"customer_id": "C134", "basket": [{"product_id": "P26", "price": 1511}, {"product_id": "P30", "price": 1801}], "date_of_purchase": "2019-01-01 20:11:00"}
