customer_id,basket,date_of_purchase
C3,"[{'product_id': 'P56', 'price': 356}]",2019-01-18 22:35:00
C11,"[{'product_id': 'P37', 'price': 991}]",2019-01-18 21:06:00
C15,"[{'product_id': 'P36', 'price': 997}, {'product_id': 'P38', 'price': 1475}]",2019-01-18 05:20:00
C20,"[{'product_id': 'P55', 'price': 465}]",2019-01-18 14:57:00
C35,"[{'product_id': 'P29', 'price': 1156}, {'product_id': 'P34', 'price': 1668}]",2019-01-18 07:16:00
C37,"[{'product_id': 'P35', 'price': 1845}, {'product_id': 'P38', 'price': 38}, {'product_id': 'P35', 'price': 1267}]",2019-01-18 05:39:00
C46,"[{'product_id': 'P32', 'price': 652}, {'product_id': 'P26', 'price': 689}, {'product_id': 'P26', 'price': 179}]",2019-01-18 22:27:00
C51,"[{'product_id': 'P02', 'price': 1076}, {'product_id': 'P12', 'price': 1509}, {'product_id': 'P04', 'price': 755}]",2019-01-18 08:18:00
C52,"[{'product_id': 'P05', 'price': 364}, {'product_id': 'P01', 'price': 1106}, {'product_id': 'P03', 'price': 533}]",2019-01-18 19:23:00
C57,"[{'product_id': 'P64', 'price': 1922}, {'product_id': 'P61', 'price': 583}]",2019-01-18 04:57:00
C87,"[{'product_id': 'P36', 'price': 1629}, {'product_id': 'P38', 'price': 130}, {'product_id': 'P39', 'price': 858}]",2019-01-18 08:34:00
C90,"[{'product_id': 'P47', 'price': 1783}]",2019-01-18 10:52:00
C94,"[{'product_id': 'P36', 'price': 1158}, {'product_id': 'P40', 'price': 1799}]",2019-01-18 08:09:00
C95,"[{'product_id': 'P38', 'price': 1743}, {'product_id': 'P39', 'price': 1746}]",2019-01-18 15:53:00
C98,"[{'product_id': 'P19', 'price': 501}]",2019-01-18 11:40:00
C101,"[{'product_id': 'P08', 'price': 1457}, {'product_id': 'P04', 'price': 911}, {'product_id': 'P12', 'price': 1560}]",2019-01-18 09:18:00
C106,"[{'product_id': 'P12', 'price': 1679}]",2019-01-18 10:07:00
C109,"[{'product_id': 'P34', 'price': 1197}, {'product_id': 'P32', 'price': 614}, {'product_id': 'P30', 'price': 488}]",2019-01-18 10:31:00
C110,"[{'product_id': 'P64', 'price': 63}, {'product_id': 'P63', 'price': 816}, {'product_id': 'P62', 'price': 882}]",2019-01-18 23:04:00
C126,"[{'product_id': 'P09', 'price': 1529}, {'product_id': 'P07', 'price': 1437}]",2019-01-18 02:53:00
C132,"[{'product_id': 'P47', 'price': 1972}]",2019-01-18 15:33:00
