{"customer_id": "C2", "basket": [{"product_id": "P38", "price": 1874}, {"product_id": "P37", "price": 1612}], "date_of_purchase": "2018-12-14 03:26:00"}
{"customer_id": "C13", "basket": [{"product_id": "P03", "price": 630}, {"product_id": "P06", "price": 1433}], "date_of_purchase": "2018-12-14 23:26:00"}
{"customer_id": "C20", "basket": [{"product_id": "P42", "price": 1497}, {"product_id": "P50", "price": 1756}, {"product_id": "P51", "price": 1268}], "date_of_purchase": "2018-12-14 18:22:00"}
{"customer_id": "C26", "basket": [{"product_id": "P53", "price": 1237}, {"product_id": "P45", "price": 1939}, {"product_id": "P48", "price": 1484}], "date_of_purchase": "2018-12-14 17:16:00"}
{"customer_id": "C33", "basket": [{"product_id": "P07", "price": 1963}, {"product_id": "P12", "price": 1531}, {"product_id": "P04", "price": 974}], "date_of_purchase": "2018-12-14 14:01:00"}
{"customer_id": "C35", "basket": [{"product_id": "P38", "price": 1348}], "date_of_purchase": "2018-12-14 04:26:00"}
{"customer_id": "C36", "basket": [{"product_id": "P21", "price": 1948}], "date_of_purchase": "2018-12-14 05:15:00"}
{"customer_id": "C44", "basket": [{"product_id": "P64", "price": 1845}, {"product_id": "P64", "price": 1295}], "date_of_purchase": "2018-12-14 18:55:00"}
{"customer_id": "C51", "basket": [{"product_id": "P36", "price": 1622}, {"product_id": "P40", "price": 1772}], "date_of_purchase": "2018-12-14 11:17:00"}
{"customer_id": "C59", "basket": [{"product_id": "P56", "price": 1196}], "date_of_purchase": "2018-12-14 07:24:00"}
{"customer_id": "C60", "basket": [{"product_id": "P61", "price": 795}, {"product_id": "P64", "price": 1377}, {"product_id": "P63", "price": 905}], "date_of_purchase": "2018-12-14 13:59:00"}
{"customer_id": "C68", "basket": [{"product_id": "P23", "price": 1082}], "date_of_purchase": "2018-12-14 08:47:00"}
{"customer_id": "C71", "basket": [{"product_id": "P41", "price": 1999}], "date_of_purchase": "2018-12-14 07:10:00"}
{"customer_id": "C72", "basket": [{"product_id": "P48", "price": 1226}], "date_of_purchase": "2018-12-14 18:19:00"}
{"customer_id": "C76", "basket": [{"product_id": "P63", "price": 442}, {"product_id": "P61", "price": 1828}, {"product_id": "P64", "price": 1792}], "date_of_purchase": "2018-12-14 20:13:00"}
{"customer_id": "C77", "basket": [{"product_id": "P01", "price": 452}], "date_of_purchase": "2018-12-14 21:41:00"}
{"customer_id": "C78", "basket": [{"product_id": "P21", "price": 1219}], "date_of_purchase": "2018-12-14 04:34:00"}
{"customer_id": "C82", "basket": [{"product_id": "P38", "price": 1970}, {"product_id": "P37", "price": 1153}], "date_of_purchase": "2018-12-14 04:21:00"}
{"customer_id": "C91", "basket": [{"product_id": "P49", "price": 349}], "date_of_purchase": "2018-12-14 17:27:00"}
{"customer_id": "C95", "basket": [{"product_id": "P47", "price": 1548}], "date_of_purchase": "2018-12-14 14:17:00"}
{"customer_id": "C100", "basket": [{"product_id": "P32", "price": 767}], "date_of_purchase": "2018-12-14 06:07:00"}
{"customer_id": "C101", "basket": [{"product_id": "P62", "price": 155}, {"product_id": "P61", "price": 1361}], "date_of_purchase": "2018-12-14 19:39:00"}
{"customer_id": "C107", "basket": [{"product_id": "P53", "price": 918}], "date_of_purchase": "2018-12-14 05:26:00"}
{"customer_id": "C113", "basket": [{"product_id": "P64", "price": 291}, {"product_id": "P62", "price": 158}], "date_of_purchase": "2018-12-14 17:47:00"}
{"customer_id": "C123", "basket": [{"product_id": "P08", "price": 436}], "date_of_purchase": "2018-12-14 17:40:00"}
{"customer_id": "C124", "basket": [{"product_id": "P63", "price": 826}], "date_of_purchase": "2018-12-14 21:42:00"}
{"customer_id": "C130", "basket": [{"product_id": "P55", "price": 1188}], "date_of_purchase": "2018-12-14 20:48:00"}
{"customer_id": "C131", "basket": [{"product_id": "P62", "price": 1097}], "date_of_purchase": "2018-12-14 06:05:00"}
