customer_id,basket,date_of_purchase
C2,"[{'product_id': 'P30', 'price': 1014}]",2019-01-13 20:28:00
C3,"[{'product_id': 'P32', 'price': 1864}]",2019-01-13 02:51:00
C31,"[{'product_id': 'P36', 'price': 1571}]",2019-01-13 21:08:00
C32,"[{'product_id': 'P38', 'price': 612}]",2019-01-13 10:27:00
C37,"[{'product_id': 'P40', 'price': 441}, {'product_id': 'P39', 'price': 1918}, {'product_id': 'P39', 'price': 212}]",2019-01-13 08:49:00
C42,"[{'product_id': 'P27', 'price': 35}]",2019-01-13 18:56:00
C51,"[{'product_id': 'P01', 'price': 1525}, {'product_id': 'P12', 'price': 1920}]",2019-01-13 20:30:00
C70,"[{'product_id': 'P19', 'price': 1456}]",2019-01-13 10:06:00
C74,"[{'product_id': 'P64', 'price': 1839}]",2019-01-13 07:40:00
C81,"[{'product_id': 'P45', 'price': 729}]",2019-01-13 20:08:00
C92,"[{'product_id': 'P63', 'price': 1361}]",2019-01-13 06:43:00
C94,"[{'product_id': 'P39', 'price': 1923}, {'product_id': 'P36', 'price': 1797}, {'product_id': 'P37', 'price': 1760}]",2019-01-13 15:25:00
C99,"[{'product_id': 'P02', 'price': 1208}, {'product_id': 'P06', 'price': 1425}]",2019-01-13 10:38:00
C104,"[{'product_id': 'P35', 'price': 1175}]",2019-01-13 13:05:00
C106,"[{'product_id': 'P31', 'price': 78}, {'product_id': 'P28', 'price': 1928}]",2019-01-13 07:30:00
C108,"[{'product_id': 'P39', 'price': 3}, {'product_id': 'P39', 'price': 1833}, {'product_id': 'P37', 'price': 1680}]",2019-01-13 05:22:00
C112,"[{'product_id': 'P37', 'price': 680}, {'product_id': 'P36', 'price': 1983}, {'product_id': 'P38', 'price': 1048}]",2019-01-13 07:30:00
C115,"[{'product_id': 'P24', 'price': 150}, {'product_id': 'P34', 'price': 27}, {'product_id': 'P26', 'price': 1611}]",2019-01-13 03:58:00
C120,"[{'product_id': 'P25', 'price': 1910}]",2019-01-13 05:22:00
C126,"[{'product_id': 'P10', 'price': 682}, {'product_id': 'P09', 'price': 661}, {'product_id': 'P05', 'price': 946}]",2019-01-13 07:35:00
C133,"[{'product_id': 'P35', 'price': 469}]",2019-01-13 07:01:00
C135,"[{'product_id': 'P55', 'price': 92}, {'product_id': 'P56', 'price': 259}, {'product_id': 'P47', 'price': 921}]",2019-01-13 11:32:00
