{"customer_id": "C2", "basket": [{"product_id": "P30", "price": 1014}], "date_of_purchase": "2019-01-13 20:28:00"}
{"customer_id": "C3", "basket": [{"product_id": "P32", "price": 1864}], "date_of_purchase": "2019-01-13 02:51:00"}
{"customer_id": "C31", "basket": [{"product_id": "P36", "price": 1571}], "date_of_purchase": "2019-01-13 21:08:00"}
{"customer_id": "C32", "basket": [{"product_id": "P38", "price": 612}], "date_of_purchase": "2019-01-13 10:27:00"}
{"customer_id": "C37", "basket": [{"product_id": "P40", "price": 441}, {"product_id": "P39", "price": 1918}, {"product_id": "P39", "price": 212}], "date_of_purchase": "2019-01-13 08:49:00"}
{"customer_id": "C42", "basket": [{"product_id": "P27", "price": 35}], "date_of_purchase": "2019-01-13 18:56:00"}
{"customer_id": "C51", "basket": [{"product_id": "P01", "price": 1525}, {"product_id": "P12", "price": 1920}], "date_of_purchase": "2019-01-13 20:30:00"}
{"customer_id": "C70", "basket": [{"product_id": "P19", "price": 1456}], "date_of_purchase": "2019-01-13 10:06:00"}
{"customer_id": "C74", "basket": [{"product_id": "P64", "price": 1839}], "date_of_purchase": "2019-01-13 07:40:00"}
{"customer_id": "C81", "basket": [{"product_id": "P45", "price": 729}], "date_of_purchase": "2019-01-13 20:08:00"}
{"customer_id": "C92", "basket": [{"product_id": "P63", "price": 1361}], "date_of_purchase": "2019-01-13 06:43:00"}
{"customer_id": "C94", "basket": [{"product_id": "P39", "price": 1923}, {"product_id": "P36", "price": 1797}, {"product_id": "P37", "price": 1760}], "date_of_purchase": "2019-01-13 15:25:00"}
{"customer_id": "C99", "basket": [{"product_id": "P02", "price": 1208}, {"product_id": "P06", "price": 1425}], "date_of_purchase": "2019-01-13 10:38:00"}
{"customer_id": "C104", "basket": [{"product_id": "P35", "price": 1175}], "date_of_purchase": "2019-01-13 13:05:00"}
{"customer_id": "C106", "basket": [{"product_id": "P31", "price": 78}, {"product_id": "P28", "price": 1928}], "date_of_purchase": "2019-01-13 07:30:00"}
{"customer_id": "C108", "basket": [{"product_id": "P39", "price": 3}, {"product_id": "P39", "price": 1833}, {"product_id": "P37", "price": 1680}], "date_of_purchase": "2019-01-13 05:22:00"}
{"customer_id": "C112", "basket": [{"product_id": "P37", "price": 680}, {"product_id": "P36", "price": 1983}, {"product_id": "P38", "price": 1048}], "date_of_purchase": "2019-01-13 07:30:00"}
{"customer_id": "C115", "basket": [{"product_id": "P24", "price": 150}, {"product_id": "P34", "price": 27}, {"product_id": "P26", "price": 1611}], "date_of_purchase": "2019-01-13 03:58:00"}
{"customer_id": "C120", "basket": [{"product_id": "P25", "price": 1910}], "date_of_purchase": "2019-01-13 05:22:00"}
{"customer_id": "C126", "basket": [{"product_id": "P10", "price": 682}, {"product_id": "P09", "price": 661}, {"product_id": "P05", "price": 946}], "date_of_purchase": "2019-01-13 07:35:00"}
{"customer_id": "C133", "basket": [{"product_id": "P35", "price": 469}], "date_of_purchase": "2019-01-13 07:01:00"}
{"customer_id": "C135", "basket": [{"product_id": "P55", "price": 92}, {"product_id": "P56", "price": 259}, {"product_id": "P47", "price": 921}], "date_of_purchase": "2019-01-13 11:32:00"}
