customer_id,basket,date_of_purchase
C3,"[{'product_id': 'P54', 'price': 360}, {'product_id': 'P45', 'price': 972}]",2019-02-04 13:55:00
C4,"[{'product_id': 'P58', 'price': 1426}]",2019-02-04 22:38:00
C9,"[{'product_id': 'P04', 'price': 489}, {'product_id': 'P06', 'price': 1862}, {'product_id': 'P12', 'price': 829}]",2019-02-04 06:59:00
C20,"[{'product_id': 'P38', 'price': 1924}, {'product_id': 'P37', 'price': 552}, {'product_id': 'P37', 'price': 1896}]",2019-02-04 21:37:00
C23,"[{'product_id': 'P15', 'price': 1253}, {'product_id': 'P17', 'price': 1446}]",2019-02-04 04:38:00
C29,"[{'product_id': 'P38', 'price': 1814}, {'product_id': 'P35', 'price': 757}]",2019-02-04 11:45:00
C30,"[{'product_id': 'P12', 'price': 1055}, {'product_id': 'P04', 'price': 563}, {'product_id': 'P01', 'price': 1946}]",2019-02-04 09:57:00
C31,"[{'product_id': 'P37', 'price': 1739}, {'product_id': 'P39', 'price': 520}]",2019-02-04 20:33:00
C34,"[{'product_id': 'P35', 'price': 1586}]",2019-02-04 03:59:00
C36,"[{'product_id': 'P63', 'price': 349}]",2019-02-04 07:16:00
C42,"[{'product_id': 'P30', 'price': 1957}, {'product_id': 'P26', 'price': 1892}]",2019-02-04 17:14:00
C45,"[{'product_id': 'P25', 'price': 914}]",2019-02-04 16:03:00
C49,"[{'product_id': 'P33', 'price': 1477}, {'product_id': 'P31', 'price': 143}]",2019-02-04 14:09:00
C62,"[{'product_id': 'P19', 'price': 6}]",2019-02-04 14:09:00
C67,"[{'product_id': 'P47', 'price': 1657}, {'product_id': 'P46', 'price': 1476}]",2019-02-04 06:38:00
C79,"[{'product_id': 'P03', 'price': 1797}, {'product_id': 'P01', 'price': 1876}, {'product_id': 'P11', 'price': 55}]",2019-02-04 23:52:00
C80,"[{'product_id': 'P01', 'price': 958}]",2019-02-04 23:06:00
C91,"[{'product_id': 'P59', 'price': 582}, {'product_id': 'P51', 'price': 1739}, {'product_id': 'P47', 'price': 6}]",2019-02-04 15:24:00
C118,"[{'product_id': 'P32', 'price': 1264}]",2019-02-04 19:13:00
C122,"[{'product_id': 'P16', 'price': 308}, {'product_id': 'P14', 'price': 1057}, {'product_id': 'P20', 'price': 1409}]",2019-02-04 15:45:00
C125,"[{'product_id': 'P61', 'price': 718}, {'product_id': 'P61', 'price': 1363}]",2019-02-04 07:28:00
