{"customer_id": "C3", "basket": [{"product_id": "P54", "price": 360}, {"product_id": "P45", "price": 972}], "date_of_purchase": "2019-02-04 13:55:00"}
{"customer_id": "C4", "basket": [{"product_id": "P58", "price": 1426}], "date_of_purchase": "2019-02-04 22:38:00"}
{"customer_id": "C9", "basket": [{"product_id": "P04", "price": 489}, {"product_id": "P06", "price": 1862}, {"product_id": "P12", "price": 829}], "date_of_purchase": "2019-02-04 06:59:00"}
{"customer_id": "C20", "basket": [{"product_id": "P38", "price": 1924}, {"product_id": "P37", "price": 552}, {"product_id": "P37", "price": 1896}], "date_of_purchase": "2019-02-04 21:37:00"}
{"customer_id": "C23", "basket": [{"product_id": "P15", "price": 1253}, {"product_id": "P17", "price": 1446}], "date_of_purchase": "2019-02-04 04:38:00"}
{"customer_id": "C29", "basket": [{"product_id": "P38", "price": 1814}, {"product_id": "P35", "price": 757}], "date_of_purchase": "2019-02-04 11:45:00"}
{"customer_id": "C30", "basket": [{"product_id": "P12", "price": 1055}, {"product_id": "P04", "price": 563}, {"product_id": "P01", "price": 1946}], "date_of_purchase": "2019-02-04 09:57:00"}
{"customer_id": "C31", "basket": [{"product_id": "P37", "price": 1739}, {"product_id": "P39", "price": 520}], "date_of_purchase": "2019-02-04 20:33:00"}
{"customer_id": "C34", "basket": [{"product_id": "P35", "price": 1586}], "date_of_purchase": "2019-02-04 03:59:00"}
{"customer_id": "C36", "basket": [{"product_id": "P63", "price": 349}], "date_of_purchase": "2019-02-04 07:16:00"}
{"customer_id": "C42", "basket": [{"product_id": "P30", "price": 1957}, {"product_id": "P26", "price": 1892}], "date_of_purchase": "2019-02-04 17:14:00"}
{"customer_id": "C45", "basket": [{"product_id": "P25", "price": 914}], "date_of_purchase": "2019-02-04 16:03:00"}
{"customer_id": "C49", "basket": [{"product_id": "P33", "price": 1477}, {"product_id": "P31", "price": 143}], "date_of_purchase": "2019-02-04 14:09:00"}
{"customer_id": "C62", "basket": [{"product_id": "P19", "price": 6}], "date_of_purchase": "2019-02-04 14:09:00"}
{"customer_id": "C67", "basket": [{"product_id": "P47", "price": 1657}, {"product_id": "P46", "price": 1476}], "date_of_purchase": "2019-02-04 06:38:00"}
{"customer_id": "C79", "basket": [{"product_id": "P03", "price": 1797}, {"product_id": "P01", "price": 1876}, {"product_id": "P11", "price": 55}], "date_of_purchase": "2019-02-04 23:52:00"}
{"customer_id": "C80", "basket": [{"product_id": "P01", "price": 958}], "date_of_purchase": "2019-02-04 23:06:00"}
{"customer_id": "C91", "basket": [{"product_id": "P59", "price": 582}, {"product_id": "P51", "price": 1739}, {"product_id": "P47", "price": 6}], "date_of_purchase": "2019-02-04 15:24:00"}
{"customer_id": "C118", "basket": [{"product_id": "P32", "price": 1264}], "date_of_purchase": "2019-02-04 19:13:00"}
{"customer_id": "C122", "basket": [{"product_id": "P16", "price": 308}, {"product_id": "P14", "price": 1057}, {"product_id": "P20", "price": 1409}], "date_of_purchase": "2019-02-04 15:45:00"}
{"customer_id": "C125", "basket": [{"product_id": "P61", "price": 718}, {"product_id": "P61", "price": 1363}], "date_of_purchase": "2019-02-04 07:28:00"}
