{"customer_id": "C3", "basket": [{"product_id": "P25", "price": 625}], "date_of_purchase": "2018-12-02 08:08:00"}
{"customer_id": "C17", "basket": [{"product_id": "P03", "price": 146}, {"product_id": "P06", "price": 871}, {"product_id": "P10", "price": 585}], "date_of_purchase": "2018-12-02 16:50:00"}
{"customer_id": "C18", "basket": [{"product_id": "P50", "price": 1214}, {"product_id": "P51", "price": 651}, {"product_id": "P55", "price": 1511}], "date_of_purchase": "2018-12-02 04:59:00"}
{"customer_id": "C22", "basket": [{"product_id": "P52", "price": 190}, {"product_id": "P45", "price": 1790}], "date_of_purchase": "2018-12-02 09:38:00"}
{"customer_id": "C24", "basket": [{"product_id": "P35", "price": 1644}, {"product_id": "P37", "price": 819}, {"product_id": "P37", "price": 166}], "date_of_purchase": "2018-12-02 22:58:00"}
{"customer_id": "C26", "basket": [{"product_id": "P41", "price": 1692}, {"product_id": "P43", "price": 565}, {"product_id": "P55", "price": 877}], "date_of_purchase": "2018-12-02 14:27:00"}
{"customer_id": "C40", "basket": [{"product_id": "P09", "price": 611}, {"product_id": "P08", "price": 415}, {"product_id": "P07", "price": 1260}], "date_of_purchase": "2018-12-02 03:23:00"}
{"customer_id": "C56", "basket": [{"product_id": "P01", "price": 33}, {"product_id": "P08", "price": 1311}], "date_of_purchase": "2018-12-02 21:12:00"}
{"customer_id": "C66", "basket": [{"product_id": "P36", "price": 970}], "date_of_purchase": "2018-12-02 09:44:00"}
{"customer_id": "C98", "basket": [{"product_id": "P14", "price": 1364}], "date_of_purchase": "2018-12-02 22:17:00"}
{"customer_id": "C99", "basket": [{"product_id": "P04", "price": 1886}], "date_of_purchase": "2018-12-02 03:10:00"}
{"customer_id": "C100", "basket": [{"product_id": "P24", "price": 1343}, {"product_id": "P25", "price": 645}, {"product_id": "P26", "price": 64}], "date_of_purchase": "2018-12-02 06:49:00"}
{"customer_id": "C120", "basket": [{"product_id": "P31", "price": 41}, {"product_id": "P30", "price": 141}, {"product_id": "P23", "price": 1835}], "date_of_purchase": "2018-12-02 16:50:00"}
{"customer_id": "C121", "basket": [{"product_id": "P05", "price": 1117}, {"product_id": "P11", "price": 930}, {"product_id": "P12", "price": 363}], "date_of_purchase": "2018-12-02 16:58:00"}
{"customer_id": "C124", "basket": [{"product_id": "P62", "price": 266}], "date_of_purchase": "2018-12-02 04:11:00"}
