{"customer_id": "C5", "basket": [{"product_id": "P50", "price": 1170}], "date_of_purchase": "2018-12-16 22:33:00"}
{"customer_id": "C8", "basket": [{"product_id": "P61", "price": 99}, {"product_id": "P64", "price": 1062}], "date_of_purchase": "2018-12-16 16:05:00"}
{"customer_id": "C11", "basket": [{"product_id": "P07", "price": 1985}], "date_of_purchase": "2018-12-16 10:35:00"}
{"customer_id": "C41", "basket": [{"product_id": "P01", "price": 1895}], "date_of_purchase": "2018-12-16 19:16:00"}
{"customer_id": "C44", "basket": [{"product_id": "P61", "price": 108}, {"product_id": "P62", "price": 1183}, {"product_id": "P64", "price": 1527}], "date_of_purchase": "2018-12-16 14:28:00"}
{"customer_id": "C47", "basket": [{"product_id": "P40", "price": 801}], "date_of_purchase": "2018-12-16 07:58:00"}
{"customer_id": "C48", "basket": [{"product_id": "P37", "price": 1132}], "date_of_purchase": "2018-12-16 12:58:00"}
{"customer_id": "C60", "basket": [{"product_id": "P08", "price": 557}, {"product_id": "P09", "price": 43}, {"product_id": "P04", "price": 1432}], "date_of_purchase": "2018-12-16 07:27:00"}
{"customer_id": "C65", "basket": [{"product_id": "P62", "price": 1932}, {"product_id": "P62", "price": 912}, {"product_id": "P62", "price": 1023}], "date_of_purchase": "2018-12-16 05:19:00"}
{"customer_id": "C71", "basket": [{"product_id": "P04", "price": 193}, {"product_id": "P06", "price": 594}, {"product_id": "P09", "price": 566}], "date_of_purchase": "2018-12-16 11:50:00"}
{"customer_id": "C73", "basket": [{"product_id": "P16", "price": 1435}, {"product_id": "P14", "price": 1733}], "date_of_purchase": "2018-12-16 11:40:00"}
{"customer_id": "C74", "basket": [{"product_id": "P44", "price": 1930}, {"product_id": "P50", "price": 910}], "date_of_purchase": "2018-12-16 14:54:00"}
{"customer_id": "C75", "basket": [{"product_id": "P40", "price": 405}], "date_of_purchase": "2018-12-16 13:06:00"}
{"customer_id": "C76", "basket": [{"product_id": "P63", "price": 160}, {"product_id": "P63", "price": 1884}, {"product_id": "P62", "price": 871}], "date_of_purchase": "2018-12-16 23:35:00"}
{"customer_id": "C81", "basket": [{"product_id": "P33", "price": 1133}, {"product_id": "P30", "price": 270}, {"product_id": "P24", "price": 1040}], "date_of_purchase": "2018-12-16 09:32:00"}
{"customer_id": "C93", "basket": [{"product_id": "P44", "price": 123}, {"product_id": "P59", "price": 154}, {"product_id": "P60", "price": 1978}], "date_of_purchase": "2018-12-16 04:29:00"}
{"customer_id": "C96", "basket": [{"product_id": "P39", "price": 1350}], "date_of_purchase": "2018-12-16 19:03:00"}
{"customer_id": "C101", "basket": [{"product_id": "P27", "price": 1682}, {"product_id": "P24", "price": 847}], "date_of_purchase": "2018-12-16 09:08:00"}
{"customer_id": "C107", "basket": [{"product_id": "P46", "price": 1325}], "date_of_purchase": "2018-12-16 02:52:00"}
{"customer_id": "C116", "basket": [{"product_id": "P62", "price": 627}, {"product_id": "P64", "price": 112}, {"product_id": "P62", "price": 1272}], "date_of_purchase": "2018-12-16 12:52:00"}
{"customer_id": "C117", "basket": [{"product_id": "P15", "price": 452}, {"product_id": "P19", "price": 879}], "date_of_purchase": "2018-12-16 06:50:00"}
{"customer_id": "C130", "basket": [{"product_id": "P48", "price": 251}], "date_of_purchase": "2018-12-16 23:45:00"}
{"customer_id": "C133", "basket": [{"product_id": "P60", "price": 1868}, {"product_id": "P56", "price": 42}], "date_of_purchase": "2018-12-16 05:12:00"}
