customer_id,basket,date_of_purchase
C5,"[{'product_id': 'P50', 'price': 1170}]",2018-12-16 22:33:00
C8,"[{'product_id': 'P61', 'price': 99}, {'product_id': 'P64', 'price': 1062}]",2018-12-16 16:05:00
C11,"[{'product_id': 'P07', 'price': 1985}]",2018-12-16 10:35:00
C41,"[{'product_id': 'P01', 'price': 1895}]",2018-12-16 19:16:00
C44,"[{'product_id': 'P61', 'price': 108}, {'product_id': 'P62', 'price': 1183}, {'product_id': 'P64', 'price': 1527}]",2018-12-16 14:28:00
C47,"[{'product_id': 'P40', 'price': 801}]",2018-12-16 07:58:00
C48,"[{'product_id': 'P37', 'price': 1132}]",2018-12-16 12:58:00
C60,"[{'product_id': 'P08', 'price': 557}, {'product_id': 'P09', 'price': 43}, {'product_id': 'P04', 'price': 1432}]",2018-12-16 07:27:00
C65,"[{'product_id': 'P62', 'price': 1932}, {'product_id': 'P62', 'price': 912}, {'product_id': 'P62', 'price': 1023}]",2018-12-16 05:19:00
C71,"[{'product_id': 'P04', 'price': 193}, {'product_id': 'P06', 'price': 594}, {'product_id': 'P09', 'price': 566}]",2018-12-16 11:50:00
C73,"[{'product_id': 'P16', 'price': 1435}, {'product_id': 'P14', 'price': 1733}]",2018-12-16 11:40:00
C74,"[{'product_id': 'P44', 'price': 1930}, {'product_id': 'P50', 'price': 910}]",2018-12-16 14:54:00
C75,"[{'product_id': 'P40', 'price': 405}]",2018-12-16 13:06:00
C76,"[{'product_id': 'P63', 'price': 160}, {'product_id': 'P63', 'price': 1884}, {'product_id': 'P62', 'price': 871}]",2018-12-16 23:35:00
C81,"[{'product_id': 'P33', 'price': 1133}, {'product_id': 'P30', 'price': 270}, {'product_id': 'P24', 'price': 1040}]",2018-12-16 09:32:00
C93,"[{'product_id': 'P44', 'price': 123}, {'product_id': 'P59', 'price': 154}, {'product_id': 'P60', 'price': 1978}]",2018-12-16 04:29:00
C96,"[{'product_id': 'P39', 'price': 1350}]",2018-12-16 19:03:00
C101,"[{'product_id': 'P27', 'price': 1682}, {'product_id': 'P24', 'price': 847}]",2018-12-16 09:08:00
C107,"[{'product_id': 'P46', 'price': 1325}]",2018-12-16 02:52:00
C116,"[{'product_id': 'P62', 'price': 627}, {'product_id': 'P64', 'price': 112}, {'product_id': 'P62', 'price': 1272}]",2018-12-16 12:52:00
C117,"[{'product_id': 'P15', 'price': 452}, {'product_id': 'P19', 'price': 879}]",2018-12-16 06:50:00
C130,"[{'product_id': 'P48', 'price': 251}]",2018-12-16 23:45:00
C133,"[{'product_id': 'P60', 'price': 1868}, {'product_id': 'P56', 'price': 42}]",2018-12-16 05:12:00
