{"customer_id": "C7", "basket": [{"product_id": "P25", "price": 859}], "date_of_purchase": "2018-12-05 14:54:00"}
{"customer_id": "C12", "basket": [{"product_id": "P32", "price": 11}, {"product_id": "P22", "price": 1118}], "date_of_purchase": "2018-12-05 05:05:00"}
{"customer_id": "C18", "basket": [{"product_id": "P38", "price": 664}, {"product_id": "P38", "price": 818}, {"product_id": "P36", "price": 1356}], "date_of_purchase": "2018-12-05 20:07:00"}
{"customer_id": "C20", "basket": [{"product_id": "P46", "price": 679}], "date_of_purchase": "2018-12-05 14:29:00"}
{"customer_id": "C25", "basket": [{"product_id": "P33", "price": 111}, {"product_id": "P30", "price": 922}, {"product_id": "P26", "price": 1876}], "date_of_purchase": "2018-12-05 04:56:00"}
{"customer_id": "C33", "basket": [{"product_id": "P11", "price": 1708}], "date_of_purchase": "2018-12-05 07:34:00"}
{"customer_id": "C38", "basket": [{"product_id": "P48", "price": 761}], "date_of_purchase": "2018-12-05 22:04:00"}
{"customer_id": "C48", "basket": [{"product_id": "P37", "price": 472}], "date_of_purchase": "2018-12-05 05:36:00"}
{"customer_id": "C51", "basket": [{"product_id": "P45", "price": 400}, {"product_id": "P42", "price": 1485}], "date_of_purchase": "2018-12-05 19:22:00"}
{"customer_id": "C65", "basket": [{"product_id": "P64", "price": 1263}], "date_of_purchase": "2018-12-05 21:06:00"}
{"customer_id": "C76", "basket": [{"product_id": "P61", "price": 1566}, {"product_id": "P62", "price": 1489}, {"product_id": "P62", "price": 735}], "date_of_purchase": "2018-12-05 21:10:00"}
{"customer_id": "C77", "basket": [{"product_id": "P61", "price": 1382}, {"product_id": "P61", "price": 1784}], "date_of_purchase": "2018-12-05 07:57:00"}
{"customer_id": "C85", "basket": [{"product_id": "P58", "price": 1906}, {"product_id": "P48", "price": 1320}, {"product_id": "P59", "price": 531}], "date_of_purchase": "2018-12-05 10:08:00"}
{"customer_id": "C93", "basket": [{"product_id": "P55", "price": 1832}, {"product_id": "P53", "price": 1704}, {"product_id": "P55", "price": 1938}], "date_of_purchase": "2018-12-05 08:26:00"}
{"customer_id": "C97", "basket": [{"product_id": "P39", "price": 308}], "date_of_purchase": "2018-12-05 20:43:00"}
{"customer_id": "C99", "basket": [{"product_id": "P37", "price": 1538}, {"product_id": "P38", "price": 452}, {"product_id": "P40", "price": 519}], "date_of_purchase": "2018-12-05 10:55:00"}
{"customer_id": "C112", "basket": [{"product_id": "P35", "price": 710}, {"product_id": "P39", "price": 780}], "date_of_purchase": "2018-12-05 23:32:00"}
{"customer_id": "C114", "basket": [{"product_id": "P49", "price": 292}], "date_of_purchase": "2018-12-05 07:29:00"}
{"customer_id": "C128", "basket": [{"product_id": "P39", "price": 1696}], "date_of_purchase": "2018-12-05 21:58:00"}
{"customer_id": "C134", "basket": [{"product_id": "P23", "price": 1351}, {"product_id": "P29", "price": 1115}], "date_of_purchase": "2018-12-05 20:10:00"}
