customer_id,basket,date_of_purchase
C7,"[{'product_id': 'P25', 'price': 859}]",2018-12-05 14:54:00
C12,"[{'product_id': 'P32', 'price': 11}, {'product_id': 'P22', 'price': 1118}]",2018-12-05 05:05:00
C18,"[{'product_id': 'P38', 'price': 664}, {'product_id': 'P38', 'price': 818}, {'product_id': 'P36', 'price': 1356}]",2018-12-05 20:07:00
C20,"[{'product_id': 'P46', 'price': 679}]",2018-12-05 14:29:00
C25,"[{'product_id': 'P33', 'price': 111}, {'product_id': 'P30', 'price': 922}, {'product_id': 'P26', 'price': 1876}]",2018-12-05 04:56:00
C33,"[{'product_id': 'P11', 'price': 1708}]",2018-12-05 07:34:00
C38,"[{'product_id': 'P48', 'price': 761}]",2018-12-05 22:04:00
C48,"[{'product_id': 'P37', 'price': 472}]",2018-12-05 05:36:00
C51,"[{'product_id': 'P45', 'price': 400}, {'product_id': 'P42', 'price': 1485}]",2018-12-05 19:22:00
C65,"[{'product_id': 'P64', 'price': 1263}]",2018-12-05 21:06:00
C76,"[{'product_id': 'P61', 'price': 1566}, {'product_id': 'P62', 'price': 1489}, {'product_id': 'P62', 'price': 735}]",2018-12-05 21:10:00
C77,"[{'product_id': 'P61', 'price': 1382}, {'product_id': 'P61', 'price': 1784}]",2018-12-05 07:57:00
C85,"[{'product_id': 'P58', 'price': 1906}, {'product_id': 'P48', 'price': 1320}, {'product_id': 'P59', 'price': 531}]",2018-12-05 10:08:00
C93,"[{'product_id': 'P55', 'price': 1832}, {'product_id': 'P53', 'price': 1704}, {'product_id': 'P55', 'price': 1938}]",2018-12-05 08:26:00
C97,"[{'product_id': 'P39', 'price': 308}]",2018-12-05 20:43:00
C99,"[{'product_id': 'P37', 'price': 1538}, {'product_id': 'P38', 'price': 452}, {'product_id': 'P40', 'price': 519}]",2018-12-05 10:55:00
C112,"[{'product_id': 'P35', 'price': 710}, {'product_id': 'P39', 'price': 780}]",2018-12-05 23:32:00
C114,"[{'product_id': 'P49', 'price': 292}]",2018-12-05 07:29:00
C128,"[{'product_id': 'P39', 'price': 1696}]",2018-12-05 21:58:00
C134,"[{'product_id': 'P23', 'price': 1351}, {'product_id': 'P29', 'price': 1115}]",2018-12-05 20:10:00
