{"customer_id": "C3", "basket": [{"product_id": "P37", "price": 643}, {"product_id": "P36", "price": 1713}, {"product_id": "P35", "price": 1158}], "date_of_purchase": "2019-02-06 19:59:00"}
{"customer_id": "C7", "basket": [{"product_id": "P34", "price": 388}, {"product_id": "P25", "price": 97}, {"product_id": "P32", "price": 1444}], "date_of_purchase": "2019-02-06 03:17:00"}
{"customer_id": "C18", "basket": [{"product_id": "P39", "price": 439}, {"product_id": "P37", "price": 1937}], "date_of_purchase": "2019-02-06 04:19:00"}
{"customer_id": "C21", "basket": [{"product_id": "P37", "price": 1661}], "date_of_purchase": "2019-02-06 15:45:00"}
{"customer_id": "C23", "basket": [{"product_id": "P40", "price": 1224}, {"product_id": "P39", "price": 216}, {"product_id": "P37", "price": 1440}], "date_of_purchase": "2019-02-06 18:31:00"}
{"customer_id": "C25", "basket": [{"product_id": "P42", "price": 1844}, {"product_id": "P46", "price": 75}, {"product_id": "P59", "price": 1362}], "date_of_purchase": "2019-02-06 20:47:00"}
{"customer_id": "C41", "basket": [{"product_id": "P12", "price": 1587}, {"product_id": "P02", "price": 1249}, {"product_id": "P11", "price": 60}], "date_of_purchase": "2019-02-06 07:23:00"}
{"customer_id": "C50", "basket": [{"product_id": "P02", "price": 1520}, {"product_id": "P07", "price": 923}], "date_of_purchase": "2019-02-06 18:29:00"}
{"customer_id": "C61", "basket": [{"product_id": "P59", "price": 712}, {"product_id": "P49", "price": 1916}], "date_of_purchase": "2019-02-06 21:13:00"}
{"customer_id": "C70", "basket": [{"product_id": "P64", "price": 1183}, {"product_id": "P64", "price": 55}], "date_of_purchase": "2019-02-06 04:14:00"}
{"customer_id": "C79", "basket": [{"product_id": "P04", "price": 25}], "date_of_purchase": "2019-02-06 15:46:00"}
{"customer_id": "C80", "basket": [{"product_id": "P12", "price": 540}], "date_of_purchase": "2019-02-06 09:07:00"}
{"customer_id": "C82", "basket": [{"product_id": "P24", "price": 1179}], "date_of_purchase": "2019-02-06 05:04:00"}
{"customer_id": "C83", "basket": [{"product_id": "P35", "price": 1962}, {"product_id": "P38", "price": 1802}], "date_of_purchase": "2019-02-06 15:51:00"}
{"customer_id": "C92", "basket": [{"product_id": "P37", "price": 681}, {"product_id": "P37", "price": 26}, {"product_id": "P38", "price": 1052}], "date_of_purchase": "2019-02-06 12:25:00"}
{"customer_id": "C93", "basket": [{"product_id": "P58", "price": 1251}, {"product_id": "P48", "price": 1998}], "date_of_purchase": "2019-02-06 20:12:00"}
{"customer_id": "C95", "basket": [{"product_id": "P31", "price": 334}], "date_of_purchase": "2019-02-06 07:44:00"}
{"customer_id": "C106", "basket": [{"product_id": "P34", "price": 1653}, {"product_id": "P24", "price": 122}], "date_of_purchase": "2019-02-06 13:29:00"}
{"customer_id": "C128", "basket": [{"product_id": "P40", "price": 188}, {"product_id": "P37", "price": 1449}, {"product_id": "P37", "price": 173}], "date_of_purchase": "2019-02-06 21:14:00"}
{"customer_id": "C130", "basket": [{"product_id": "P48", "price": 1518}, {"product_id": "P43", "price": 1373}], "date_of_purchase": "2019-02-06 13:48:00"}
{"customer_id": "C136", "basket": [{"product_id": "P51", "price": 1382}], "date_of_purchase": "2019-02-06 18:43:00"}
