customer_id,basket,date_of_purchase
C3,"[{'product_id': 'P37', 'price': 643}, {'product_id': 'P36', 'price': 1713}, {'product_id': 'P35', 'price': 1158}]",2019-02-06 19:59:00
C7,"[{'product_id': 'P34', 'price': 388}, {'product_id': 'P25', 'price': 97}, {'product_id': 'P32', 'price': 1444}]",2019-02-06 03:17:00
C18,"[{'product_id': 'P39', 'price': 439}, {'product_id': 'P37', 'price': 1937}]",2019-02-06 04:19:00
C21,"[{'product_id': 'P37', 'price': 1661}]",2019-02-06 15:45:00
C23,"[{'product_id': 'P40', 'price': 1224}, {'product_id': 'P39', 'price': 216}, {'product_id': 'P37', 'price': 1440}]",2019-02-06 18:31:00
C25,"[{'product_id': 'P42', 'price': 1844}, {'product_id': 'P46', 'price': 75}, {'product_id': 'P59', 'price': 1362}]",2019-02-06 20:47:00
C41,"[{'product_id': 'P12', 'price': 1587}, {'product_id': 'P02', 'price': 1249}, {'product_id': 'P11', 'price': 60}]",2019-02-06 07:23:00
C50,"[{'product_id': 'P02', 'price': 1520}, {'product_id': 'P07', 'price': 923}]",2019-02-06 18:29:00
C61,"[{'product_id': 'P59', 'price': 712}, {'product_id': 'P49', 'price': 1916}]",2019-02-06 21:13:00
C70,"[{'product_id': 'P64', 'price': 1183}, {'product_id': 'P64', 'price': 55}]",2019-02-06 04:14:00
C79,"[{'product_id': 'P04', 'price': 25}]",2019-02-06 15:46:00
C80,"[{'product_id': 'P12', 'price': 540}]",2019-02-06 09:07:00
C82,"[{'product_id': 'P24', 'price': 1179}]",2019-02-06 05:04:00
C83,"[{'product_id': 'P35', 'price': 1962}, {'product_id': 'P38', 'price': 1802}]",2019-02-06 15:51:00
C92,"[{'product_id': 'P37', 'price': 681}, {'product_id': 'P37', 'price': 26}, {'product_id': 'P38', 'price': 1052}]",2019-02-06 12:25:00
C93,"[{'product_id': 'P58', 'price': 1251}, {'product_id': 'P48', 'price': 1998}]",2019-02-06 20:12:00
C95,"[{'product_id': 'P31', 'price': 334}]",2019-02-06 07:44:00
C106,"[{'product_id': 'P34', 'price': 1653}, {'product_id': 'P24', 'price': 122}]",2019-02-06 13:29:00
C128,"[{'product_id': 'P40', 'price': 188}, {'product_id': 'P37', 'price': 1449}, {'product_id': 'P37', 'price': 173}]",2019-02-06 21:14:00
C130,"[{'product_id': 'P48', 'price': 1518}, {'product_id': 'P43', 'price': 1373}]",2019-02-06 13:48:00
C136,"[{'product_id': 'P51', 'price': 1382}]",2019-02-06 18:43:00
