customer_id,basket,date_of_purchase
C4,"[{'product_id': 'P04', 'price': 811}, {'product_id': 'P02', 'price': 371}, {'product_id': 'P01', 'price': 353}]",2018-12-11 03:44:00
C5,"[{'product_id': 'P57', 'price': 1622}, {'product_id': 'P51', 'price': 1398}]",2018-12-11 13:40:00
C10,"[{'product_id': 'P62', 'price': 1}]",2018-12-11 10:23:00
C16,"[{'product_id': 'P38', 'price': 1037}, {'product_id': 'P36', 'price': 1387}, {'product_id': 'P35', 'price': 402}]",2018-12-11 08:12:00
C19,"[{'product_id': 'P22', 'price': 1248}, {'product_id': 'P33', 'price': 647}]",2018-12-11 19:00:00
C30,"[{'product_id': 'P01', 'price': 1069}]",2018-12-11 14:06:00
C35,"[{'product_id': 'P38', 'price': 266}]",2018-12-11 04:38:00
C42,"[{'product_id': 'P27', 'price': 1853}]",2018-12-11 13:21:00
C48,"[{'product_id': 'P42', 'price': 114}, {'product_id': 'P59', 'price': 392}]",2018-12-11 03:52:00
C66,"[{'product_id': 'P36', 'price': 72}, {'product_id': 'P36', 'price': 154}]",2018-12-11 22:36:00
C69,"[{'product_id': 'P62', 'price': 599}, {'product_id': 'P62', 'price': 419}]",2018-12-11 20:03:00
C72,"[{'product_id': 'P42', 'price': 1564}, {'product_id': 'P53', 'price': 1470}, {'product_id': 'P54', 'price': 22}]",2018-12-11 17:42:00
C77,"[{'product_id': 'P10', 'price': 166}, {'product_id': 'P12', 'price': 636}, {'product_id': 'P11', 'price': 446}]",2018-12-11 05:48:00
C82,"[{'product_id': 'P35', 'price': 1520}, {'product_id': 'P37', 'price': 1509}, {'product_id': 'P40', 'price': 1232}]",2018-12-11 18:59:00
C91,"[{'product_id': 'P57', 'price': 680}, {'product_id': 'P50', 'price': 1839}]",2018-12-11 05:21:00
C93,"[{'product_id': 'P43', 'price': 1758}, {'product_id': 'P53', 'price': 324}, {'product_id': 'P52', 'price': 1538}]",2018-12-11 08:16:00
C98,"[{'product_id': 'P20', 'price': 1128}, {'product_id': 'P15', 'price': 648}, {'product_id': 'P15', 'price': 1297}]",2018-12-11 04:18:00
C99,"[{'product_id': 'P35', 'price': 964}, {'product_id': 'P40', 'price': 1852}]",2018-12-11 05:47:00
C101,"[{'product_id': 'P22', 'price': 95}, {'product_id': 'P33', 'price': 1580}]",2018-12-11 22:38:00
C106,"[{'product_id': 'P10', 'price': 1124}, {'product_id': 'P01', 'price': 725}]",2018-12-11 05:02:00
C111,"[{'product_id': 'P26', 'price': 557}, {'product_id': 'P23', 'price': 159}, {'product_id': 'P31', 'price': 549}]",2018-12-11 12:10:00
C115,"[{'product_id': 'P59', 'price': 1084}, {'product_id': 'P57', 'price': 1092}]",2018-12-11 10:54:00
C119,"[{'product_id': 'P39', 'price': 1699}, {'product_id': 'P39', 'price': 1432}]",2018-12-11 11:47:00
C122,"[{'product_id': 'P59', 'price': 1697}, {'product_id': 'P44', 'price': 1139}, {'product_id': 'P49', 'price': 1142}]",2018-12-11 22:01:00
C123,"[{'product_id': 'P09', 'price': 239}, {'product_id': 'P05', 'price': 321}, {'product_id': 'P01', 'price': 1169}]",2018-12-11 12:38:00
C128,"[{'product_id': 'P36', 'price': 939}]",2018-12-11 08:31:00
C129,"[{'product_id': 'P61', 'price': 1838}, {'product_id': 'P62', 'price': 72}]",2018-12-11 07:59:00
C134,"[{'product_id': 'P25', 'price': 1576}, {'product_id': 'P34', 'price': 2000}]",2018-12-11 14:59:00
C137,"[{'product_id': 'P07', 'price': 1927}, {'product_id': 'P01', 'price': 347}]",2018-12-11 16:39:00
