{"customer_id": "C4", "basket": [{"product_id": "P04", "price": 811}, {"product_id": "P02", "price": 371}, {"product_id": "P01", "price": 353}], "date_of_purchase": "2018-12-11 03:44:00"}
{"customer_id": "C5", "basket": [{"product_id": "P57", "price": 1622}, {"product_id": "P51", "price": 1398}], "date_of_purchase": "2018-12-11 13:40:00"}
{"customer_id": "C10", "basket": [{"product_id": "P62", "price": 1}], "date_of_purchase": "2018-12-11 10:23:00"}
{"customer_id": "C16", "basket": [{"product_id": "P38", "price": 1037}, {"product_id": "P36", "price": 1387}, {"product_id": "P35", "price": 402}], "date_of_purchase": "2018-12-11 08:12:00"}
{"customer_id": "C19", "basket": [{"product_id": "P22", "price": 1248}, {"product_id": "P33", "price": 647}], "date_of_purchase": "2018-12-11 19:00:00"}
{"customer_id": "C30", "basket": [{"product_id": "P01", "price": 1069}], "date_of_purchase": "2018-12-11 14:06:00"}
{"customer_id": "C35", "basket": [{"product_id": "P38", "price": 266}], "date_of_purchase": "2018-12-11 04:38:00"}
{"customer_id": "C42", "basket": [{"product_id": "P27", "price": 1853}], "date_of_purchase": "2018-12-11 13:21:00"}
{"customer_id": "C48", "basket": [{"product_id": "P42", "price": 114}, {"product_id": "P59", "price": 392}], "date_of_purchase": "2018-12-11 03:52:00"}
{"customer_id": "C66", "basket": [{"product_id": "P36", "price": 72}, {"product_id": "P36", "price": 154}], "date_of_purchase": "2018-12-11 22:36:00"}
{"customer_id": "C69", "basket": [{"product_id": "P62", "price": 599}, {"product_id": "P62", "price": 419}], "date_of_purchase": "2018-12-11 20:03:00"}
{"customer_id": "C72", "basket": [{"product_id": "P42", "price": 1564}, {"product_id": "P53", "price": 1470}, {"product_id": "P54", "price": 22}], "date_of_purchase": "2018-12-11 17:42:00"}
{"customer_id": "C77", "basket": [{"product_id": "P10", "price": 166}, {"product_id": "P12", "price": 636}, {"product_id": "P11", "price": 446}], "date_of_purchase": "2018-12-11 05:48:00"}
{"customer_id": "C82", "basket": [{"product_id": "P35", "price": 1520}, {"product_id": "P37", "price": 1509}, {"product_id": "P40", "price": 1232}], "date_of_purchase": "2018-12-11 18:59:00"}
{"customer_id": "C91", "basket": [{"product_id": "P57", "price": 680}, {"product_id": "P50", "price": 1839}], "date_of_purchase": "2018-12-11 05:21:00"}
{"customer_id": "C93", "basket": [{"product_id": "P43", "price": 1758}, {"product_id": "P53", "price": 324}, {"product_id": "P52", "price": 1538}], "date_of_purchase": "2018-12-11 08:16:00"}
{"customer_id": "C98", "basket": [{"product_id": "P20", "price": 1128}, {"product_id": "P15", "price": 648}, {"product_id": "P15", "price": 1297}], "date_of_purchase": "2018-12-11 04:18:00"}
{"customer_id": "C99", "basket": [{"product_id": "P35", "price": 964}, {"product_id": "P40", "price": 1852}], "date_of_purchase": "2018-12-11 05:47:00"}
{"customer_id": "C101", "basket": [{"product_id": "P22", "price": 95}, {"product_id": "P33", "price": 1580}], "date_of_purchase": "2018-12-11 22:38:00"}
{"customer_id": "C106", "basket": [{"product_id": "P10", "price": 1124}, {"product_id": "P01", "price": 725}], "date_of_purchase": "2018-12-11 05:02:00"}
{"customer_id": "C111", "basket": [{"product_id": "P26", "price": 557}, {"product_id": "P23", "price": 159}, {"product_id": "P31", "price": 549}], "date_of_purchase": "2018-12-11 12:10:00"}
{"customer_id": "C115", "basket": [{"product_id": "P59", "price": 1084}, {"product_id": "P57", "price": 1092}], "date_of_purchase": "2018-12-11 10:54:00"}
{"customer_id": "C119", "basket": [{"product_id": "P39", "price": 1699}, {"product_id": "P39", "price": 1432}], "date_of_purchase": "2018-12-11 11:47:00"}
{"customer_id": "C122", "basket": [{"product_id": "P59", "price": 1697}, {"product_id": "P44", "price": 1139}, {"product_id": "P49", "price": 1142}], "date_of_purchase": "2018-12-11 22:01:00"}
{"customer_id": "C123", "basket": [{"product_id": "P09", "price": 239}, {"product_id": "P05", "price": 321}, {"product_id": "P01", "price": 1169}], "date_of_purchase": "2018-12-11 12:38:00"}
{"customer_id": "C128", "basket": [{"product_id": "P36", "price": 939}], "date_of_purchase": "2018-12-11 08:31:00"}
{"customer_id": "C129", "basket": [{"product_id": "P61", "price": 1838}, {"product_id": "P62", "price": 72}], "date_of_purchase": "2018-12-11 07:59:00"}
{"customer_id": "C134", "basket": [{"product_id": "P25", "price": 1576}, {"product_id": "P34", "price": 2000}], "date_of_purchase": "2018-12-11 14:59:00"}
{"customer_id": "C137", "basket": [{"product_id": "P07", "price": 1927}, {"product_id": "P01", "price": 347}], "date_of_purchase": "2018-12-11 16:39:00"}
