{"customer_id": "C1", "basket": [{"product_id": "P23", "price": 1868}], "date_of_purchase": "2019-02-23 03:04:00"}
{"customer_id": "C7", "basket": [{"product_id": "P29", "price": 736}, {"product_id": "P27", "price": 1812}, {"product_id": "P32", "price": 854}], "date_of_purchase": "2019-02-23 19:02:00"}
{"customer_id": "C10", "basket": [{"product_id": "P63", "price": 1939}], "date_of_purchase": "2019-02-23 17:42:00"}
{"customer_id": "C11", "basket": [{"product_id": "P01", "price": 1098}], "date_of_purchase": "2019-02-23 07:33:00"}
{"customer_id": "C27", "basket": [{"product_id": "P38", "price": 468}], "date_of_purchase": "2019-02-23 08:26:00"}
{"customer_id": "C32", "basket": [{"product_id": "P26", "price": 330}], "date_of_purchase": "2019-02-23 09:29:00"}
{"customer_id": "C35", "basket": [{"product_id": "P34", "price": 252}], "date_of_purchase": "2019-02-23 10:30:00"}
{"customer_id": "C38", "basket": [{"product_id": "P42", "price": 767}], "date_of_purchase": "2019-02-23 17:17:00"}
{"customer_id": "C39", "basket": [{"product_id": "P59", "price": 1556}], "date_of_purchase": "2019-02-23 05:25:00"}
{"customer_id": "C40", "basket": [{"product_id": "P01", "price": 496}, {"product_id": "P12", "price": 1999}, {"product_id": "P09", "price": 85}], "date_of_purchase": "2019-02-23 23:44:00"}
{"customer_id": "C41", "basket": [{"product_id": "P45", "price": 266}], "date_of_purchase": "2019-02-23 14:08:00"}
{"customer_id": "C42", "basket": [{"product_id": "P26", "price": 1572}, {"product_id": "P33", "price": 1380}], "date_of_purchase": "2019-02-23 14:38:00"}
{"customer_id": "C43", "basket": [{"product_id": "P35", "price": 1802}, {"product_id": "P35", "price": 175}], "date_of_purchase": "2019-02-23 23:27:00"}
{"customer_id": "C44", "basket": [{"product_id": "P28", "price": 622}], "date_of_purchase": "2019-02-23 10:33:00"}
{"customer_id": "C47", "basket": [{"product_id": "P38", "price": 1552}, {"product_id": "P36", "price": 770}, {"product_id": "P40", "price": 1533}], "date_of_purchase": "2019-02-23 15:55:00"}
{"customer_id": "C48", "basket": [{"product_id": "P38", "price": 1187}], "date_of_purchase": "2019-02-23 07:53:00"}
{"customer_id": "C55", "basket": [{"product_id": "P39", "price": 800}, {"product_id": "P38", "price": 1803}], "date_of_purchase": "2019-02-23 04:31:00"}
{"customer_id": "C62", "basket": [{"product_id": "P61", "price": 779}, {"product_id": "P63", "price": 1681}, {"product_id": "P64", "price": 384}], "date_of_purchase": "2019-02-23 14:02:00"}
{"customer_id": "C65", "basket": [{"product_id": "P62", "price": 1688}, {"product_id": "P62", "price": 1320}, {"product_id": "P64", "price": 7}], "date_of_purchase": "2019-02-23 02:53:00"}
{"customer_id": "C72", "basket": [{"product_id": "P43", "price": 985}, {"product_id": "P54", "price": 885}, {"product_id": "P60", "price": 1956}], "date_of_purchase": "2019-02-23 17:58:00"}
{"customer_id": "C74", "basket": [{"product_id": "P60", "price": 1585}, {"product_id": "P41", "price": 129}], "date_of_purchase": "2019-02-23 17:00:00"}
{"customer_id": "C80", "basket": [{"product_id": "P37", "price": 211}], "date_of_purchase": "2019-02-23 14:29:00"}
{"customer_id": "C81", "basket": [{"product_id": "P18", "price": 910}, {"product_id": "P18", "price": 1615}, {"product_id": "P16", "price": 691}], "date_of_purchase": "2019-02-23 18:16:00"}
{"customer_id": "C82", "basket": [{"product_id": "P25", "price": 211}], "date_of_purchase": "2019-02-23 08:05:00"}
{"customer_id": "C85", "basket": [{"product_id": "P09", "price": 386}], "date_of_purchase": "2019-02-23 11:09:00"}
{"customer_id": "C95", "basket": [{"product_id": "P59", "price": 1084}, {"product_id": "P57", "price": 213}, {"product_id": "P46", "price": 1356}], "date_of_purchase": "2019-02-23 10:16:00"}
{"customer_id": "C100", "basket": [{"product_id": "P34", "price": 10}, {"product_id": "P24", "price": 940}, {"product_id": "P30", "price": 474}], "date_of_purchase": "2019-02-23 14:27:00"}
{"customer_id": "C101", "basket": [{"product_id": "P04", "price": 1440}, {"product_id": "P02", "price": 455}], "date_of_purchase": "2019-02-23 06:08:00"}
{"customer_id": "C103", "basket": [{"product_id": "P09", "price": 1420}, {"product_id": "P11", "price": 781}, {"product_id": "P12", "price": 1511}], "date_of_purchase": "2019-02-23 08:58:00"}
{"customer_id": "C104", "basket": [{"product_id": "P13", "price": 587}], "date_of_purchase": "2019-02-23 07:53:00"}
{"customer_id": "C105", "basket": [{"product_id": "P05", "price": 310}, {"product_id": "P07", "price": 1425}], "date_of_purchase": "2019-02-23 07:50:00"}
{"customer_id": "C106", "basket": [{"product_id": "P04", "price": 633}, {"product_id": "P12", "price": 1640}, {"product_id": "P04", "price": 1201}], "date_of_purchase": "2019-02-23 20:22:00"}
{"customer_id": "C108", "basket": [{"product_id": "P34", "price": 1791}, {"product_id": "P22", "price": 1289}], "date_of_purchase": "2019-02-23 19:49:00"}
{"customer_id": "C110", "basket": [{"product_id": "P05", "price": 559}], "date_of_purchase": "2019-02-23 15:03:00"}
{"customer_id": "C112", "basket": [{"product_id": "P52", "price": 1394}], "date_of_purchase": "2019-02-23 04:37:00"}
{"customer_id": "C118", "basket": [{"product_id": "P64", "price": 327}], "date_of_purchase": "2019-02-23 19:14:00"}
{"customer_id": "C123", "basket": [{"product_id": "P04", "price": 1322}, {"product_id": "P11", "price": 305}], "date_of_purchase": "2019-02-23 18:49:00"}
