{"customer_id": "C3", "basket": [{"product_id": "P28", "price": 843}, {"product_id": "P26", "price": 744}, {"product_id": "P27", "price": 653}], "date_of_purchase": "2018-12-04 04:13:00"}
{"customer_id": "C12", "basket": [{"product_id": "P46", "price": 99}], "date_of_purchase": "2018-12-04 22:43:00"}
{"customer_id": "C13", "basket": [{"product_id": "P07", "price": 715}, {"product_id": "P08", "price": 1617}], "date_of_purchase": "2018-12-04 20:43:00"}
{"customer_id": "C26", "basket": [{"product_id": "P48", "price": 1180}, {"product_id": "P44", "price": 1373}, {"product_id": "P43", "price": 1615}], "date_of_purchase": "2018-12-04 09:37:00"}
{"customer_id": "C28", "basket": [{"product_id": "P59", "price": 941}, {"product_id": "P46", "price": 1343}], "date_of_purchase": "2018-12-04 13:57:00"}
{"customer_id": "C35", "basket": [{"product_id": "P33", "price": 1170}], "date_of_purchase": "2018-12-04 20:04:00"}
{"customer_id": "C37", "basket": [{"product_id": "P37", "price": 1626}], "date_of_purchase": "2018-12-04 21:22:00"}
{"customer_id": "C40", "basket": [{"product_id": "P05", "price": 91}, {"product_id": "P08", "price": 139}, {"product_id": "P03", "price": 986}], "date_of_purchase": "2018-12-04 14:38:00"}
{"customer_id": "C41", "basket": [{"product_id": "P06", "price": 1241}, {"product_id": "P11", "price": 1848}], "date_of_purchase": "2018-12-04 23:28:00"}
{"customer_id": "C44", "basket": [{"product_id": "P64", "price": 956}, {"product_id": "P63", "price": 385}], "date_of_purchase": "2018-12-04 23:47:00"}
{"customer_id": "C45", "basket": [{"product_id": "P24", "price": 1633}], "date_of_purchase": "2018-12-04 11:57:00"}
{"customer_id": "C48", "basket": [{"product_id": "P40", "price": 1076}, {"product_id": "P40", "price": 1}, {"product_id": "P36", "price": 710}], "date_of_purchase": "2018-12-04 10:07:00"}
{"customer_id": "C66", "basket": [{"product_id": "P32", "price": 1921}], "date_of_purchase": "2018-12-04 13:43:00"}
{"customer_id": "C70", "basket": [{"product_id": "P37", "price": 272}, {"product_id": "P39", "price": 35}, {"product_id": "P37", "price": 46}], "date_of_purchase": "2018-12-04 09:35:00"}
{"customer_id": "C78", "basket": [{"product_id": "P50", "price": 247}, {"product_id": "P42", "price": 116}], "date_of_purchase": "2018-12-04 14:58:00"}
{"customer_id": "C80", "basket": [{"product_id": "P35", "price": 582}, {"product_id": "P40", "price": 950}, {"product_id": "P37", "price": 1394}], "date_of_purchase": "2018-12-04 08:45:00"}
{"customer_id": "C87", "basket": [{"product_id": "P02", "price": 1217}, {"product_id": "P07", "price": 1135}], "date_of_purchase": "2018-12-04 06:17:00"}
{"customer_id": "C91", "basket": [{"product_id": "P44", "price": 955}], "date_of_purchase": "2018-12-04 13:18:00"}
{"customer_id": "C100", "basket": [{"product_id": "P30", "price": 105}, {"product_id": "P33", "price": 1472}], "date_of_purchase": "2018-12-04 19:43:00"}
{"customer_id": "C106", "basket": [{"product_id": "P09", "price": 311}, {"product_id": "P04", "price": 509}], "date_of_purchase": "2018-12-04 11:17:00"}
{"customer_id": "C111", "basket": [{"product_id": "P53", "price": 1029}, {"product_id": "P58", "price": 925}], "date_of_purchase": "2018-12-04 06:41:00"}
{"customer_id": "C112", "basket": [{"product_id": "P02", "price": 1195}, {"product_id": "P02", "price": 1188}], "date_of_purchase": "2018-12-04 06:13:00"}
{"customer_id": "C114", "basket": [{"product_id": "P42", "price": 623}, {"product_id": "P44", "price": 314}, {"product_id": "P48", "price": 785}], "date_of_purchase": "2018-12-04 12:20:00"}
{"customer_id": "C118", "basket": [{"product_id": "P40", "price": 348}], "date_of_purchase": "2018-12-04 09:24:00"}
{"customer_id": "C122", "basket": [{"product_id": "P45", "price": 839}], "date_of_purchase": "2018-12-04 12:15:00"}
{"customer_id": "C129", "basket": [{"product_id": "P24", "price": 259}, {"product_id": "P22", "price": 1314}], "date_of_purchase": "2018-12-04 09:37:00"}
{"customer_id": "C130", "basket": [{"product_id": "P23", "price": 950}, {"product_id": "P25", "price": 1975}, {"product_id": "P30", "price": 1555}], "date_of_purchase": "2018-12-04 14:07:00"}
