customer_id,basket,date_of_purchase
C3,"[{'product_id': 'P28', 'price': 843}, {'product_id': 'P26', 'price': 744}, {'product_id': 'P27', 'price': 653}]",2018-12-04 04:13:00
C12,"[{'product_id': 'P46', 'price': 99}]",2018-12-04 22:43:00
C13,"[{'product_id': 'P07', 'price': 715}, {'product_id': 'P08', 'price': 1617}]",2018-12-04 20:43:00
C26,"[{'product_id': 'P48', 'price': 1180}, {'product_id': 'P44', 'price': 1373}, {'product_id': 'P43', 'price': 1615}]",2018-12-04 09:37:00
C28,"[{'product_id': 'P59', 'price': 941}, {'product_id': 'P46', 'price': 1343}]",2018-12-04 13:57:00
C35,"[{'product_id': 'P33', 'price': 1170}]",2018-12-04 20:04:00
C37,"[{'product_id': 'P37', 'price': 1626}]",2018-12-04 21:22:00
C40,"[{'product_id': 'P05', 'price': 91}, {'product_id': 'P08', 'price': 139}, {'product_id': 'P03', 'price': 986}]",2018-12-04 14:38:00
C41,"[{'product_id': 'P06', 'price': 1241}, {'product_id': 'P11', 'price': 1848}]",2018-12-04 23:28:00
C44,"[{'product_id': 'P64', 'price': 956}, {'product_id': 'P63', 'price': 385}]",2018-12-04 23:47:00
C45,"[{'product_id': 'P24', 'price': 1633}]",2018-12-04 11:57:00
C48,"[{'product_id': 'P40', 'price': 1076}, {'product_id': 'P40', 'price': 1}, {'product_id': 'P36', 'price': 710}]",2018-12-04 10:07:00
C66,"[{'product_id': 'P32', 'price': 1921}]",2018-12-04 13:43:00
C70,"[{'product_id': 'P37', 'price': 272}, {'product_id': 'P39', 'price': 35}, {'product_id': 'P37', 'price': 46}]",2018-12-04 09:35:00
C78,"[{'product_id': 'P50', 'price': 247}, {'product_id': 'P42', 'price': 116}]",2018-12-04 14:58:00
C80,"[{'product_id': 'P35', 'price': 582}, {'product_id': 'P40', 'price': 950}, {'product_id': 'P37', 'price': 1394}]",2018-12-04 08:45:00
C87,"[{'product_id': 'P02', 'price': 1217}, {'product_id': 'P07', 'price': 1135}]",2018-12-04 06:17:00
C91,"[{'product_id': 'P44', 'price': 955}]",2018-12-04 13:18:00
C100,"[{'product_id': 'P30', 'price': 105}, {'product_id': 'P33', 'price': 1472}]",2018-12-04 19:43:00
C106,"[{'product_id': 'P09', 'price': 311}, {'product_id': 'P04', 'price': 509}]",2018-12-04 11:17:00
C111,"[{'product_id': 'P53', 'price': 1029}, {'product_id': 'P58', 'price': 925}]",2018-12-04 06:41:00
C112,"[{'product_id': 'P02', 'price': 1195}, {'product_id': 'P02', 'price': 1188}]",2018-12-04 06:13:00
C114,"[{'product_id': 'P42', 'price': 623}, {'product_id': 'P44', 'price': 314}, {'product_id': 'P48', 'price': 785}]",2018-12-04 12:20:00
C118,"[{'product_id': 'P40', 'price': 348}]",2018-12-04 09:24:00
C122,"[{'product_id': 'P45', 'price': 839}]",2018-12-04 12:15:00
C129,"[{'product_id': 'P24', 'price': 259}, {'product_id': 'P22', 'price': 1314}]",2018-12-04 09:37:00
C130,"[{'product_id': 'P23', 'price': 950}, {'product_id': 'P25', 'price': 1975}, {'product_id': 'P30', 'price': 1555}]",2018-12-04 14:07:00
