{"customer_id": "C2", "basket": [{"product_id": "P40", "price": 1569}, {"product_id": "P38", "price": 928}], "date_of_purchase": "2018-12-17 20:51:00"}
{"customer_id": "C7", "basket": [{"product_id": "P34", "price": 1871}], "date_of_purchase": "2018-12-17 11:11:00"}
{"customer_id": "C13", "basket": [{"product_id": "P03", "price": 1959}, {"product_id": "P05", "price": 1382}, {"product_id": "P08", "price": 618}], "date_of_purchase": "2018-12-17 12:43:00"}
{"customer_id": "C19", "basket": [{"product_id": "P32", "price": 249}, {"product_id": "P29", "price": 1151}, {"product_id": "P25", "price": 77}], "date_of_purchase": "2018-12-17 07:18:00"}
{"customer_id": "C20", "basket": [{"product_id": "P37", "price": 990}, {"product_id": "P38", "price": 298}, {"product_id": "P40", "price": 1014}], "date_of_purchase": "2018-12-17 16:05:00"}
{"customer_id": "C24", "basket": [{"product_id": "P45", "price": 314}, {"product_id": "P55", "price": 1971}], "date_of_purchase": "2018-12-17 04:00:00"}
{"customer_id": "C27", "basket": [{"product_id": "P38", "price": 348}, {"product_id": "P35", "price": 1047}], "date_of_purchase": "2018-12-17 20:32:00"}
{"customer_id": "C36", "basket": [{"product_id": "P17", "price": 1827}], "date_of_purchase": "2018-12-17 05:53:00"}
{"customer_id": "C37", "basket": [{"product_id": "P36", "price": 572}], "date_of_purchase": "2018-12-17 15:56:00"}
{"customer_id": "C40", "basket": [{"product_id": "P06", "price": 64}, {"product_id": "P04", "price": 421}, {"product_id": "P07", "price": 853}], "date_of_purchase": "2018-12-17 07:06:00"}
{"customer_id": "C44", "basket": [{"product_id": "P42", "price": 1501}, {"product_id": "P51", "price": 487}, {"product_id": "P45", "price": 1118}], "date_of_purchase": "2018-12-17 16:12:00"}
{"customer_id": "C48", "basket": [{"product_id": "P24", "price": 1333}, {"product_id": "P30", "price": 1882}, {"product_id": "P30", "price": 1988}], "date_of_purchase": "2018-12-17 04:31:00"}
{"customer_id": "C51", "basket": [{"product_id": "P58", "price": 1076}, {"product_id": "P51", "price": 108}], "date_of_purchase": "2018-12-17 11:34:00"}
{"customer_id": "C56", "basket": [{"product_id": "P09", "price": 1276}, {"product_id": "P07", "price": 168}, {"product_id": "P12", "price": 978}], "date_of_purchase": "2018-12-17 13:59:00"}
{"customer_id": "C57", "basket": [{"product_id": "P29", "price": 304}, {"product_id": "P22", "price": 559}, {"product_id": "P22", "price": 916}], "date_of_purchase": "2018-12-17 03:09:00"}
{"customer_id": "C65", "basket": [{"product_id": "P62", "price": 1875}, {"product_id": "P63", "price": 421}], "date_of_purchase": "2018-12-17 23:14:00"}
{"customer_id": "C70", "basket": [{"product_id": "P38", "price": 736}], "date_of_purchase": "2018-12-17 11:04:00"}
{"customer_id": "C90", "basket": [{"product_id": "P48", "price": 232}], "date_of_purchase": "2018-12-17 21:29:00"}
{"customer_id": "C101", "basket": [{"product_id": "P27", "price": 1076}], "date_of_purchase": "2018-12-17 19:33:00"}
{"customer_id": "C104", "basket": [{"product_id": "P14", "price": 375}, {"product_id": "P21", "price": 795}, {"product_id": "P17", "price": 1133}], "date_of_purchase": "2018-12-17 09:22:00"}
{"customer_id": "C106", "basket": [{"product_id": "P05", "price": 60}, {"product_id": "P01", "price": 810}, {"product_id": "P04", "price": 1908}], "date_of_purchase": "2018-12-17 10:36:00"}
{"customer_id": "C127", "basket": [{"product_id": "P57", "price": 650}, {"product_id": "P42", "price": 687}], "date_of_purchase": "2018-12-17 07:42:00"}
{"customer_id": "C129", "basket": [{"product_id": "P62", "price": 619}], "date_of_purchase": "2018-12-17 22:07:00"}
{"customer_id": "C134", "basket": [{"product_id": "P26", "price": 1629}, {"product_id": "P34", "price": 1697}], "date_of_purchase": "2018-12-17 08:03:00"}
