customer_id,basket,date_of_purchase
C2,"[{'product_id': 'P40', 'price': 1569}, {'product_id': 'P38', 'price': 928}]",2018-12-17 20:51:00
C7,"[{'product_id': 'P34', 'price': 1871}]",2018-12-17 11:11:00
C13,"[{'product_id': 'P03', 'price': 1959}, {'product_id': 'P05', 'price': 1382}, {'product_id': 'P08', 'price': 618}]",2018-12-17 12:43:00
C19,"[{'product_id': 'P32', 'price': 249}, {'product_id': 'P29', 'price': 1151}, {'product_id': 'P25', 'price': 77}]",2018-12-17 07:18:00
C20,"[{'product_id': 'P37', 'price': 990}, {'product_id': 'P38', 'price': 298}, {'product_id': 'P40', 'price': 1014}]",2018-12-17 16:05:00
C24,"[{'product_id': 'P45', 'price': 314}, {'product_id': 'P55', 'price': 1971}]",2018-12-17 04:00:00
C27,"[{'product_id': 'P38', 'price': 348}, {'product_id': 'P35', 'price': 1047}]",2018-12-17 20:32:00
C36,"[{'product_id': 'P17', 'price': 1827}]",2018-12-17 05:53:00
C37,"[{'product_id': 'P36', 'price': 572}]",2018-12-17 15:56:00
C40,"[{'product_id': 'P06', 'price': 64}, {'product_id': 'P04', 'price': 421}, {'product_id': 'P07', 'price': 853}]",2018-12-17 07:06:00
C44,"[{'product_id': 'P42', 'price': 1501}, {'product_id': 'P51', 'price': 487}, {'product_id': 'P45', 'price': 1118}]",2018-12-17 16:12:00
C48,"[{'product_id': 'P24', 'price': 1333}, {'product_id': 'P30', 'price': 1882}, {'product_id': 'P30', 'price': 1988}]",2018-12-17 04:31:00
C51,"[{'product_id': 'P58', 'price': 1076}, {'product_id': 'P51', 'price': 108}]",2018-12-17 11:34:00
C56,"[{'product_id': 'P09', 'price': 1276}, {'product_id': 'P07', 'price': 168}, {'product_id': 'P12', 'price': 978}]",2018-12-17 13:59:00
C57,"[{'product_id': 'P29', 'price': 304}, {'product_id': 'P22', 'price': 559}, {'product_id': 'P22', 'price': 916}]",2018-12-17 03:09:00
C65,"[{'product_id': 'P62', 'price': 1875}, {'product_id': 'P63', 'price': 421}]",2018-12-17 23:14:00
C70,"[{'product_id': 'P38', 'price': 736}]",2018-12-17 11:04:00
C90,"[{'product_id': 'P48', 'price': 232}]",2018-12-17 21:29:00
C101,"[{'product_id': 'P27', 'price': 1076}]",2018-12-17 19:33:00
C104,"[{'product_id': 'P14', 'price': 375}, {'product_id': 'P21', 'price': 795}, {'product_id': 'P17', 'price': 1133}]",2018-12-17 09:22:00
C106,"[{'product_id': 'P05', 'price': 60}, {'product_id': 'P01', 'price': 810}, {'product_id': 'P04', 'price': 1908}]",2018-12-17 10:36:00
C127,"[{'product_id': 'P57', 'price': 650}, {'product_id': 'P42', 'price': 687}]",2018-12-17 07:42:00
C129,"[{'product_id': 'P62', 'price': 619}]",2018-12-17 22:07:00
C134,"[{'product_id': 'P26', 'price': 1629}, {'product_id': 'P34', 'price': 1697}]",2018-12-17 08:03:00
