customer_id,basket,date_of_purchase
C2,"[{'product_id': 'P54', 'price': 1180}]",2019-02-26 18:39:00
C21,"[{'product_id': 'P36', 'price': 1614}, {'product_id': 'P37', 'price': 185}]",2019-02-26 07:38:00
C28,"[{'product_id': 'P47', 'price': 343}]",2019-02-26 10:40:00
C31,"[{'product_id': 'P53', 'price': 1965}]",2019-02-26 05:35:00
C36,"[{'product_id': 'P21', 'price': 1344}]",2019-02-26 23:48:00
C44,"[{'product_id': 'P47', 'price': 225}, {'product_id': 'P52', 'price': 886}]",2019-02-26 20:10:00
C45,"[{'product_id': 'P24', 'price': 1295}, {'product_id': 'P22', 'price': 1048}, {'product_id': 'P31', 'price': 1920}]",2019-02-26 08:29:00
C48,"[{'product_id': 'P28', 'price': 1664}, {'product_id': 'P26', 'price': 879}]",2019-02-26 07:42:00
C51,"[{'product_id': 'P59', 'price': 241}, {'product_id': 'P59', 'price': 1399}, {'product_id': 'P47', 'price': 1674}]",2019-02-26 21:02:00
C53,"[{'product_id': 'P37', 'price': 665}]",2019-02-26 05:46:00
C64,"[{'product_id': 'P32', 'price': 1853}, {'product_id': 'P30', 'price': 1830}, {'product_id': 'P25', 'price': 1210}]",2019-02-26 19:26:00
C67,"[{'product_id': 'P42', 'price': 875}, {'product_id': 'P59', 'price': 1647}, {'product_id': 'P41', 'price': 1722}]",2019-02-26 08:10:00
C68,"[{'product_id': 'P34', 'price': 533}, {'product_id': 'P25', 'price': 578}]",2019-02-26 05:35:00
C69,"[{'product_id': 'P37', 'price': 1714}, {'product_id': 'P40', 'price': 895}, {'product_id': 'P36', 'price': 1829}]",2019-02-26 22:40:00
C70,"[{'product_id': 'P24', 'price': 1442}, {'product_id': 'P29', 'price': 1157}, {'product_id': 'P28', 'price': 809}]",2019-02-26 15:54:00
C80,"[{'product_id': 'P10', 'price': 1206}, {'product_id': 'P06', 'price': 862}]",2019-02-26 07:05:00
C84,"[{'product_id': 'P57', 'price': 1094}]",2019-02-26 11:17:00
C92,"[{'product_id': 'P64', 'price': 1802}]",2019-02-26 19:54:00
C101,"[{'product_id': 'P62', 'price': 1634}]",2019-02-26 23:29:00
C105,"[{'product_id': 'P04', 'price': 655}, {'product_id': 'P06', 'price': 99}, {'product_id': 'P02', 'price': 1084}]",2019-02-26 05:01:00
C115,"[{'product_id': 'P15', 'price': 939}, {'product_id': 'P14', 'price': 1451}]",2019-02-26 14:55:00
C123,"[{'product_id': 'P39', 'price': 1563}]",2019-02-26 19:38:00
C127,"[{'product_id': 'P41', 'price': 285}]",2019-02-26 16:52:00
C129,"[{'product_id': 'P25', 'price': 1046}, {'product_id': 'P33', 'price': 1494}, {'product_id': 'P33', 'price': 1756}]",2019-02-26 12:39:00
