{"customer_id": "C2", "basket": [{"product_id": "P54", "price": 1180}], "date_of_purchase": "2019-02-26 18:39:00"}
{"customer_id": "C21", "basket": [{"product_id": "P36", "price": 1614}, {"product_id": "P37", "price": 185}], "date_of_purchase": "2019-02-26 07:38:00"}
{"customer_id": "C28", "basket": [{"product_id": "P47", "price": 343}], "date_of_purchase": "2019-02-26 10:40:00"}
{"customer_id": "C31", "basket": [{"product_id": "P53", "price": 1965}], "date_of_purchase": "2019-02-26 05:35:00"}
{"customer_id": "C36", "basket": [{"product_id": "P21", "price": 1344}], "date_of_purchase": "2019-02-26 23:48:00"}
{"customer_id": "C44", "basket": [{"product_id": "P47", "price": 225}, {"product_id": "P52", "price": 886}], "date_of_purchase": "2019-02-26 20:10:00"}
{"customer_id": "C45", "basket": [{"product_id": "P24", "price": 1295}, {"product_id": "P22", "price": 1048}, {"product_id": "P31", "price": 1920}], "date_of_purchase": "2019-02-26 08:29:00"}
{"customer_id": "C48", "basket": [{"product_id": "P28", "price": 1664}, {"product_id": "P26", "price": 879}], "date_of_purchase": "2019-02-26 07:42:00"}
{"customer_id": "C51", "basket": [{"product_id": "P59", "price": 241}, {"product_id": "P59", "price": 1399}, {"product_id": "P47", "price": 1674}], "date_of_purchase": "2019-02-26 21:02:00"}
{"customer_id": "C53", "basket": [{"product_id": "P37", "price": 665}], "date_of_purchase": "2019-02-26 05:46:00"}
{"customer_id": "C64", "basket": [{"product_id": "P32", "price": 1853}, {"product_id": "P30", "price": 1830}, {"product_id": "P25", "price": 1210}], "date_of_purchase": "2019-02-26 19:26:00"}
{"customer_id": "C67", "basket": [{"product_id": "P42", "price": 875}, {"product_id": "P59", "price": 1647}, {"product_id": "P41", "price": 1722}], "date_of_purchase": "2019-02-26 08:10:00"}
{"customer_id": "C68", "basket": [{"product_id": "P34", "price": 533}, {"product_id": "P25", "price": 578}], "date_of_purchase": "2019-02-26 05:35:00"}
{"customer_id": "C69", "basket": [{"product_id": "P37", "price": 1714}, {"product_id": "P40", "price": 895}, {"product_id": "P36", "price": 1829}], "date_of_purchase": "2019-02-26 22:40:00"}
{"customer_id": "C70", "basket": [{"product_id": "P24", "price": 1442}, {"product_id": "P29", "price": 1157}, {"product_id": "P28", "price": 809}], "date_of_purchase": "2019-02-26 15:54:00"}
{"customer_id": "C80", "basket": [{"product_id": "P10", "price": 1206}, {"product_id": "P06", "price": 862}], "date_of_purchase": "2019-02-26 07:05:00"}
{"customer_id": "C84", "basket": [{"product_id": "P57", "price": 1094}], "date_of_purchase": "2019-02-26 11:17:00"}
{"customer_id": "C92", "basket": [{"product_id": "P64", "price": 1802}], "date_of_purchase": "2019-02-26 19:54:00"}
{"customer_id": "C101", "basket": [{"product_id": "P62", "price": 1634}], "date_of_purchase": "2019-02-26 23:29:00"}
{"customer_id": "C105", "basket": [{"product_id": "P04", "price": 655}, {"product_id": "P06", "price": 99}, {"product_id": "P02", "price": 1084}], "date_of_purchase": "2019-02-26 05:01:00"}
{"customer_id": "C115", "basket": [{"product_id": "P15", "price": 939}, {"product_id": "P14", "price": 1451}], "date_of_purchase": "2019-02-26 14:55:00"}
{"customer_id": "C123", "basket": [{"product_id": "P39", "price": 1563}], "date_of_purchase": "2019-02-26 19:38:00"}
{"customer_id": "C127", "basket": [{"product_id": "P41", "price": 285}], "date_of_purchase": "2019-02-26 16:52:00"}
{"customer_id": "C129", "basket": [{"product_id": "P25", "price": 1046}, {"product_id": "P33", "price": 1494}, {"product_id": "P33", "price": 1756}], "date_of_purchase": "2019-02-26 12:39:00"}
