customer_id,basket,date_of_purchase
C2,"[{'product_id': 'P47', 'price': 378}, {'product_id': 'P47', 'price': 353}, {'product_id': 'P42', 'price': 1008}]",2019-01-06 22:41:00
C4,"[{'product_id': 'P41', 'price': 1336}]",2019-01-06 14:02:00
C7,"[{'product_id': 'P32', 'price': 1769}, {'product_id': 'P26', 'price': 1219}, {'product_id': 'P33', 'price': 1367}]",2019-01-06 08:46:00
C20,"[{'product_id': 'P40', 'price': 1252}, {'product_id': 'P38', 'price': 1222}, {'product_id': 'P37', 'price': 1210}]",2019-01-06 07:07:00
C26,"[{'product_id': 'P43', 'price': 489}, {'product_id': 'P56', 'price': 1907}]",2019-01-06 18:39:00
C30,"[{'product_id': 'P32', 'price': 1461}, {'product_id': 'P22', 'price': 1528}, {'product_id': 'P33', 'price': 569}]",2019-01-06 11:19:00
C34,"[{'product_id': 'P36', 'price': 1178}]",2019-01-06 14:55:00
C36,"[{'product_id': 'P14', 'price': 1468}, {'product_id': 'P19', 'price': 1061}, {'product_id': 'P20', 'price': 798}]",2019-01-06 13:46:00
C43,"[{'product_id': 'P61', 'price': 1101}, {'product_id': 'P64', 'price': 1966}, {'product_id': 'P64', 'price': 1249}]",2019-01-06 11:37:00
C44,"[{'product_id': 'P22', 'price': 1322}]",2019-01-06 06:26:00
C48,"[{'product_id': 'P45', 'price': 155}, {'product_id': 'P59', 'price': 480}, {'product_id': 'P54', 'price': 864}]",2019-01-06 20:34:00
C51,"[{'product_id': 'P60', 'price': 1407}, {'product_id': 'P41', 'price': 1600}, {'product_id': 'P41', 'price': 1208}]",2019-01-06 19:34:00
C53,"[{'product_id': 'P64', 'price': 1534}]",2019-01-06 03:43:00
C54,"[{'product_id': 'P50', 'price': 1709}]",2019-01-06 20:19:00
C55,"[{'product_id': 'P33', 'price': 654}, {'product_id': 'P26', 'price': 1910}]",2019-01-06 21:24:00
C59,"[{'product_id': 'P58', 'price': 678}, {'product_id': 'P50', 'price': 569}]",2019-01-06 08:17:00
C76,"[{'product_id': 'P62', 'price': 116}, {'product_id': 'P62', 'price': 974}]",2019-01-06 20:53:00
C81,"[{'product_id': 'P43', 'price': 471}, {'product_id': 'P56', 'price': 922}, {'product_id': 'P59', 'price': 128}]",2019-01-06 22:09:00
C91,"[{'product_id': 'P45', 'price': 907}]",2019-01-06 05:52:00
C96,"[{'product_id': 'P38', 'price': 1500}]",2019-01-06 08:41:00
C101,"[{'product_id': 'P61', 'price': 876}, {'product_id': 'P61', 'price': 1471}]",2019-01-06 05:35:00
C106,"[{'product_id': 'P25', 'price': 1852}]",2019-01-06 13:29:00
C109,"[{'product_id': 'P24', 'price': 1017}, {'product_id': 'P24', 'price': 558}]",2019-01-06 20:37:00
C111,"[{'product_id': 'P30', 'price': 1187}, {'product_id': 'P34', 'price': 967}]",2019-01-06 12:13:00
C116,"[{'product_id': 'P37', 'price': 851}, {'product_id': 'P38', 'price': 1063}, {'product_id': 'P37', 'price': 1400}]",2019-01-06 06:38:00
C133,"[{'product_id': 'P57', 'price': 635}, {'product_id': 'P51', 'price': 213}, {'product_id': 'P52', 'price': 1099}]",2019-01-06 10:08:00
C135,"[{'product_id': 'P37', 'price': 1342}]",2019-01-06 13:14:00
