{"customer_id": "C2", "basket": [{"product_id": "P47", "price": 378}, {"product_id": "P47", "price": 353}, {"product_id": "P42", "price": 1008}], "date_of_purchase": "2019-01-06 22:41:00"}
{"customer_id": "C4", "basket": [{"product_id": "P41", "price": 1336}], "date_of_purchase": "2019-01-06 14:02:00"}
{"customer_id": "C7", "basket": [{"product_id": "P32", "price": 1769}, {"product_id": "P26", "price": 1219}, {"product_id": "P33", "price": 1367}], "date_of_purchase": "2019-01-06 08:46:00"}
{"customer_id": "C20", "basket": [{"product_id": "P40", "price": 1252}, {"product_id": "P38", "price": 1222}, {"product_id": "P37", "price": 1210}], "date_of_purchase": "2019-01-06 07:07:00"}
{"customer_id": "C26", "basket": [{"product_id": "P43", "price": 489}, {"product_id": "P56", "price": 1907}], "date_of_purchase": "2019-01-06 18:39:00"}
{"customer_id": "C30", "basket": [{"product_id": "P32", "price": 1461}, {"product_id": "P22", "price": 1528}, {"product_id": "P33", "price": 569}], "date_of_purchase": "2019-01-06 11:19:00"}
{"customer_id": "C34", "basket": [{"product_id": "P36", "price": 1178}], "date_of_purchase": "2019-01-06 14:55:00"}
{"customer_id": "C36", "basket": [{"product_id": "P14", "price": 1468}, {"product_id": "P19", "price": 1061}, {"product_id": "P20", "price": 798}], "date_of_purchase": "2019-01-06 13:46:00"}
{"customer_id": "C43", "basket": [{"product_id": "P61", "price": 1101}, {"product_id": "P64", "price": 1966}, {"product_id": "P64", "price": 1249}], "date_of_purchase": "2019-01-06 11:37:00"}
{"customer_id": "C44", "basket": [{"product_id": "P22", "price": 1322}], "date_of_purchase": "2019-01-06 06:26:00"}
{"customer_id": "C48", "basket": [{"product_id": "P45", "price": 155}, {"product_id": "P59", "price": 480}, {"product_id": "P54", "price": 864}], "date_of_purchase": "2019-01-06 20:34:00"}
{"customer_id": "C51", "basket": [{"product_id": "P60", "price": 1407}, {"product_id": "P41", "price": 1600}, {"product_id": "P41", "price": 1208}], "date_of_purchase": "2019-01-06 19:34:00"}
{"customer_id": "C53", "basket": [{"product_id": "P64", "price": 1534}], "date_of_purchase": "2019-01-06 03:43:00"}
{"customer_id": "C54", "basket": [{"product_id": "P50", "price": 1709}], "date_of_purchase": "2019-01-06 20:19:00"}
{"customer_id": "C55", "basket": [{"product_id": "P33", "price": 654}, {"product_id": "P26", "price": 1910}], "date_of_purchase": "2019-01-06 21:24:00"}
{"customer_id": "C59", "basket": [{"product_id": "P58", "price": 678}, {"product_id": "P50", "price": 569}], "date_of_purchase": "2019-01-06 08:17:00"}
{"customer_id": "C76", "basket": [{"product_id": "P62", "price": 116}, {"product_id": "P62", "price": 974}], "date_of_purchase": "2019-01-06 20:53:00"}
{"customer_id": "C81", "basket": [{"product_id": "P43", "price": 471}, {"product_id": "P56", "price": 922}, {"product_id": "P59", "price": 128}], "date_of_purchase": "2019-01-06 22:09:00"}
{"customer_id": "C91", "basket": [{"product_id": "P45", "price": 907}], "date_of_purchase": "2019-01-06 05:52:00"}
{"customer_id": "C96", "basket": [{"product_id": "P38", "price": 1500}], "date_of_purchase": "2019-01-06 08:41:00"}
{"customer_id": "C101", "basket": [{"product_id": "P61", "price": 876}, {"product_id": "P61", "price": 1471}], "date_of_purchase": "2019-01-06 05:35:00"}
{"customer_id": "C106", "basket": [{"product_id": "P25", "price": 1852}], "date_of_purchase": "2019-01-06 13:29:00"}
{"customer_id": "C109", "basket": [{"product_id": "P24", "price": 1017}, {"product_id": "P24", "price": 558}], "date_of_purchase": "2019-01-06 20:37:00"}
{"customer_id": "C111", "basket": [{"product_id": "P30", "price": 1187}, {"product_id": "P34", "price": 967}], "date_of_purchase": "2019-01-06 12:13:00"}
{"customer_id": "C116", "basket": [{"product_id": "P37", "price": 851}, {"product_id": "P38", "price": 1063}, {"product_id": "P37", "price": 1400}], "date_of_purchase": "2019-01-06 06:38:00"}
{"customer_id": "C133", "basket": [{"product_id": "P57", "price": 635}, {"product_id": "P51", "price": 213}, {"product_id": "P52", "price": 1099}], "date_of_purchase": "2019-01-06 10:08:00"}
{"customer_id": "C135", "basket": [{"product_id": "P37", "price": 1342}], "date_of_purchase": "2019-01-06 13:14:00"}
