customer_id,basket,date_of_purchase
C18,"[{'product_id': 'P35', 'price': 422}, {'product_id': 'P37', 'price': 1851}, {'product_id': 'P39', 'price': 1091}]",2019-01-26 19:16:00
C19,"[{'product_id': 'P34', 'price': 1229}]",2019-01-26 08:42:00
C20,"[{'product_id': 'P41', 'price': 963}, {'product_id': 'P50', 'price': 477}, {'product_id': 'P42', 'price': 735}]",2019-01-26 07:49:00
C25,"[{'product_id': 'P24', 'price': 1172}]",2019-01-26 09:11:00
C27,"[{'product_id': 'P35', 'price': 1262}, {'product_id': 'P35', 'price': 1210}, {'product_id': 'P40', 'price': 437}]",2019-01-26 13:02:00
C28,"[{'product_id': 'P44', 'price': 1061}, {'product_id': 'P56', 'price': 1032}, {'product_id': 'P57', 'price': 1979}]",2019-01-26 18:07:00
C29,"[{'product_id': 'P40', 'price': 1337}, {'product_id': 'P35', 'price': 637}, {'product_id': 'P39', 'price': 1254}]",2019-01-26 07:27:00
C33,"[{'product_id': 'P03', 'price': 1135}, {'product_id': 'P03', 'price': 1008}]",2019-01-26 20:39:00
C36,"[{'product_id': 'P64', 'price': 1947}, {'product_id': 'P64', 'price': 741}, {'product_id': 'P62', 'price': 1655}]",2019-01-26 03:09:00
C46,"[{'product_id': 'P34', 'price': 677}, {'product_id': 'P31', 'price': 1502}]",2019-01-26 13:37:00
C52,"[{'product_id': 'P35', 'price': 1140}]",2019-01-26 12:24:00
C58,"[{'product_id': 'P24', 'price': 1174}, {'product_id': 'P29', 'price': 404}]",2019-01-26 06:00:00
C64,"[{'product_id': 'P22', 'price': 1909}]",2019-01-26 18:12:00
C65,"[{'product_id': 'P45', 'price': 1145}]",2019-01-26 22:55:00
C77,"[{'product_id': 'P62', 'price': 1316}, {'product_id': 'P64', 'price': 1819}, {'product_id': 'P61', 'price': 1453}]",2019-01-26 17:04:00
C85,"[{'product_id': 'P58', 'price': 1325}, {'product_id': 'P51', 'price': 377}, {'product_id': 'P51', 'price': 820}]",2019-01-26 06:32:00
C91,"[{'product_id': 'P46', 'price': 237}]",2019-01-26 22:01:00
C95,"[{'product_id': 'P47', 'price': 1068}]",2019-01-26 06:19:00
C112,"[{'product_id': 'P02', 'price': 390}, {'product_id': 'P04', 'price': 725}]",2019-01-26 15:04:00
C115,"[{'product_id': 'P56', 'price': 1823}, {'product_id': 'P48', 'price': 1522}]",2019-01-26 04:44:00
C116,"[{'product_id': 'P37', 'price': 920}]",2019-01-26 07:50:00
C118,"[{'product_id': 'P36', 'price': 661}]",2019-01-26 12:04:00
C120,"[{'product_id': 'P29', 'price': 330}]",2019-01-26 19:55:00
C130,"[{'product_id': 'P28', 'price': 82}, {'product_id': 'P27', 'price': 383}, {'product_id': 'P30', 'price': 25}]",2019-01-26 15:55:00
