{"customer_id": "C18", "basket": [{"product_id": "P35", "price": 422}, {"product_id": "P37", "price": 1851}, {"product_id": "P39", "price": 1091}], "date_of_purchase": "2019-01-26 19:16:00"}
{"customer_id": "C19", "basket": [{"product_id": "P34", "price": 1229}], "date_of_purchase": "2019-01-26 08:42:00"}
{"customer_id": "C20", "basket": [{"product_id": "P41", "price": 963}, {"product_id": "P50", "price": 477}, {"product_id": "P42", "price": 735}], "date_of_purchase": "2019-01-26 07:49:00"}
{"customer_id": "C25", "basket": [{"product_id": "P24", "price": 1172}], "date_of_purchase": "2019-01-26 09:11:00"}
{"customer_id": "C27", "basket": [{"product_id": "P35", "price": 1262}, {"product_id": "P35", "price": 1210}, {"product_id": "P40", "price": 437}], "date_of_purchase": "2019-01-26 13:02:00"}
{"customer_id": "C28", "basket": [{"product_id": "P44", "price": 1061}, {"product_id": "P56", "price": 1032}, {"product_id": "P57", "price": 1979}], "date_of_purchase": "2019-01-26 18:07:00"}
{"customer_id": "C29", "basket": [{"product_id": "P40", "price": 1337}, {"product_id": "P35", "price": 637}, {"product_id": "P39", "price": 1254}], "date_of_purchase": "2019-01-26 07:27:00"}
{"customer_id": "C33", "basket": [{"product_id": "P03", "price": 1135}, {"product_id": "P03", "price": 1008}], "date_of_purchase": "2019-01-26 20:39:00"}
{"customer_id": "C36", "basket": [{"product_id": "P64", "price": 1947}, {"product_id": "P64", "price": 741}, {"product_id": "P62", "price": 1655}], "date_of_purchase": "2019-01-26 03:09:00"}
{"customer_id": "C46", "basket": [{"product_id": "P34", "price": 677}, {"product_id": "P31", "price": 1502}], "date_of_purchase": "2019-01-26 13:37:00"}
{"customer_id": "C52", "basket": [{"product_id": "P35", "price": 1140}], "date_of_purchase": "2019-01-26 12:24:00"}
{"customer_id": "C58", "basket": [{"product_id": "P24", "price": 1174}, {"product_id": "P29", "price": 404}], "date_of_purchase": "2019-01-26 06:00:00"}
{"customer_id": "C64", "basket": [{"product_id": "P22", "price": 1909}], "date_of_purchase": "2019-01-26 18:12:00"}
{"customer_id": "C65", "basket": [{"product_id": "P45", "price": 1145}], "date_of_purchase": "2019-01-26 22:55:00"}
{"customer_id": "C77", "basket": [{"product_id": "P62", "price": 1316}, {"product_id": "P64", "price": 1819}, {"product_id": "P61", "price": 1453}], "date_of_purchase": "2019-01-26 17:04:00"}
{"customer_id": "C85", "basket": [{"product_id": "P58", "price": 1325}, {"product_id": "P51", "price": 377}, {"product_id": "P51", "price": 820}], "date_of_purchase": "2019-01-26 06:32:00"}
{"customer_id": "C91", "basket": [{"product_id": "P46", "price": 237}], "date_of_purchase": "2019-01-26 22:01:00"}
{"customer_id": "C95", "basket": [{"product_id": "P47", "price": 1068}], "date_of_purchase": "2019-01-26 06:19:00"}
{"customer_id": "C112", "basket": [{"product_id": "P02", "price": 390}, {"product_id": "P04", "price": 725}], "date_of_purchase": "2019-01-26 15:04:00"}
{"customer_id": "C115", "basket": [{"product_id": "P56", "price": 1823}, {"product_id": "P48", "price": 1522}], "date_of_purchase": "2019-01-26 04:44:00"}
{"customer_id": "C116", "basket": [{"product_id": "P37", "price": 920}], "date_of_purchase": "2019-01-26 07:50:00"}
{"customer_id": "C118", "basket": [{"product_id": "P36", "price": 661}], "date_of_purchase": "2019-01-26 12:04:00"}
{"customer_id": "C120", "basket": [{"product_id": "P29", "price": 330}], "date_of_purchase": "2019-01-26 19:55:00"}
{"customer_id": "C130", "basket": [{"product_id": "P28", "price": 82}, {"product_id": "P27", "price": 383}, {"product_id": "P30", "price": 25}], "date_of_purchase": "2019-01-26 15:55:00"}
