{"customer_id": "C3", "basket": [{"product_id": "P51", "price": 1511}], "date_of_purchase": "2018-12-12 15:55:00"}
{"customer_id": "C5", "basket": [{"product_id": "P60", "price": 367}], "date_of_purchase": "2018-12-12 20:32:00"}
{"customer_id": "C7", "basket": [{"product_id": "P32", "price": 659}], "date_of_purchase": "2018-12-12 21:04:00"}
{"customer_id": "C23", "basket": [{"product_id": "P20", "price": 1872}], "date_of_purchase": "2018-12-12 23:52:00"}
{"customer_id": "C31", "basket": [{"product_id": "P55", "price": 1839}, {"product_id": "P53", "price": 162}, {"product_id": "P45", "price": 470}], "date_of_purchase": "2018-12-12 08:31:00"}
{"customer_id": "C40", "basket": [{"product_id": "P09", "price": 122}], "date_of_purchase": "2018-12-12 11:03:00"}
{"customer_id": "C41", "basket": [{"product_id": "P11", "price": 1881}], "date_of_purchase": "2018-12-12 16:56:00"}
{"customer_id": "C50", "basket": [{"product_id": "P24", "price": 919}, {"product_id": "P30", "price": 29}], "date_of_purchase": "2018-12-12 17:32:00"}
{"customer_id": "C57", "basket": [{"product_id": "P31", "price": 1078}, {"product_id": "P24", "price": 1688}], "date_of_purchase": "2018-12-12 08:43:00"}
{"customer_id": "C68", "basket": [{"product_id": "P26", "price": 1291}, {"product_id": "P25", "price": 1640}], "date_of_purchase": "2018-12-12 15:30:00"}
{"customer_id": "C72", "basket": [{"product_id": "P55", "price": 1503}, {"product_id": "P55", "price": 490}], "date_of_purchase": "2018-12-12 07:29:00"}
{"customer_id": "C75", "basket": [{"product_id": "P35", "price": 1934}, {"product_id": "P37", "price": 816}], "date_of_purchase": "2018-12-12 22:39:00"}
{"customer_id": "C91", "basket": [{"product_id": "P51", "price": 596}, {"product_id": "P43", "price": 55}], "date_of_purchase": "2018-12-12 21:35:00"}
{"customer_id": "C95", "basket": [{"product_id": "P41", "price": 144}], "date_of_purchase": "2018-12-12 17:20:00"}
{"customer_id": "C99", "basket": [{"product_id": "P37", "price": 1545}, {"product_id": "P35", "price": 471}, {"product_id": "P40", "price": 1021}], "date_of_purchase": "2018-12-12 05:49:00"}
{"customer_id": "C106", "basket": [{"product_id": "P03", "price": 1469}, {"product_id": "P12", "price": 110}, {"product_id": "P12", "price": 94}], "date_of_purchase": "2018-12-12 17:14:00"}
{"customer_id": "C111", "basket": [{"product_id": "P33", "price": 1353}], "date_of_purchase": "2018-12-12 07:37:00"}
{"customer_id": "C131", "basket": [{"product_id": "P62", "price": 1305}], "date_of_purchase": "2018-12-12 09:02:00"}
{"customer_id": "C135", "basket": [{"product_id": "P35", "price": 1682}, {"product_id": "P37", "price": 1159}], "date_of_purchase": "2018-12-12 08:15:00"}
