customer_id,basket,date_of_purchase
C7,"[{'product_id': 'P31', 'price': 272}, {'product_id': 'P30', 'price': 508}, {'product_id': 'P28', 'price': 1609}]",2018-12-22 22:24:00
C8,"[{'product_id': 'P49', 'price': 863}]",2018-12-22 06:12:00
C20,"[{'product_id': 'P57', 'price': 545}]",2018-12-22 18:53:00
C23,"[{'product_id': 'P42', 'price': 1409}, {'product_id': 'P43', 'price': 626}]",2018-12-22 20:53:00
C29,"[{'product_id': 'P47', 'price': 1161}, {'product_id': 'P56', 'price': 1354}, {'product_id': 'P43', 'price': 215}]",2018-12-22 08:39:00
C30,"[{'product_id': 'P02', 'price': 1696}]",2018-12-22 05:50:00
C33,"[{'product_id': 'P10', 'price': 1850}]",2018-12-22 05:14:00
C40,"[{'product_id': 'P06', 'price': 573}, {'product_id': 'P07', 'price': 581}, {'product_id': 'P07', 'price': 938}]",2018-12-22 21:08:00
C41,"[{'product_id': 'P57', 'price': 1618}, {'product_id': 'P47', 'price': 1348}, {'product_id': 'P57', 'price': 1941}]",2018-12-22 15:54:00
C43,"[{'product_id': 'P62', 'price': 1866}, {'product_id': 'P61', 'price': 1632}, {'product_id': 'P64', 'price': 1350}]",2018-12-22 04:03:00
C59,"[{'product_id': 'P41', 'price': 930}, {'product_id': 'P50', 'price': 1811}]",2018-12-22 21:00:00
C60,"[{'product_id': 'P62', 'price': 651}, {'product_id': 'P62', 'price': 1118}]",2018-12-22 13:10:00
C66,"[{'product_id': 'P25', 'price': 918}]",2018-12-22 23:36:00
C72,"[{'product_id': 'P51', 'price': 1188}, {'product_id': 'P53', 'price': 970}, {'product_id': 'P46', 'price': 1720}]",2018-12-22 07:30:00
C73,"[{'product_id': 'P20', 'price': 1388}, {'product_id': 'P16', 'price': 1067}, {'product_id': 'P16', 'price': 1859}]",2018-12-22 10:40:00
C93,"[{'product_id': 'P55', 'price': 1740}]",2018-12-22 13:36:00
C95,"[{'product_id': 'P28', 'price': 488}, {'product_id': 'P27', 'price': 1816}]",2018-12-22 07:42:00
C99,"[{'product_id': 'P37', 'price': 586}]",2018-12-22 22:13:00
C109,"[{'product_id': 'P41', 'price': 325}, {'product_id': 'P55', 'price': 1109}, {'product_id': 'P49', 'price': 1615}]",2018-12-22 09:49:00
C111,"[{'product_id': 'P30', 'price': 1772}, {'product_id': 'P26', 'price': 687}, {'product_id': 'P28', 'price': 695}]",2018-12-22 04:31:00
C121,"[{'product_id': 'P01', 'price': 21}, {'product_id': 'P07', 'price': 931}, {'product_id': 'P09', 'price': 1764}]",2018-12-22 13:11:00
C122,"[{'product_id': 'P44', 'price': 1794}, {'product_id': 'P58', 'price': 1248}, {'product_id': 'P51', 'price': 1013}]",2018-12-22 07:16:00
C123,"[{'product_id': 'P11', 'price': 786}]",2018-12-22 06:41:00
C135,"[{'product_id': 'P40', 'price': 1891}, {'product_id': 'P36', 'price': 1273}, {'product_id': 'P35', 'price': 665}]",2018-12-22 11:53:00
