{"customer_id": "C2", "basket": [{"product_id": "P39", "price": 1482}, {"product_id": "P38", "price": 1487}, {"product_id": "P40", "price": 860}], "date_of_purchase": "2019-01-10 09:58:00"}
{"customer_id": "C3", "basket": [{"product_id": "P45", "price": 807}, {"product_id": "P45", "price": 662}, {"product_id": "P55", "price": 312}], "date_of_purchase": "2019-01-10 19:04:00"}
{"customer_id": "C5", "basket": [{"product_id": "P34", "price": 944}, {"product_id": "P24", "price": 33}], "date_of_purchase": "2019-01-10 07:38:00"}
{"customer_id": "C20", "basket": [{"product_id": "P39", "price": 782}, {"product_id": "P38", "price": 1251}, {"product_id": "P36", "price": 1892}], "date_of_purchase": "2019-01-10 11:23:00"}
{"customer_id": "C27", "basket": [{"product_id": "P25", "price": 502}, {"product_id": "P27", "price": 253}, {"product_id": "P32", "price": 1757}], "date_of_purchase": "2019-01-10 05:51:00"}
{"customer_id": "C29", "basket": [{"product_id": "P23", "price": 585}, {"product_id": "P22", "price": 1835}], "date_of_purchase": "2019-01-10 16:06:00"}
{"customer_id": "C30", "basket": [{"product_id": "P11", "price": 1630}, {"product_id": "P02", "price": 1840}, {"product_id": "P02", "price": 841}], "date_of_purchase": "2019-01-10 07:05:00"}
{"customer_id": "C31", "basket": [{"product_id": "P58", "price": 1866}], "date_of_purchase": "2019-01-10 05:22:00"}
{"customer_id": "C36", "basket": [{"product_id": "P61", "price": 598}, {"product_id": "P62", "price": 1780}, {"product_id": "P64", "price": 193}], "date_of_purchase": "2019-01-10 18:56:00"}
{"customer_id": "C37", "basket": [{"product_id": "P36", "price": 60}, {"product_id": "P39", "price": 64}], "date_of_purchase": "2019-01-10 04:48:00"}
{"customer_id": "C42", "basket": [{"product_id": "P27", "price": 1989}, {"product_id": "P33", "price": 427}], "date_of_purchase": "2019-01-10 22:28:00"}
{"customer_id": "C48", "basket": [{"product_id": "P37", "price": 165}], "date_of_purchase": "2019-01-10 08:50:00"}
{"customer_id": "C49", "basket": [{"product_id": "P31", "price": 284}, {"product_id": "P31", "price": 901}], "date_of_purchase": "2019-01-10 10:21:00"}
{"customer_id": "C53", "basket": [{"product_id": "P40", "price": 663}], "date_of_purchase": "2019-01-10 09:51:00"}
{"customer_id": "C62", "basket": [{"product_id": "P14", "price": 389}, {"product_id": "P15", "price": 780}, {"product_id": "P13", "price": 346}], "date_of_purchase": "2019-01-10 12:18:00"}
{"customer_id": "C66", "basket": [{"product_id": "P26", "price": 1547}], "date_of_purchase": "2019-01-10 19:40:00"}
{"customer_id": "C70", "basket": [{"product_id": "P40", "price": 392}, {"product_id": "P39", "price": 325}], "date_of_purchase": "2019-01-10 07:08:00"}
{"customer_id": "C74", "basket": [{"product_id": "P62", "price": 1708}, {"product_id": "P62", "price": 940}, {"product_id": "P62", "price": 1818}], "date_of_purchase": "2019-01-10 19:28:00"}
{"customer_id": "C76", "basket": [{"product_id": "P61", "price": 242}], "date_of_purchase": "2019-01-10 13:21:00"}
{"customer_id": "C81", "basket": [{"product_id": "P07", "price": 901}, {"product_id": "P10", "price": 364}], "date_of_purchase": "2019-01-10 15:28:00"}
{"customer_id": "C82", "basket": [{"product_id": "P33", "price": 632}, {"product_id": "P23", "price": 802}, {"product_id": "P32", "price": 447}], "date_of_purchase": "2019-01-10 20:01:00"}
{"customer_id": "C85", "basket": [{"product_id": "P33", "price": 491}], "date_of_purchase": "2019-01-10 23:24:00"}
{"customer_id": "C89", "basket": [{"product_id": "P62", "price": 1338}, {"product_id": "P62", "price": 484}, {"product_id": "P64", "price": 1948}], "date_of_purchase": "2019-01-10 02:51:00"}
{"customer_id": "C112", "basket": [{"product_id": "P54", "price": 824}], "date_of_purchase": "2019-01-10 08:29:00"}
{"customer_id": "C115", "basket": [{"product_id": "P29", "price": 590}, {"product_id": "P27", "price": 1656}, {"product_id": "P32", "price": 630}], "date_of_purchase": "2019-01-10 11:31:00"}
{"customer_id": "C119", "basket": [{"product_id": "P39", "price": 405}, {"product_id": "P40", "price": 2000}], "date_of_purchase": "2019-01-10 04:25:00"}
