customer_id,basket,date_of_purchase
C2,"[{'product_id': 'P39', 'price': 1482}, {'product_id': 'P38', 'price': 1487}, {'product_id': 'P40', 'price': 860}]",2019-01-10 09:58:00
C3,"[{'product_id': 'P45', 'price': 807}, {'product_id': 'P45', 'price': 662}, {'product_id': 'P55', 'price': 312}]",2019-01-10 19:04:00
C5,"[{'product_id': 'P34', 'price': 944}, {'product_id': 'P24', 'price': 33}]",2019-01-10 07:38:00
C20,"[{'product_id': 'P39', 'price': 782}, {'product_id': 'P38', 'price': 1251}, {'product_id': 'P36', 'price': 1892}]",2019-01-10 11:23:00
C27,"[{'product_id': 'P25', 'price': 502}, {'product_id': 'P27', 'price': 253}, {'product_id': 'P32', 'price': 1757}]",2019-01-10 05:51:00
C29,"[{'product_id': 'P23', 'price': 585}, {'product_id': 'P22', 'price': 1835}]",2019-01-10 16:06:00
C30,"[{'product_id': 'P11', 'price': 1630}, {'product_id': 'P02', 'price': 1840}, {'product_id': 'P02', 'price': 841}]",2019-01-10 07:05:00
C31,"[{'product_id': 'P58', 'price': 1866}]",2019-01-10 05:22:00
C36,"[{'product_id': 'P61', 'price': 598}, {'product_id': 'P62', 'price': 1780}, {'product_id': 'P64', 'price': 193}]",2019-01-10 18:56:00
C37,"[{'product_id': 'P36', 'price': 60}, {'product_id': 'P39', 'price': 64}]",2019-01-10 04:48:00
C42,"[{'product_id': 'P27', 'price': 1989}, {'product_id': 'P33', 'price': 427}]",2019-01-10 22:28:00
C48,"[{'product_id': 'P37', 'price': 165}]",2019-01-10 08:50:00
C49,"[{'product_id': 'P31', 'price': 284}, {'product_id': 'P31', 'price': 901}]",2019-01-10 10:21:00
C53,"[{'product_id': 'P40', 'price': 663}]",2019-01-10 09:51:00
C62,"[{'product_id': 'P14', 'price': 389}, {'product_id': 'P15', 'price': 780}, {'product_id': 'P13', 'price': 346}]",2019-01-10 12:18:00
C66,"[{'product_id': 'P26', 'price': 1547}]",2019-01-10 19:40:00
C70,"[{'product_id': 'P40', 'price': 392}, {'product_id': 'P39', 'price': 325}]",2019-01-10 07:08:00
C74,"[{'product_id': 'P62', 'price': 1708}, {'product_id': 'P62', 'price': 940}, {'product_id': 'P62', 'price': 1818}]",2019-01-10 19:28:00
C76,"[{'product_id': 'P61', 'price': 242}]",2019-01-10 13:21:00
C81,"[{'product_id': 'P07', 'price': 901}, {'product_id': 'P10', 'price': 364}]",2019-01-10 15:28:00
C82,"[{'product_id': 'P33', 'price': 632}, {'product_id': 'P23', 'price': 802}, {'product_id': 'P32', 'price': 447}]",2019-01-10 20:01:00
C85,"[{'product_id': 'P33', 'price': 491}]",2019-01-10 23:24:00
C89,"[{'product_id': 'P62', 'price': 1338}, {'product_id': 'P62', 'price': 484}, {'product_id': 'P64', 'price': 1948}]",2019-01-10 02:51:00
C112,"[{'product_id': 'P54', 'price': 824}]",2019-01-10 08:29:00
C115,"[{'product_id': 'P29', 'price': 590}, {'product_id': 'P27', 'price': 1656}, {'product_id': 'P32', 'price': 630}]",2019-01-10 11:31:00
C119,"[{'product_id': 'P39', 'price': 405}, {'product_id': 'P40', 'price': 2000}]",2019-01-10 04:25:00
