customer_id,basket,date_of_purchase
C3,"[{'product_id': 'P60', 'price': 1805}]",2018-12-30 17:29:00
C8,"[{'product_id': 'P60', 'price': 328}]",2018-12-30 22:25:00
C10,"[{'product_id': 'P58', 'price': 732}, {'product_id': 'P49', 'price': 1952}]",2018-12-30 18:22:00
C17,"[{'product_id': 'P03', 'price': 1724}, {'product_id': 'P10', 'price': 807}, {'product_id': 'P02', 'price': 1409}]",2018-12-30 21:44:00
C20,"[{'product_id': 'P39', 'price': 1220}]",2018-12-30 20:30:00
C21,"[{'product_id': 'P29', 'price': 436}, {'product_id': 'P34', 'price': 366}]",2018-12-30 02:48:00
C23,"[{'product_id': 'P17', 'price': 1419}, {'product_id': 'P20', 'price': 292}, {'product_id': 'P13', 'price': 1168}]",2018-12-30 06:45:00
C27,"[{'product_id': 'P40', 'price': 1184}, {'product_id': 'P35', 'price': 746}]",2018-12-30 10:31:00
C31,"[{'product_id': 'P04', 'price': 1464}, {'product_id': 'P10', 'price': 1300}]",2018-12-30 03:21:00
C34,"[{'product_id': 'P29', 'price': 1285}]",2018-12-30 21:03:00
C44,"[{'product_id': 'P48', 'price': 565}]",2018-12-30 20:59:00
C67,"[{'product_id': 'P37', 'price': 1149}, {'product_id': 'P40', 'price': 1241}, {'product_id': 'P39', 'price': 165}]",2018-12-30 02:57:00
C83,"[{'product_id': 'P25', 'price': 1931}, {'product_id': 'P23', 'price': 287}]",2018-12-30 23:40:00
C90,"[{'product_id': 'P48', 'price': 1768}, {'product_id': 'P51', 'price': 820}]",2018-12-30 04:11:00
C93,"[{'product_id': 'P43', 'price': 1821}, {'product_id': 'P42', 'price': 11}]",2018-12-30 06:04:00
C105,"[{'product_id': 'P09', 'price': 971}]",2018-12-30 10:22:00
C111,"[{'product_id': 'P58', 'price': 1979}, {'product_id': 'P46', 'price': 1171}]",2018-12-30 12:13:00
C115,"[{'product_id': 'P43', 'price': 1791}, {'product_id': 'P49', 'price': 1918}]",2018-12-30 04:32:00
C116,"[{'product_id': 'P22', 'price': 807}]",2018-12-30 10:13:00
C130,"[{'product_id': 'P27', 'price': 690}, {'product_id': 'P27', 'price': 1269}]",2018-12-30 10:47:00
