{"customer_id": "C3", "basket": [{"product_id": "P60", "price": 1805}], "date_of_purchase": "2018-12-30 17:29:00"}
{"customer_id": "C8", "basket": [{"product_id": "P60", "price": 328}], "date_of_purchase": "2018-12-30 22:25:00"}
{"customer_id": "C10", "basket": [{"product_id": "P58", "price": 732}, {"product_id": "P49", "price": 1952}], "date_of_purchase": "2018-12-30 18:22:00"}
{"customer_id": "C17", "basket": [{"product_id": "P03", "price": 1724}, {"product_id": "P10", "price": 807}, {"product_id": "P02", "price": 1409}], "date_of_purchase": "2018-12-30 21:44:00"}
{"customer_id": "C20", "basket": [{"product_id": "P39", "price": 1220}], "date_of_purchase": "2018-12-30 20:30:00"}
{"customer_id": "C21", "basket": [{"product_id": "P29", "price": 436}, {"product_id": "P34", "price": 366}], "date_of_purchase": "2018-12-30 02:48:00"}
{"customer_id": "C23", "basket": [{"product_id": "P17", "price": 1419}, {"product_id": "P20", "price": 292}, {"product_id": "P13", "price": 1168}], "date_of_purchase": "2018-12-30 06:45:00"}
{"customer_id": "C27", "basket": [{"product_id": "P40", "price": 1184}, {"product_id": "P35", "price": 746}], "date_of_purchase": "2018-12-30 10:31:00"}
{"customer_id": "C31", "basket": [{"product_id": "P04", "price": 1464}, {"product_id": "P10", "price": 1300}], "date_of_purchase": "2018-12-30 03:21:00"}
{"customer_id": "C34", "basket": [{"product_id": "P29", "price": 1285}], "date_of_purchase": "2018-12-30 21:03:00"}
{"customer_id": "C44", "basket": [{"product_id": "P48", "price": 565}], "date_of_purchase": "2018-12-30 20:59:00"}
{"customer_id": "C67", "basket": [{"product_id": "P37", "price": 1149}, {"product_id": "P40", "price": 1241}, {"product_id": "P39", "price": 165}], "date_of_purchase": "2018-12-30 02:57:00"}
{"customer_id": "C83", "basket": [{"product_id": "P25", "price": 1931}, {"product_id": "P23", "price": 287}], "date_of_purchase": "2018-12-30 23:40:00"}
{"customer_id": "C90", "basket": [{"product_id": "P48", "price": 1768}, {"product_id": "P51", "price": 820}], "date_of_purchase": "2018-12-30 04:11:00"}
{"customer_id": "C93", "basket": [{"product_id": "P43", "price": 1821}, {"product_id": "P42", "price": 11}], "date_of_purchase": "2018-12-30 06:04:00"}
{"customer_id": "C105", "basket": [{"product_id": "P09", "price": 971}], "date_of_purchase": "2018-12-30 10:22:00"}
{"customer_id": "C111", "basket": [{"product_id": "P58", "price": 1979}, {"product_id": "P46", "price": 1171}], "date_of_purchase": "2018-12-30 12:13:00"}
{"customer_id": "C115", "basket": [{"product_id": "P43", "price": 1791}, {"product_id": "P49", "price": 1918}], "date_of_purchase": "2018-12-30 04:32:00"}
{"customer_id": "C116", "basket": [{"product_id": "P22", "price": 807}], "date_of_purchase": "2018-12-30 10:13:00"}
{"customer_id": "C130", "basket": [{"product_id": "P27", "price": 690}, {"product_id": "P27", "price": 1269}], "date_of_purchase": "2018-12-30 10:47:00"}
