customer_id,basket,date_of_purchase
C2,"[{'product_id': 'P33', 'price': 305}, {'product_id': 'P24', 'price': 1094}, {'product_id': 'P25', 'price': 1432}]",2019-01-14 18:27:00
C4,"[{'product_id': 'P64', 'price': 318}, {'product_id': 'P62', 'price': 1376}]",2019-01-14 19:48:00
C8,"[{'product_id': 'P41', 'price': 620}, {'product_id': 'P58', 'price': 427}, {'product_id': 'P57', 'price': 1108}]",2019-01-14 21:05:00
C10,"[{'product_id': 'P52', 'price': 1183}]",2019-01-14 20:17:00
C13,"[{'product_id': 'P03', 'price': 291}]",2019-01-14 22:41:00
C17,"[{'product_id': 'P01', 'price': 1370}]",2019-01-14 17:03:00
C21,"[{'product_id': 'P24', 'price': 1788}, {'product_id': 'P28', 'price': 873}, {'product_id': 'P32', 'price': 1974}]",2019-01-14 16:58:00
C23,"[{'product_id': 'P19', 'price': 84}, {'product_id': 'P16', 'price': 916}]",2019-01-14 04:56:00
C27,"[{'product_id': 'P32', 'price': 254}, {'product_id': 'P28', 'price': 828}]",2019-01-14 06:01:00
C31,"[{'product_id': 'P11', 'price': 1144}, {'product_id': 'P02', 'price': 1135}, {'product_id': 'P08', 'price': 1089}]",2019-01-14 03:17:00
C36,"[{'product_id': 'P63', 'price': 1774}, {'product_id': 'P61', 'price': 472}, {'product_id': 'P61', 'price': 535}]",2019-01-14 16:13:00
C37,"[{'product_id': 'P58', 'price': 220}]",2019-01-14 18:36:00
C40,"[{'product_id': 'P11', 'price': 608}, {'product_id': 'P12', 'price': 306}, {'product_id': 'P10', 'price': 1719}]",2019-01-14 22:53:00
C41,"[{'product_id': 'P50', 'price': 366}, {'product_id': 'P49', 'price': 1618}, {'product_id': 'P57', 'price': 98}]",2019-01-14 03:52:00
C42,"[{'product_id': 'P34', 'price': 237}, {'product_id': 'P34', 'price': 968}, {'product_id': 'P27', 'price': 1417}]",2019-01-14 17:15:00
C44,"[{'product_id': 'P22', 'price': 1623}, {'product_id': 'P28', 'price': 549}]",2019-01-14 06:17:00
C48,"[{'product_id': 'P43', 'price': 1244}, {'product_id': 'P49', 'price': 1578}]",2019-01-14 06:34:00
C49,"[{'product_id': 'P56', 'price': 451}, {'product_id': 'P43', 'price': 927}]",2019-01-14 06:50:00
C55,"[{'product_id': 'P38', 'price': 757}, {'product_id': 'P35', 'price': 1553}, {'product_id': 'P38', 'price': 433}]",2019-01-14 18:41:00
C57,"[{'product_id': 'P62', 'price': 958}, {'product_id': 'P61', 'price': 133}]",2019-01-14 10:45:00
C58,"[{'product_id': 'P32', 'price': 619}]",2019-01-14 11:55:00
C64,"[{'product_id': 'P28', 'price': 1007}]",2019-01-14 23:22:00
C66,"[{'product_id': 'P60', 'price': 451}, {'product_id': 'P42', 'price': 1017}]",2019-01-14 08:12:00
C69,"[{'product_id': 'P11', 'price': 963}, {'product_id': 'P05', 'price': 1391}, {'product_id': 'P12', 'price': 659}]",2019-01-14 15:33:00
C74,"[{'product_id': 'P58', 'price': 236}, {'product_id': 'P45', 'price': 648}]",2019-01-14 22:10:00
C76,"[{'product_id': 'P61', 'price': 238}, {'product_id': 'P64', 'price': 353}]",2019-01-14 05:53:00
C77,"[{'product_id': 'P61', 'price': 1594}, {'product_id': 'P62', 'price': 1341}]",2019-01-14 05:32:00
C81,"[{'product_id': 'P36', 'price': 1244}, {'product_id': 'P38', 'price': 1420}, {'product_id': 'P36', 'price': 1104}]",2019-01-14 17:47:00
C104,"[{'product_id': 'P48', 'price': 782}, {'product_id': 'P53', 'price': 189}, {'product_id': 'P45', 'price': 579}]",2019-01-14 23:02:00
C108,"[{'product_id': 'P29', 'price': 969}]",2019-01-14 10:48:00
