{"customer_id": "C2", "basket": [{"product_id": "P33", "price": 305}, {"product_id": "P24", "price": 1094}, {"product_id": "P25", "price": 1432}], "date_of_purchase": "2019-01-14 18:27:00"}
{"customer_id": "C4", "basket": [{"product_id": "P64", "price": 318}, {"product_id": "P62", "price": 1376}], "date_of_purchase": "2019-01-14 19:48:00"}
{"customer_id": "C8", "basket": [{"product_id": "P41", "price": 620}, {"product_id": "P58", "price": 427}, {"product_id": "P57", "price": 1108}], "date_of_purchase": "2019-01-14 21:05:00"}
{"customer_id": "C10", "basket": [{"product_id": "P52", "price": 1183}], "date_of_purchase": "2019-01-14 20:17:00"}
{"customer_id": "C13", "basket": [{"product_id": "P03", "price": 291}], "date_of_purchase": "2019-01-14 22:41:00"}
{"customer_id": "C17", "basket": [{"product_id": "P01", "price": 1370}], "date_of_purchase": "2019-01-14 17:03:00"}
{"customer_id": "C21", "basket": [{"product_id": "P24", "price": 1788}, {"product_id": "P28", "price": 873}, {"product_id": "P32", "price": 1974}], "date_of_purchase": "2019-01-14 16:58:00"}
{"customer_id": "C23", "basket": [{"product_id": "P19", "price": 84}, {"product_id": "P16", "price": 916}], "date_of_purchase": "2019-01-14 04:56:00"}
{"customer_id": "C27", "basket": [{"product_id": "P32", "price": 254}, {"product_id": "P28", "price": 828}], "date_of_purchase": "2019-01-14 06:01:00"}
{"customer_id": "C31", "basket": [{"product_id": "P11", "price": 1144}, {"product_id": "P02", "price": 1135}, {"product_id": "P08", "price": 1089}], "date_of_purchase": "2019-01-14 03:17:00"}
{"customer_id": "C36", "basket": [{"product_id": "P63", "price": 1774}, {"product_id": "P61", "price": 472}, {"product_id": "P61", "price": 535}], "date_of_purchase": "2019-01-14 16:13:00"}
{"customer_id": "C37", "basket": [{"product_id": "P58", "price": 220}], "date_of_purchase": "2019-01-14 18:36:00"}
{"customer_id": "C40", "basket": [{"product_id": "P11", "price": 608}, {"product_id": "P12", "price": 306}, {"product_id": "P10", "price": 1719}], "date_of_purchase": "2019-01-14 22:53:00"}
{"customer_id": "C41", "basket": [{"product_id": "P50", "price": 366}, {"product_id": "P49", "price": 1618}, {"product_id": "P57", "price": 98}], "date_of_purchase": "2019-01-14 03:52:00"}
{"customer_id": "C42", "basket": [{"product_id": "P34", "price": 237}, {"product_id": "P34", "price": 968}, {"product_id": "P27", "price": 1417}], "date_of_purchase": "2019-01-14 17:15:00"}
{"customer_id": "C44", "basket": [{"product_id": "P22", "price": 1623}, {"product_id": "P28", "price": 549}], "date_of_purchase": "2019-01-14 06:17:00"}
{"customer_id": "C48", "basket": [{"product_id": "P43", "price": 1244}, {"product_id": "P49", "price": 1578}], "date_of_purchase": "2019-01-14 06:34:00"}
{"customer_id": "C49", "basket": [{"product_id": "P56", "price": 451}, {"product_id": "P43", "price": 927}], "date_of_purchase": "2019-01-14 06:50:00"}
{"customer_id": "C55", "basket": [{"product_id": "P38", "price": 757}, {"product_id": "P35", "price": 1553}, {"product_id": "P38", "price": 433}], "date_of_purchase": "2019-01-14 18:41:00"}
{"customer_id": "C57", "basket": [{"product_id": "P62", "price": 958}, {"product_id": "P61", "price": 133}], "date_of_purchase": "2019-01-14 10:45:00"}
{"customer_id": "C58", "basket": [{"product_id": "P32", "price": 619}], "date_of_purchase": "2019-01-14 11:55:00"}
{"customer_id": "C64", "basket": [{"product_id": "P28", "price": 1007}], "date_of_purchase": "2019-01-14 23:22:00"}
{"customer_id": "C66", "basket": [{"product_id": "P60", "price": 451}, {"product_id": "P42", "price": 1017}], "date_of_purchase": "2019-01-14 08:12:00"}
{"customer_id": "C69", "basket": [{"product_id": "P11", "price": 963}, {"product_id": "P05", "price": 1391}, {"product_id": "P12", "price": 659}], "date_of_purchase": "2019-01-14 15:33:00"}
{"customer_id": "C74", "basket": [{"product_id": "P58", "price": 236}, {"product_id": "P45", "price": 648}], "date_of_purchase": "2019-01-14 22:10:00"}
{"customer_id": "C76", "basket": [{"product_id": "P61", "price": 238}, {"product_id": "P64", "price": 353}], "date_of_purchase": "2019-01-14 05:53:00"}
{"customer_id": "C77", "basket": [{"product_id": "P61", "price": 1594}, {"product_id": "P62", "price": 1341}], "date_of_purchase": "2019-01-14 05:32:00"}
{"customer_id": "C81", "basket": [{"product_id": "P36", "price": 1244}, {"product_id": "P38", "price": 1420}, {"product_id": "P36", "price": 1104}], "date_of_purchase": "2019-01-14 17:47:00"}
{"customer_id": "C104", "basket": [{"product_id": "P48", "price": 782}, {"product_id": "P53", "price": 189}, {"product_id": "P45", "price": 579}], "date_of_purchase": "2019-01-14 23:02:00"}
{"customer_id": "C108", "basket": [{"product_id": "P29", "price": 969}], "date_of_purchase": "2019-01-14 10:48:00"}
