{"customer_id": "C11", "basket": [{"product_id": "P35", "price": 1738}], "date_of_purchase": "2019-02-12 13:18:00"}
{"customer_id": "C13", "basket": [{"product_id": "P10", "price": 1628}, {"product_id": "P04", "price": 531}], "date_of_purchase": "2019-02-12 15:47:00"}
{"customer_id": "C15", "basket": [{"product_id": "P36", "price": 855}], "date_of_purchase": "2019-02-12 10:08:00"}
{"customer_id": "C20", "basket": [{"product_id": "P07", "price": 110}, {"product_id": "P09", "price": 1614}, {"product_id": "P04", "price": 1697}], "date_of_purchase": "2019-02-12 18:15:00"}
{"customer_id": "C21", "basket": [{"product_id": "P39", "price": 1214}], "date_of_purchase": "2019-02-12 22:27:00"}
{"customer_id": "C30", "basket": [{"product_id": "P07", "price": 1614}], "date_of_purchase": "2019-02-12 13:31:00"}
{"customer_id": "C31", "basket": [{"product_id": "P23", "price": 1784}], "date_of_purchase": "2019-02-12 22:53:00"}
{"customer_id": "C32", "basket": [{"product_id": "P02", "price": 627}], "date_of_purchase": "2019-02-12 04:15:00"}
{"customer_id": "C44", "basket": [{"product_id": "P47", "price": 677}, {"product_id": "P53", "price": 33}, {"product_id": "P58", "price": 1092}], "date_of_purchase": "2019-02-12 07:54:00"}
{"customer_id": "C48", "basket": [{"product_id": "P50", "price": 1755}], "date_of_purchase": "2019-02-12 02:52:00"}
{"customer_id": "C56", "basket": [{"product_id": "P39", "price": 171}], "date_of_purchase": "2019-02-12 10:07:00"}
{"customer_id": "C62", "basket": [{"product_id": "P32", "price": 792}, {"product_id": "P25", "price": 862}, {"product_id": "P32", "price": 1171}], "date_of_purchase": "2019-02-12 16:07:00"}
{"customer_id": "C65", "basket": [{"product_id": "P64", "price": 1561}], "date_of_purchase": "2019-02-12 14:50:00"}
{"customer_id": "C68", "basket": [{"product_id": "P26", "price": 1242}, {"product_id": "P24", "price": 823}], "date_of_purchase": "2019-02-12 02:56:00"}
{"customer_id": "C71", "basket": [{"product_id": "P61", "price": 28}, {"product_id": "P63", "price": 372}, {"product_id": "P64", "price": 1914}], "date_of_purchase": "2019-02-12 20:21:00"}
{"customer_id": "C72", "basket": [{"product_id": "P56", "price": 516}, {"product_id": "P59", "price": 1103}], "date_of_purchase": "2019-02-12 22:17:00"}
{"customer_id": "C76", "basket": [{"product_id": "P62", "price": 1984}, {"product_id": "P62", "price": 1919}], "date_of_purchase": "2019-02-12 04:20:00"}
{"customer_id": "C80", "basket": [{"product_id": "P39", "price": 317}], "date_of_purchase": "2019-02-12 02:48:00"}
{"customer_id": "C81", "basket": [{"product_id": "P58", "price": 964}, {"product_id": "P57", "price": 241}, {"product_id": "P44", "price": 903}], "date_of_purchase": "2019-02-12 13:43:00"}
{"customer_id": "C83", "basket": [{"product_id": "P36", "price": 429}, {"product_id": "P36", "price": 47}, {"product_id": "P40", "price": 1753}], "date_of_purchase": "2019-02-12 22:36:00"}
{"customer_id": "C90", "basket": [{"product_id": "P46", "price": 655}], "date_of_purchase": "2019-02-12 07:03:00"}
{"customer_id": "C108", "basket": [{"product_id": "P33", "price": 55}], "date_of_purchase": "2019-02-12 20:06:00"}
{"customer_id": "C112", "basket": [{"product_id": "P02", "price": 141}, {"product_id": "P05", "price": 290}], "date_of_purchase": "2019-02-12 18:25:00"}
{"customer_id": "C115", "basket": [{"product_id": "P57", "price": 1673}, {"product_id": "P46", "price": 1006}], "date_of_purchase": "2019-02-12 23:08:00"}
{"customer_id": "C118", "basket": [{"product_id": "P52", "price": 401}], "date_of_purchase": "2019-02-12 04:07:00"}
{"customer_id": "C121", "basket": [{"product_id": "P06", "price": 1740}], "date_of_purchase": "2019-02-12 23:52:00"}
{"customer_id": "C126", "basket": [{"product_id": "P04", "price": 541}], "date_of_purchase": "2019-02-12 07:06:00"}
{"customer_id": "C127", "basket": [{"product_id": "P56", "price": 139}], "date_of_purchase": "2019-02-12 02:56:00"}
{"customer_id": "C133", "basket": [{"product_id": "P56", "price": 623}, {"product_id": "P50", "price": 1435}], "date_of_purchase": "2019-02-12 13:27:00"}
