customer_id,basket,date_of_purchase
C8,"[{'product_id': 'P58', 'price': 276}, {'product_id': 'P41', 'price': 1304}]",2019-01-09 15:49:00
C10,"[{'product_id': 'P62', 'price': 262}]",2019-01-09 16:52:00
C13,"[{'product_id': 'P08', 'price': 1616}]",2019-01-09 23:22:00
C28,"[{'product_id': 'P60', 'price': 1225}, {'product_id': 'P49', 'price': 24}, {'product_id': 'P47', 'price': 457}]",2019-01-09 15:24:00
C29,"[{'product_id': 'P23', 'price': 1423}]",2019-01-09 18:52:00
C33,"[{'product_id': 'P12', 'price': 996}]",2019-01-09 11:43:00
C38,"[{'product_id': 'P55', 'price': 899}, {'product_id': 'P41', 'price': 1891}]",2019-01-09 14:05:00
C50,"[{'product_id': 'P29', 'price': 968}]",2019-01-09 23:15:00
C63,"[{'product_id': 'P35', 'price': 1432}]",2019-01-09 16:57:00
C65,"[{'product_id': 'P57', 'price': 1814}, {'product_id': 'P42', 'price': 705}, {'product_id': 'P43', 'price': 1117}]",2019-01-09 07:11:00
C70,"[{'product_id': 'P35', 'price': 1146}, {'product_id': 'P36', 'price': 1421}, {'product_id': 'P35', 'price': 143}]",2019-01-09 13:13:00
C82,"[{'product_id': 'P22', 'price': 1707}, {'product_id': 'P30', 'price': 712}]",2019-01-09 05:27:00
C89,"[{'product_id': 'P12', 'price': 119}, {'product_id': 'P07', 'price': 99}]",2019-01-09 14:07:00
C95,"[{'product_id': 'P28', 'price': 1400}, {'product_id': 'P30', 'price': 1321}]",2019-01-09 10:44:00
C96,"[{'product_id': 'P37', 'price': 1569}, {'product_id': 'P37', 'price': 334}]",2019-01-09 08:44:00
C101,"[{'product_id': 'P09', 'price': 1595}, {'product_id': 'P05', 'price': 9}, {'product_id': 'P04', 'price': 1857}]",2019-01-09 19:16:00
C105,"[{'product_id': 'P09', 'price': 1033}, {'product_id': 'P03', 'price': 1018}, {'product_id': 'P06', 'price': 1676}]",2019-01-09 22:36:00
C112,"[{'product_id': 'P38', 'price': 1442}, {'product_id': 'P39', 'price': 1589}, {'product_id': 'P35', 'price': 713}]",2019-01-09 11:03:00
C120,"[{'product_id': 'P23', 'price': 1216}, {'product_id': 'P34', 'price': 1340}, {'product_id': 'P23', 'price': 1705}]",2019-01-09 21:28:00
C130,"[{'product_id': 'P10', 'price': 1921}]",2019-01-09 03:44:00
C131,"[{'product_id': 'P52', 'price': 163}, {'product_id': 'P46', 'price': 448}, {'product_id': 'P60', 'price': 646}]",2019-01-09 20:40:00
