customer_id,basket,date_of_purchase
C5,"[{'product_id': 'P28', 'price': 1368}]",2018-12-09 10:57:00
C7,"[{'product_id': 'P34', 'price': 7}, {'product_id': 'P27', 'price': 719}, {'product_id': 'P28', 'price': 92}]",2018-12-09 17:47:00
C13,"[{'product_id': 'P09', 'price': 828}]",2018-12-09 12:35:00
C14,"[{'product_id': 'P54', 'price': 1535}, {'product_id': 'P41', 'price': 1283}, {'product_id': 'P52', 'price': 1189}]",2018-12-09 06:52:00
C27,"[{'product_id': 'P35', 'price': 1829}, {'product_id': 'P38', 'price': 1874}, {'product_id': 'P39', 'price': 1790}]",2018-12-09 20:14:00
C31,"[{'product_id': 'P22', 'price': 715}]",2018-12-09 20:52:00
C33,"[{'product_id': 'P03', 'price': 156}]",2018-12-09 05:10:00
C42,"[{'product_id': 'P27', 'price': 1683}]",2018-12-09 12:21:00
C52,"[{'product_id': 'P09', 'price': 68}, {'product_id': 'P09', 'price': 1266}]",2018-12-09 11:55:00
C57,"[{'product_id': 'P61', 'price': 1029}, {'product_id': 'P62', 'price': 601}, {'product_id': 'P63', 'price': 1646}]",2018-12-09 12:49:00
C65,"[{'product_id': 'P62', 'price': 1584}, {'product_id': 'P63', 'price': 610}]",2018-12-09 22:54:00
C70,"[{'product_id': 'P27', 'price': 1775}, {'product_id': 'P24', 'price': 164}, {'product_id': 'P24', 'price': 1078}]",2018-12-09 08:21:00
C76,"[{'product_id': 'P61', 'price': 138}, {'product_id': 'P63', 'price': 1785}]",2018-12-09 13:59:00
C78,"[{'product_id': 'P37', 'price': 1770}, {'product_id': 'P35', 'price': 882}]",2018-12-09 23:19:00
C82,"[{'product_id': 'P24', 'price': 444}, {'product_id': 'P25', 'price': 1910}]",2018-12-09 21:03:00
C84,"[{'product_id': 'P63', 'price': 809}, {'product_id': 'P64', 'price': 1915}]",2018-12-09 13:47:00
C86,"[{'product_id': 'P31', 'price': 473}, {'product_id': 'P29', 'price': 1815}]",2018-12-09 06:47:00
C93,"[{'product_id': 'P53', 'price': 1211}]",2018-12-09 08:55:00
C94,"[{'product_id': 'P40', 'price': 1683}, {'product_id': 'P39', 'price': 49}]",2018-12-09 03:44:00
C95,"[{'product_id': 'P57', 'price': 783}]",2018-12-09 09:09:00
C98,"[{'product_id': 'P44', 'price': 500}]",2018-12-09 20:20:00
C122,"[{'product_id': 'P34', 'price': 880}]",2018-12-09 06:52:00
C125,"[{'product_id': 'P25', 'price': 740}]",2018-12-09 15:56:00
C126,"[{'product_id': 'P12', 'price': 498}]",2018-12-09 08:07:00
C128,"[{'product_id': 'P39', 'price': 1569}, {'product_id': 'P38', 'price': 1971}, {'product_id': 'P37', 'price': 1383}]",2018-12-09 19:16:00
C129,"[{'product_id': 'P28', 'price': 401}, {'product_id': 'P25', 'price': 885}, {'product_id': 'P27', 'price': 544}]",2018-12-09 11:35:00
