{"customer_id": "C5", "basket": [{"product_id": "P28", "price": 1368}], "date_of_purchase": "2018-12-09 10:57:00"}
{"customer_id": "C7", "basket": [{"product_id": "P34", "price": 7}, {"product_id": "P27", "price": 719}, {"product_id": "P28", "price": 92}], "date_of_purchase": "2018-12-09 17:47:00"}
{"customer_id": "C13", "basket": [{"product_id": "P09", "price": 828}], "date_of_purchase": "2018-12-09 12:35:00"}
{"customer_id": "C14", "basket": [{"product_id": "P54", "price": 1535}, {"product_id": "P41", "price": 1283}, {"product_id": "P52", "price": 1189}], "date_of_purchase": "2018-12-09 06:52:00"}
{"customer_id": "C27", "basket": [{"product_id": "P35", "price": 1829}, {"product_id": "P38", "price": 1874}, {"product_id": "P39", "price": 1790}], "date_of_purchase": "2018-12-09 20:14:00"}
{"customer_id": "C31", "basket": [{"product_id": "P22", "price": 715}], "date_of_purchase": "2018-12-09 20:52:00"}
{"customer_id": "C33", "basket": [{"product_id": "P03", "price": 156}], "date_of_purchase": "2018-12-09 05:10:00"}
{"customer_id": "C42", "basket": [{"product_id": "P27", "price": 1683}], "date_of_purchase": "2018-12-09 12:21:00"}
{"customer_id": "C52", "basket": [{"product_id": "P09", "price": 68}, {"product_id": "P09", "price": 1266}], "date_of_purchase": "2018-12-09 11:55:00"}
{"customer_id": "C57", "basket": [{"product_id": "P61", "price": 1029}, {"product_id": "P62", "price": 601}, {"product_id": "P63", "price": 1646}], "date_of_purchase": "2018-12-09 12:49:00"}
{"customer_id": "C65", "basket": [{"product_id": "P62", "price": 1584}, {"product_id": "P63", "price": 610}], "date_of_purchase": "2018-12-09 22:54:00"}
{"customer_id": "C70", "basket": [{"product_id": "P27", "price": 1775}, {"product_id": "P24", "price": 164}, {"product_id": "P24", "price": 1078}], "date_of_purchase": "2018-12-09 08:21:00"}
{"customer_id": "C76", "basket": [{"product_id": "P61", "price": 138}, {"product_id": "P63", "price": 1785}], "date_of_purchase": "2018-12-09 13:59:00"}
{"customer_id": "C78", "basket": [{"product_id": "P37", "price": 1770}, {"product_id": "P35", "price": 882}], "date_of_purchase": "2018-12-09 23:19:00"}
{"customer_id": "C82", "basket": [{"product_id": "P24", "price": 444}, {"product_id": "P25", "price": 1910}], "date_of_purchase": "2018-12-09 21:03:00"}
{"customer_id": "C84", "basket": [{"product_id": "P63", "price": 809}, {"product_id": "P64", "price": 1915}], "date_of_purchase": "2018-12-09 13:47:00"}
{"customer_id": "C86", "basket": [{"product_id": "P31", "price": 473}, {"product_id": "P29", "price": 1815}], "date_of_purchase": "2018-12-09 06:47:00"}
{"customer_id": "C93", "basket": [{"product_id": "P53", "price": 1211}], "date_of_purchase": "2018-12-09 08:55:00"}
{"customer_id": "C94", "basket": [{"product_id": "P40", "price": 1683}, {"product_id": "P39", "price": 49}], "date_of_purchase": "2018-12-09 03:44:00"}
{"customer_id": "C95", "basket": [{"product_id": "P57", "price": 783}], "date_of_purchase": "2018-12-09 09:09:00"}
{"customer_id": "C98", "basket": [{"product_id": "P44", "price": 500}], "date_of_purchase": "2018-12-09 20:20:00"}
{"customer_id": "C122", "basket": [{"product_id": "P34", "price": 880}], "date_of_purchase": "2018-12-09 06:52:00"}
{"customer_id": "C125", "basket": [{"product_id": "P25", "price": 740}], "date_of_purchase": "2018-12-09 15:56:00"}
{"customer_id": "C126", "basket": [{"product_id": "P12", "price": 498}], "date_of_purchase": "2018-12-09 08:07:00"}
{"customer_id": "C128", "basket": [{"product_id": "P39", "price": 1569}, {"product_id": "P38", "price": 1971}, {"product_id": "P37", "price": 1383}], "date_of_purchase": "2018-12-09 19:16:00"}
{"customer_id": "C129", "basket": [{"product_id": "P28", "price": 401}, {"product_id": "P25", "price": 885}, {"product_id": "P27", "price": 544}], "date_of_purchase": "2018-12-09 11:35:00"}
