{"customer_id": "C2", "basket": [{"product_id": "P28", "price": 1808}], "date_of_purchase": "2018-12-15 18:01:00"}
{"customer_id": "C3", "basket": [{"product_id": "P29", "price": 1554}, {"product_id": "P28", "price": 1204}], "date_of_purchase": "2018-12-15 22:42:00"}
{"customer_id": "C8", "basket": [{"product_id": "P53", "price": 1860}], "date_of_purchase": "2018-12-15 11:42:00"}
{"customer_id": "C24", "basket": [{"product_id": "P36", "price": 996}, {"product_id": "P36", "price": 353}, {"product_id": "P37", "price": 567}], "date_of_purchase": "2018-12-15 23:12:00"}
{"customer_id": "C27", "basket": [{"product_id": "P27", "price": 1913}, {"product_id": "P28", "price": 329}, {"product_id": "P23", "price": 223}], "date_of_purchase": "2018-12-15 18:35:00"}
{"customer_id": "C31", "basket": [{"product_id": "P39", "price": 1196}, {"product_id": "P40", "price": 1868}], "date_of_purchase": "2018-12-15 05:23:00"}
{"customer_id": "C38", "basket": [{"product_id": "P39", "price": 1847}, {"product_id": "P40", "price": 1730}], "date_of_purchase": "2018-12-15 15:05:00"}
{"customer_id": "C41", "basket": [{"product_id": "P09", "price": 175}], "date_of_purchase": "2018-12-15 03:19:00"}
{"customer_id": "C44", "basket": [{"product_id": "P64", "price": 322}, {"product_id": "P62", "price": 1411}], "date_of_purchase": "2018-12-15 12:06:00"}
{"customer_id": "C54", "basket": [{"product_id": "P12", "price": 1344}], "date_of_purchase": "2018-12-15 22:53:00"}
{"customer_id": "C62", "basket": [{"product_id": "P30", "price": 670}, {"product_id": "P32", "price": 212}], "date_of_purchase": "2018-12-15 22:50:00"}
{"customer_id": "C65", "basket": [{"product_id": "P49", "price": 1656}, {"product_id": "P57", "price": 13}, {"product_id": "P53", "price": 1986}], "date_of_purchase": "2018-12-15 03:29:00"}
{"customer_id": "C66", "basket": [{"product_id": "P32", "price": 1274}], "date_of_purchase": "2018-12-15 16:36:00"}
{"customer_id": "C68", "basket": [{"product_id": "P25", "price": 851}], "date_of_purchase": "2018-12-15 05:10:00"}
{"customer_id": "C70", "basket": [{"product_id": "P19", "price": 534}, {"product_id": "P21", "price": 1210}], "date_of_purchase": "2018-12-15 19:26:00"}
{"customer_id": "C71", "basket": [{"product_id": "P62", "price": 1998}, {"product_id": "P62", "price": 287}], "date_of_purchase": "2018-12-15 22:41:00"}
{"customer_id": "C72", "basket": [{"product_id": "P50", "price": 1938}], "date_of_purchase": "2018-12-15 13:55:00"}
{"customer_id": "C74", "basket": [{"product_id": "P64", "price": 187}, {"product_id": "P64", "price": 1748}], "date_of_purchase": "2018-12-15 06:29:00"}
{"customer_id": "C76", "basket": [{"product_id": "P61", "price": 337}], "date_of_purchase": "2018-12-15 07:25:00"}
{"customer_id": "C85", "basket": [{"product_id": "P28", "price": 718}], "date_of_purchase": "2018-12-15 04:47:00"}
{"customer_id": "C91", "basket": [{"product_id": "P44", "price": 366}, {"product_id": "P54", "price": 775}, {"product_id": "P52", "price": 1000}], "date_of_purchase": "2018-12-15 07:52:00"}
{"customer_id": "C104", "basket": [{"product_id": "P16", "price": 1709}, {"product_id": "P16", "price": 867}], "date_of_purchase": "2018-12-15 16:39:00"}
{"customer_id": "C115", "basket": [{"product_id": "P45", "price": 1559}], "date_of_purchase": "2018-12-15 23:11:00"}
{"customer_id": "C121", "basket": [{"product_id": "P09", "price": 1339}], "date_of_purchase": "2018-12-15 19:23:00"}
{"customer_id": "C125", "basket": [{"product_id": "P33", "price": 957}, {"product_id": "P32", "price": 26}, {"product_id": "P28", "price": 1383}], "date_of_purchase": "2018-12-15 15:48:00"}
{"customer_id": "C131", "basket": [{"product_id": "P61", "price": 842}, {"product_id": "P63", "price": 1083}], "date_of_purchase": "2018-12-15 09:55:00"}
{"customer_id": "C135", "basket": [{"product_id": "P36", "price": 296}], "date_of_purchase": "2018-12-15 20:04:00"}
